175.5,62.8,20.4,174.6,65.3,21.4
170.2,61.2,21.1,168.6,53.0,18.7
174.3,61.6,20.3,172.6,56.6,19.0
175.8,79.5,25.7,174.3,76.4,25.2
167.7,61.9,22.0,167.1,61.0,21.8
179.2,84.0,26.2,177.9,86.3,27.3
176.4,74.0,23.8,175.8,73.3,23.7
178.7,72.8,22.8,176.9,67.8,21.7
168.2,58.1,20.5,166.2,52.8,19.1
175.7,91.1,29.5,173.8,85.8,28.4
170.2,61.8,21.3,168.5,61.3,21.6
181.8,74.9,22.7,179.7,83.6,25.9
164.9,68.7,25.3,165.4,65.6,24.0
172.9,91.8,30.7,171.8,92.0,31.2
165.0,62.4,22.9,163.6,60.5,22.6
171.9,54.1,18.3,171.1,53.7,18.3
182.7,80.5,24.1,181.5,78.3,23.8
180.8,52.2,16.0,178.7,57.3,17.9
183.4,96.2,28.6,181.6,97.9,29.7
172.2,51.1,17.2,169.7,52.6,18.3
171.1,54.9,18.8,169.0,53.9,18.9
177.8,79.5,25.1,176.5,78.8,25.3
175.7,60.4,19.6,174.2,58.4,19.2
162.9,55.2,20.8,162.1,58.9,22.4
181.4,67.5,20.5,179.2,63.3,19.7
176.2,53.5,17.2,174.0,58.5,19.3
178.0,82.2,25.9,176.5,77.9,25.0
173.9,64.2,21.2,173.3,59.9,20.0
180.8,85.0,26.0,179.3,87.9,27.3
175.2,54.3,17.7,173.1,58.5,19.5
180.9,77.9,23.8,179.9,75.2,23.2
180.8,82.0,25.1,178.6,80.9,25.4
166.0,68.2,24.7,164.8,69.6,25.6
182.6,101.9,30.6,179.8,102.6,31.7
169.4,61.2,21.3,167.0,58.3,20.9
171.3,78.5,26.8,169.8,78.7,27.3
187.9,80.1,22.7,185.5,74.8,21.7
175.0,58.8,19.2,172.5,57.4,19.3
174.3,63.5,20.9,173.1,67.2,22.4
171.3,70.1,23.9,169.4,70.9,24.7
170.5,65.8,22.6,168.9,62.1,21.8
170.9,54.8,18.8,169.4,54.1,18.9
170.1,64.8,22.4,168.7,69.5,24.4
171.6,74.1,25.2,170.2,76.1,26.3
181.1,90.1,27.5,179.4,81.8,25.4
175.8,70.3,22.7,175.6,65.3,21.2
171.6,57.4,19.5,170.5,62.4,21.5
165.5,67.1,24.5,165.3,72.4,26.5
168.4,57.5,20.3,166.9,60.1,21.6
172.9,59.3,19.8,170.5,59.3,20.4
174.6,52.0,17.1,173.7,58.7,19.5
182.6,90.8,27.2,181.0,91.2,27.9
172.3,74.0,24.9,170.7,68.7,23.6
177.8,57.5,18.2,176.3,61.4,19.8
173.7,73.0,24.2,171.7,77.4,26.3
179.7,56.6,17.5,177.3,57.8,18.4
177.5,69.0,21.9,175.3,59.9,19.5
174.8,73.1,23.9,173.7,72.6,24.0
172.1,60.6,20.5,171.3,58.0,19.8
178.6,86.8,27.2,176.3,85.4,27.5
181.1,90.7,27.7,179.9,94.6,29.2
177.7,87.9,27.8,176.8,91.7,29.3
182.0,57.4,17.3,180.6,60.9,18.7
179.4,59.5,18.5,178.0,63.6,20.1
174.3,98.6,32.5,172.2,95.2,32.1
181.0,83.3,25.4,180.1,80.2,24.7
185.4,69.3,20.2,183.5,68.0,20.2
172.2,54.9,18.5,170.4,57.0,19.6
177.8,82.6,26.1,176.4,78.9,25.3
183.8,76.5,22.6,182.4,78.1,23.5
167.5,73.9,26.3,166.4,76.3,27.6
170.7,59.9,20.6,168.9,57.5,20.2
174.7,66.5,21.8,173.2,71.4,23.8
171.2,71.6,24.4,169.4,68.5,23.9
180.0,69.1,21.3,179.8,67.7,20.9
182.0,71.5,21.6,179.6,70.9,22.0
174.7,53.7,17.6,174.5,59.7,19.6
175.3,65.5,21.3,174.8,68.9,22.5
178.8,94.1,29.4,178.4,91.0,28.6
176.3,83.4,26.8,174.5,90.5,29.7
173.2,56.5,18.8,171.8,56.7,19.2
174.9,70.5,23.0,174.3,68.2,22.4
176.6,86.3,27.7,176.4,90.9,29.2
177.3,60.4,19.2,176.3,62.6,20.1
165.4,71.5,26.1,164.3,72.2,26.8
169.9,54.2,18.8,167.8,57.7,20.5
176.4,59.2,19.0,175.2,55.1,17.9
170.4,72.2,24.9,169.6,74.6,25.9
173.6,57.6,19.1,172.0,54.5,18.4
174.4,59.7,19.6,172.7,56.5,18.9
171.5,69.0,23.5,169.9,64.3,22.3
179.5,58.7,18.2,178.1,61.9,19.5
179.1,66.0,20.6,178.0,69.9,22.1
164.0,68.8,25.6,163.8,72.2,26.9
164.7,71.7,26.4,163.5,70.9,26.5
184.2,73.6,21.7,182.5,73.4,22.0
171.0,94.7,32.4,170.1,88.6,30.6
180.9,74.1,22.6,178.6,71.2,22.3
183.1,81.7,24.4,181.3,80.1,24.4
172.3,61.2,20.6,171.7,56.4,19.1
171.1,70.3,24.0,171.1,69.0,23.6
174.0,62.7,20.7,173.2,61.5,20.5
177.9,67.1,21.2,176.9,66.2,21.2
173.2,55.0,18.3,171.3,51.2,17.5
176.2,76.2,24.5,174.8,72.2,23.6
174.9,57.7,18.9,173.4,58.0,19.3
171.7,62.0,21.0,171.3,67.6,23.1
175.1,70.0,22.8,173.6,70.7,23.5
175.6,76.3,24.7,174.0,79.8,26.4
172.8,56.4,18.9,171.9,59.1,20.0
166.7,58.5,21.1,165.6,55.5,20.2
175.8,63.3,20.5,174.1,67.6,22.3
173.8,78.1,25.9,172.4,76.7,25.8
181.7,76.1,23.1,180.6,76.6,23.5
178.3,83.3,26.2,176.3,85.2,27.4
171.7,58.3,19.8,170.2,55.1,19.0
174.4,72.9,24.0,172.9,73.3,24.5
184.2,88.3,26.0,182.2,94.6,28.5
183.9,69.9,20.7,182.6,70.2,21.1
167.0,52.6,18.9,165.4,50.0,18.3
168.9,53.2,18.6,166.8,61.9,22.3
184.8,80.9,23.7,183.2,74.0,22.1
179.8,77.2,23.9,178.7,77.1,24.1
181.5,64.0,19.4,179.4,60.7,18.9
175.9,51.8,16.7,173.7,57.1,18.9
172.3,84.1,28.3,170.4,77.0,26.5
189.4,71.0,19.8,187.2,74.2,21.2
177.1,67.6,21.6,175.0,66.6,21.7
176.9,70.5,22.5,174.7,74.9,24.5
181.3,79.5,24.2,179.0,82.4,25.7
171.6,60.0,20.4,169.7,58.9,20.4
173.5,59.7,19.8,172.7,62.3,20.9
172.3,66.7,22.5,171.6,72.7,24.7
181.6,70.5,21.4,180.1,70.1,21.6
180.1,70.2,21.6,179.0,69.4,21.7
178.4,70.6,22.2,177.0,73.3,23.4
170.1,63.7,22.0,167.7,63.0,22.4
169.9,78.6,27.2,168.8,77.3,27.1
173.0,65.0,21.7,171.8,58.3,19.7
173.9,63.8,21.1,172.0,61.5,20.8
172.6,85.0,28.5,172.1,91.5,30.9
181.6,106.4,32.3,179.4,102.4,31.8
174.3,52.0,17.1,172.2,57.1,19.2
182.4,97.2,29.2,180.8,100.1,30.6
173.5,68.5,22.8,172.8,66.7,22.3
162.7,68.3,25.8,161.5,62.9,24.1
174.7,91.3,29.9,172.5,95.4,32.1
183.4,81.1,24.1,181.9,84.9,25.7
174.8,61.5,20.1,173.3,61.4,20.4
182.5,64.5,19.4,181.7,70.9,21.5
165.3,83.6,30.6,165.9,86.4,31.4
179.7,79.3,24.6,178.7,75.6,23.7
182.0,62.0,18.7,180.4,59.1,18.2
168.7,72.3,25.4,167.2,76.4,27.3
172.0,84.4,28.5,171.6,87.9,29.9
176.1,58.1,18.7,175.6,60.1,19.5
178.0,69.2,21.8,176.0,70.3,22.7
176.9,63.7,20.4,175.1,68.7,22.4
175.1,81.3,26.5,174.8,87.3,28.6
177.8,87.1,27.6,177.2,82.8,26.4
169.2,79.9,27.9,168.7,85.2,29.9
179.2,75.1,23.4,177.4,73.3,23.3
177.3,62.3,19.8,175.8,67.5,21.8
180.5,64.0,19.6,179.7,62.2,19.3
181.3,65.0,19.8,180.5,65.3,20.0
172.3,76.2,25.7,171.1,77.4,26.4
178.7,66.8,20.9,177.7,69.5,22.0
182.7,106.2,31.8,180.5,95.4,29.3
183.6,75.0,22.2,183.0,72.5,21.7
179.1,100.6,31.4,177.3,96.1,30.6
171.2,65.8,22.5,170.2,64.1,22.1
171.0,54.5,18.6,169.7,58.5,20.3
173.5,81.3,27.0,172.6,73.8,24.8
173.9,72.6,24.0,173.2,75.2,25.1
167.5,90.5,32.3,166.5,90.6,32.7
176.7,77.8,24.9,174.9,72.6,23.7
178.8,93.9,29.4,177.5,95.3,30.2
188.9,81.9,23.0,186.0,77.1,22.3
176.7,82.2,26.3,174.9,84.7,27.7
167.0,49.7,17.8,165.8,55.2,20.1
178.8,64.8,20.3,177.5,64.5,20.5
169.6,66.1,23.0,169.0,72.2,25.3
172.0,76.0,25.7,170.1,70.6,24.4
188.9,81.5,22.8,186.6,67.2,19.3
176.9,62.6,20.0,175.9,70.5,22.8
167.1,75.9,27.2,167.4,66.6,23.8
172.2,104.8,35.3,171.1,99.5,34.0
171.7,73.8,25.0,171.5,77.6,26.4
181.6,85.0,25.8,180.2,95.3,29.3
183.0,103.2,30.8,181.7,98.0,29.7
186.6,74.9,21.5,184.7,80.5,23.6
168.0,48.2,17.1,165.5,50.2,18.3
176.7,69.1,22.1,174.5,69.0,22.7
176.0,79.0,25.5,173.9,85.2,28.2
171.6,51.7,17.6,169.7,50.3,17.5
175.2,85.3,27.8,173.9,76.3,25.2
174.9,58.1,19.0,172.7,61.6,20.6
164.3,60.4,22.4,163.1,61.0,22.9
187.2,83.5,23.8,184.7,81.5,23.9
180.1,90.4,27.9,179.4,89.2,27.7
177.7,75.7,24.0,176.1,76.7,24.7
169.5,59.8,20.8,168.0,61.6,21.8
169.6,62.1,21.6,169.1,60.3,21.1
181.9,84.4,25.5,179.4,84.7,26.3
171.1,68.3,23.3,169.8,67.8,23.5
164.9,68.2,25.1,165.2,75.0,27.5
170.7,58.1,19.9,168.6,57.0,20.0
181.3,87.6,26.7,180.1,90.2,27.8
174.0,71.2,23.5,172.9,74.1,24.8
170.5,67.5,23.2,169.2,64.3,22.4
174.9,73.0,23.9,172.4,70.0,23.6
170.8,87.9,30.1,169.5,88.5,30.8
177.4,81.6,25.9,175.5,84.3,27.4
184.1,99.9,29.5,181.5,100.3,30.5
174.6,77.4,25.4,172.3,80.6,27.1
182.5,120.1,36.1,180.5,116.4,35.7
174.5,63.0,20.7,172.4,62.6,21.1
164.8,57.6,21.2,164.7,59.5,22.0
172.8,86.3,28.9,171.1,83.3,28.5
183.4,65.3,19.4,182.1,66.5,20.0
180.6,60.7,18.6,178.6,61.6,19.3
184.5,62.1,18.2,182.7,62.3,18.7
173.3,90.4,30.1,172.3,86.1,29.0
174.9,78.5,25.7,174.0,74.9,24.7
172.1,71.7,24.2,169.8,75.2,26.1
180.2,77.2,23.8,177.9,77.6,24.5
176.9,73.0,23.3,176.1,74.5,24.0
177.6,93.5,29.6,175.9,96.8,31.3
174.6,67.8,22.2,172.4,61.8,20.8
181.6,73.7,22.3,180.8,75.6,23.1
165.7,61.3,22.3,163.5,57.8,21.6
176.1,77.2,24.9,175.4,77.8,25.3
173.2,60.9,20.3,170.8,56.2,19.3
174.4,64.7,21.3,173.5,59.0,19.6
167.9,54.7,19.4,166.3,58.6,21.2
181.6,73.2,22.2,180.0,73.0,22.5
177.7,89.8,28.4,176.5,93.8,30.1
174.1,64.9,21.4,172.3,62.4,21.0
170.6,60.0,20.6,169.4,60.4,21.0
176.1,67.1,21.6,174.5,68.3,22.4
163.2,69.0,25.9,161.7,68.5,26.2
170.8,61.0,20.9,168.7,59.3,20.8
167.1,59.0,21.1,165.2,61.1,22.4
164.4,57.2,21.2,162.5,54.4,20.6
177.2,58.1,18.5,176.6,56.6,18.2
172.1,59.5,20.1,170.9,56.0,19.2
164.7,62.0,22.9,163.0,63.0,23.7
170.7,67.1,23.0,169.2,72.4,25.3
185.4,87.3,25.4,182.4,86.4,26.0
166.8,80.2,28.8,166.0,83.4,30.3
169.3,67.0,23.4,168.3,70.5,24.9
177.8,57.8,18.3,175.1,60.3,19.7
164.2,52.9,19.6,162.2,60.8,23.1
176.4,95.4,30.7,174.8,99.9,32.7
186.1,118.9,34.3,183.1,118.2,35.2
183.3,78.8,23.5,181.1,80.1,24.4
167.4,58.8,21.0,166.6,55.4,19.9
184.8,81.4,23.8,183.3,79.3,23.6
169.5,54.9,19.1,168.4,53.9,19.0
174.0,116.5,38.5,174.4,116.4,38.3
182.4,88.8,26.7,180.7,86.3,26.4
177.6,88.8,28.2,175.7,84.5,27.4
169.0,64.7,22.7,168.5,64.9,22.9
168.4,53.7,18.9,166.7,58.4,21.0
166.8,50.2,18.0,164.1,48.4,18.0
179.5,89.8,27.9,178.5,88.8,27.9
181.0,84.6,25.8,179.1,84.5,26.3
173.2,84.0,28.0,172.0,79.6,26.9
181.1,95.8,29.2,179.1,97.3,30.4
179.5,70.0,21.7,177.9,66.7,21.1
168.5,70.6,24.9,167.1,70.4,25.2
185.7,101.0,29.3,182.4,104.3,31.4
176.6,71.1,22.8,175.0,77.8,25.4
170.4,77.5,26.7,169.9,82.0,28.4
174.2,97.8,32.2,172.8,94.6,31.7
187.4,82.9,23.6,185.4,83.5,24.3
176.7,79.4,25.4,176.1,76.3,24.6
176.5,91.1,29.2,174.9,87.2,28.5
171.8,85.4,28.9,170.7,83.9,28.8
172.2,73.7,24.9,171.8,76.0,25.7
177.4,60.4,19.2,177.0,57.4,18.3
168.8,70.1,24.6,168.3,67.7,23.9
170.0,75.8,26.2,169.4,73.3,25.6
170.4,48.7,16.8,168.6,49.7,17.5
177.7,76.6,24.3,175.7,66.0,21.4
171.1,68.7,23.5,169.6,60.1,20.9
175.0,92.7,30.3,173.8,92.7,30.7
162.5,49.2,18.6,160.5,48.8,18.9
172.0,61.1,20.7,170.3,60.7,20.9
174.4,59.0,19.4,172.4,60.8,20.5
176.6,85.2,27.3,175.6,93.0,30.2
183.2,101.0,30.1,181.5,107.0,32.5
173.2,54.8,18.3,170.9,49.9,17.1
174.5,92.7,30.4,172.8,93.4,31.3
180.7,57.3,17.5,178.5,61.4,19.3
180.4,66.1,20.3,179.5,70.9,22.0
179.6,71.3,22.1,178.3,67.5,21.2
166.6,63.1,22.7,165.6,59.7,21.8
171.8,59.8,20.3,170.5,60.6,20.9
179.6,73.8,22.9,178.0,80.5,25.4
184.0,80.2,23.7,181.4,78.7,23.9
174.8,62.2,20.4,174.1,61.4,20.2
180.4,79.9,24.6,178.3,77.2,24.3
176.8,60.8,19.5,175.2,59.7,19.4
175.2,61.2,19.9,173.0,58.2,19.4
176.6,62.7,20.1,174.3,66.5,21.9
195.2,112.0,29.4,191.7,113.7,30.9
179.1,77.0,24.0,176.7,72.9,23.4
169.4,54.7,19.1,168.7,55.1,19.4
182.2,75.7,22.8,180.8,73.6,22.5
173.6,67.5,22.4,173.4,70.6,23.5
162.3,47.5,18.0,159.6,51.0,20.0
185.1,95.8,28.0,183.5,92.5,27.5
167.0,76.2,27.3,165.5,77.9,28.4
179.3,58.8,18.3,177.9,62.6,19.8
172.5,64.3,21.6,170.2,60.9,21.0
176.8,69.4,22.2,174.5,68.0,22.4
168.6,71.6,25.2,168.7,75.7,26.6
177.0,102.0,32.6,175.4,98.1,31.9
176.0,90.5,29.2,174.8,90.1,29.5
168.0,69.8,24.7,166.6,70.1,25.2
166.0,78.8,28.6,165.7,82.9,30.2
168.8,56.5,19.8,167.7,65.6,23.3
178.5,59.6,18.7,176.1,56.0,18.0
171.9,79.9,27.0,170.1,82.0,28.3
174.4,88.1,29.0,172.2,85.2,28.7
171.0,58.2,19.9,169.9,58.5,20.3
175.1,85.7,28.0,174.4,87.0,28.6
184.1,66.4,19.6,181.6,65.4,19.8
178.1,85.3,26.9,177.2,90.6,28.9
169.2,51.5,18.0,167.2,52.9,18.9
178.4,58.4,18.3,177.0,57.7,18.4
175.4,71.8,23.3,173.0,63.8,21.3
172.7,66.2,22.2,172.2,71.7,24.2
172.3,67.5,22.7,171.9,64.6,21.9
178.6,70.1,22.0,176.4,68.3,22.0
184.5,85.4,25.1,183.5,85.8,25.5
177.2,64.6,20.6,175.7,61.9,20.0
174.8,67.6,22.1,172.6,63.4,21.3
169.2,60.5,21.1,168.0,57.3,20.3
171.7,87.5,29.7,170.9,89.0,30.5
180.6,101.0,31.0,178.8,100.1,31.3
175.2,74.5,24.3,174.2,75.1,24.8
182.0,67.9,20.5,180.8,69.5,21.3
170.9,72.2,24.7,170.5,68.8,23.7
172.8,74.0,24.8,172.7,78.2,26.2
169.1,52.5,18.4,167.0,48.5,17.4
174.9,66.5,21.7,173.1,59.9,20.0
176.3,69.8,22.5,175.4,69.6,22.6
174.5,68.2,22.4,172.8,71.3,23.9
187.2,112.5,32.1,184.0,116.0,34.3
182.8,73.4,22.0,182.0,67.0,20.2
182.2,77.3,23.3,180.8,80.7,24.7
166.5,61.9,22.3,165.9,65.1,23.7
169.1,68.3,23.9,168.0,69.7,24.7
167.5,50.8,18.1,165.2,54.4,19.9
176.7,79.3,25.4,174.6,71.8,23.5
170.8,76.5,26.2,169.2,76.5,26.7
178.1,80.6,25.4,177.3,77.7,24.7
176.2,59.8,19.3,174.0,59.0,19.5
184.9,80.0,23.4,183.5,82.4,24.5
173.4,60.6,20.2,172.7,61.4,20.6
182.7,93.6,28.0,181.6,96.1,29.1
175.2,73.5,23.9,173.5,73.2,24.3
184.9,77.1,22.6,183.0,80.2,23.9
178.5,66.7,20.9,177.4,63.8,20.3
167.9,60.0,21.3,167.7,91.3,32.5
174.3,84.9,27.9,172.5,80.1,26.9
186.0,73.0,21.1,183.7,76.8,22.7
167.3,63.3,22.6,165.9,60.0,21.8
185.8,70.1,20.3,184.4,62.7,18.4
176.6,61.9,19.8,174.5,56.8,18.7
182.0,77.7,23.5,180.0,70.7,21.8
175.9,58.3,18.8,174.7,57.8,18.9
173.2,63.5,21.2,171.0,62.3,21.3
177.7,57.8,18.3,176.5,58.6,18.8
170.8,60.2,20.6,169.0,53.6,18.8
169.9,60.2,20.9,168.9,58.9,20.6
171.0,69.6,23.8,169.2,72.8,25.4
164.3,50.1,18.6,163.2,50.6,19.0
173.8,87.6,29.0,172.2,87.3,29.5
172.0,67.9,23.0,170.8,70.2,24.1
178.8,80.3,25.1,176.9,74.2,23.7
170.2,80.6,27.8,169.8,84.4,29.3
173.2,77.3,25.8,172.0,79.2,26.8
179.2,65.7,20.5,178.4,67.9,21.3
176.3,82.7,26.6,175.7,84.0,27.2
177.7,61.1,19.3,175.4,59.0,19.2
169.4,59.2,20.6,167.2,57.6,20.6
172.1,85.1,28.7,170.7,96.3,33.1
177.2,70.9,22.6,174.9,70.0,22.9
182.8,116.9,35.0,181.1,110.3,33.6
174.7,67.3,22.1,173.8,70.2,23.2
179.4,99.2,30.8,177.6,102.3,32.4
177.0,103.6,33.1,175.2,102.7,33.5
176.4,72.6,23.3,174.3,64.9,21.4
165.1,79.2,29.1,165.0,82.1,30.2
172.5,65.8,22.1,171.6,66.9,22.7
172.9,68.1,22.8,172.2,66.5,22.4
169.5,60.8,21.2,167.5,57.6,20.5
173.8,69.9,23.1,172.9,62.7,21.0
181.2,76.9,23.4,179.3,77.4,24.1
167.1,68.0,24.4,167.3,71.3,25.5
172.0,69.2,23.4,171.1,68.9,23.5
181.5,88.2,26.8,180.9,96.7,29.5
181.4,62.0,18.8,179.6,62.7,19.4
179.7,80.7,25.0,178.2,81.6,25.7
179.2,65.5,20.4,178.2,72.3,22.8
176.7,70.6,22.6,175.5,63.7,20.7
169.6,52.9,18.4,166.9,51.8,18.6
187.2,74.5,21.3,184.8,80.2,23.5
173.6,114.1,37.9,173.6,110.0,36.5
173.4,72.1,24.0,171.8,64.5,21.9
168.0,61.8,21.9,167.9,70.0,24.8
168.1,95.4,33.8,166.5,96.4,34.7
179.0,122.1,38.1,176.7,113.5,36.4
175.6,59.8,19.4,174.1,64.4,21.2
183.5,66.5,19.7,181.3,66.1,20.1
172.3,67.5,22.7,170.5,69.7,24.0
182.0,57.9,17.5,180.1,55.7,17.2
174.6,61.4,20.1,172.4,62.8,21.1
172.0,69.1,23.4,171.5,72.5,24.6
173.1,86.0,28.7,171.5,85.3,29.0
176.4,73.2,23.5,174.4,65.4,21.5
177.9,70.7,22.3,176.5,64.8,20.8
170.8,71.1,24.4,169.8,70.6,24.5
169.0,65.3,22.9,168.1,64.7,22.9
179.6,74.2,23.0,177.6,73.2,23.2
171.9,73.9,25.0,170.8,73.9,25.3
174.8,63.0,20.6,173.5,57.3,19.0
175.6,61.2,19.8,175.1,65.9,21.5
166.9,66.6,23.9,166.1,58.4,21.2
169.6,69.1,24.0,168.1,71.7,25.4
166.2,55.7,20.2,165.2,56.8,20.8
176.2,62.4,20.1,175.3,62.1,20.2
173.1,69.9,23.3,171.2,65.7,22.4
173.9,55.9,18.5,172.0,58.5,19.8
173.5,61.7,20.5,171.8,68.6,23.3
177.4,52.8,16.8,174.9,58.7,19.2
173.8,69.0,22.8,172.0,67.5,22.8
167.6,57.8,20.6,166.0,58.6,21.2
169.7,79.3,27.5,169.7,82.0,28.5
169.2,70.8,24.7,168.1,68.5,24.2
164.0,66.1,24.6,163.9,67.5,25.1
168.2,54.3,19.2,166.4,49.9,18.0
168.9,71.5,25.1,168.9,74.3,26.1
173.0,64.5,21.6,171.7,63.2,21.5
176.7,77.0,24.7,175.2,80.4,26.2
162.1,66.9,25.5,161.5,65.4,25.1
170.9,60.3,20.6,168.6,58.6,20.6
170.2,63.9,22.1,168.5,63.3,22.3
172.3,75.6,25.5,172.3,70.8,23.9
180.9,82.2,25.1,178.9,88.4,27.6
165.1,66.0,24.2,164.7,75.3,27.8
171.0,52.3,17.9,168.3,52.0,18.4
176.5,53.5,17.2,174.7,55.9,18.3
175.0,64.9,21.2,174.7,62.8,20.6
175.4,64.9,21.1,173.4,62.6,20.8
171.0,82.4,28.2,170.3,82.7,28.5
179.4,75.1,23.3,178.0,70.8,22.4
181.6,72.5,22.0,179.8,70.1,21.7
173.5,71.8,23.9,173.5,71.1,23.6
174.2,63.8,21.0,173.4,67.6,22.5
176.9,75.9,24.3,175.9,79.5,25.7
169.4,66.0,23.0,169.3,69.0,24.1
187.5,105.9,30.1,183.9,103.7,30.7
169.8,54.7,19.0,168.3,56.2,19.8
173.0,73.5,24.6,172.4,74.1,24.9
177.5,75.7,24.0,175.5,71.1,23.1
174.9,77.5,25.3,174.2,79.7,26.3
176.2,70.6,22.7,175.5,70.6,22.9
172.9,66.1,22.1,171.6,67.4,22.9
165.9,59.1,21.5,164.4,55.8,20.6
181.6,81.9,24.8,181.1,76.0,23.2
171.0,56.4,19.3,168.6,52.4,18.5
179.3,58.3,18.1,178.7,60.3,18.9
166.3,58.9,21.3,165.9,61.5,22.4
174.7,78.6,25.8,173.3,83.5,27.8
181.7,102.3,31.0,179.7,99.9,31.0
173.5,71.1,23.6,172.8,71.6,24.0
172.6,83.4,28.0,171.9,90.1,30.5
171.7,63.3,21.5,170.9,73.2,25.1
165.9,74.2,27.0,165.7,68.4,24.9
168.5,49.4,17.4,166.2,54.4,19.7
163.6,66.6,24.9,162.8,71.4,26.9
185.5,79.3,23.0,182.9,77.9,23.3
179.7,79.1,24.5,178.1,82.2,25.9
166.6,67.0,24.1,166.4,65.8,23.8
173.6,72.4,24.0,171.9,70.7,23.9
177.2,55.0,17.5,176.2,62.7,20.2
177.4,78.6,25.0,176.8,78.7,25.2
179.0,88.3,27.6,177.2,82.4,26.2
173.5,69.7,23.2,171.7,67.2,22.8
178.7,65.2,20.4,177.7,65.8,20.8
176.3,85.0,27.3,175.1,81.9,26.7
166.9,62.5,22.4,166.3,61.7,22.3
184.3,67.2,19.8,182.5,65.0,19.5
167.5,64.7,23.1,167.4,66.7,23.8
169.8,73.7,25.6,168.5,79.1,27.9
172.7,74.2,24.9,171.0,73.7,25.2
170.3,74.1,25.5,169.5,72.4,25.2
173.8,73.8,24.4,172.6,72.0,24.2
174.3,58.4,19.2,172.9,56.0,18.7
170.8,86.1,29.5,169.4,82.3,28.7
170.4,69.4,23.9,169.3,65.8,23.0
180.3,63.9,19.7,178.0,63.7,20.1
170.2,93.4,32.2,169.4,92.2,32.1
169.6,63.5,22.1,169.0,59.4,20.8
169.4,65.1,22.7,168.5,55.4,19.5
179.4,57.1,17.7,177.1,53.5,17.1
173.4,65.1,21.7,172.2,69.6,23.5
182.4,50.5,15.2,179.7,53.0,16.4
175.9,71.3,23.0,174.6,70.9,23.3
170.8,68.0,23.3,169.1,70.6,24.7
159.7,82.7,32.4,161.7,83.8,32.0
171.9,61.7,20.9,171.5,64.1,21.8
174.0,62.0,20.5,173.0,60.9,20.3
176.3,74.1,23.8,175.4,73.7,24.0
177.2,66.6,21.2,176.2,62.6,20.1
180.0,56.9,17.6,179.3,61.4,19.1
165.0,49.0,18.0,162.7,52.6,19.9
177.7,60.7,19.2,176.0,57.8,18.7
181.9,91.9,27.8,179.7,89.6,27.7
171.0,75.3,25.8,170.1,72.0,24.9
175.2,63.1,20.6,174.0,62.4,20.6
175.1,62.4,20.4,173.2,61.6,20.5
176.3,69.0,22.2,175.6,74.2,24.1
180.8,78.8,24.1,178.8,78.4,24.5
171.2,57.4,19.6,169.8,52.6,18.2
173.1,60.0,20.0,171.7,56.7,19.2
169.5,64.3,22.4,168.2,68.9,24.3
173.0,72.3,24.2,172.5,74.3,25.0
179.9,70.8,21.9,179.0,72.4,22.6
173.2,84.6,28.2,170.8,80.6,27.6
174.1,60.9,20.1,172.8,59.0,19.7
177.3,66.7,21.2,175.9,59.0,19.1
174.0,58.3,19.3,172.9,60.5,20.2
175.7,81.9,26.5,174.1,79.4,26.2
172.8,57.6,19.3,172.4,60.9,20.5
173.2,80.9,27.0,171.5,94.5,32.1
179.2,92.3,28.7,177.4,100.2,31.8
178.7,96.5,30.2,176.6,94.6,30.3
181.1,63.8,19.5,179.9,61.3,18.9
173.5,88.4,29.4,171.4,85.0,28.9
174.2,53.7,17.7,172.7,57.0,19.1
172.8,75.1,25.2,172.7,69.5,23.3
176.2,79.6,25.6,174.0,81.7,27.0
174.4,75.3,24.8,173.8,72.9,24.1
175.8,67.2,21.7,174.8,64.5,21.1
180.1,97.6,30.1,178.0,97.3,30.7
170.3,62.9,21.7,169.1,59.4,20.8
184.6,84.2,24.7,181.9,81.9,24.8
168.4,63.0,22.2,166.9,59.7,21.4
174.2,76.9,25.3,173.0,75.3,25.2
164.2,52.5,19.5,162.5,54.9,20.8
170.5,74.0,25.5,169.5,74.0,25.7
179.6,75.0,23.3,178.3,90.3,28.4
171.2,60.6,20.7,170.5,61.6,21.2
183.8,72.0,21.3,182.4,66.0,19.8
176.3,78.9,25.4,174.9,74.5,24.3
174.9,57.5,18.8,172.9,53.0,17.7
179.0,81.4,25.4,177.1,76.4,24.4
179.4,65.8,20.4,178.8,62.2,19.4
170.6,51.9,17.8,169.2,53.6,18.7
169.3,77.5,27.0,170.2,84.1,29.0
176.7,89.7,28.7,174.6,83.7,27.5
174.7,88.1,28.9,173.8,87.4,28.9
169.8,63.7,22.1,168.2,59.0,20.8
170.1,59.0,20.4,169.2,64.7,22.6
178.3,81.8,25.7,177.2,87.6,27.9
172.1,96.3,32.5,170.1,99.4,34.4
174.9,61.1,20.0,172.9,65.0,21.8
178.8,66.8,20.9,177.8,62.4,19.7
165.9,94.9,34.5,165.6,94.0,34.3
184.1,80.0,23.6,182.9,78.4,23.4
180.4,67.0,20.6,179.4,62.6,19.5
174.4,61.6,20.3,173.1,57.1,19.1
175.4,100.5,32.7,173.9,107.4,35.5
178.8,62.4,19.5,178.1,64.1,20.2
183.7,66.8,19.8,181.8,67.9,20.5
176.3,95.5,30.7,175.3,97.6,31.8
172.6,65.2,21.9,170.9,64.8,22.2
180.5,74.1,22.7,179.9,68.0,21.0
169.9,59.4,20.6,168.6,57.7,20.3
185.0,65.8,19.2,183.1,66.6,19.9
175.7,95.5,30.9,173.1,95.1,31.7
172.2,49.5,16.7,169.5,49.4,17.2
171.9,59.7,20.2,171.2,60.7,20.7
178.2,70.0,22.0,175.4,59.8,19.4
170.5,72.1,24.8,169.4,76.4,26.6
175.7,81.0,26.2,174.1,84.9,28.0
172.5,62.9,21.1,171.6,63.6,21.6
175.2,72.9,23.7,173.7,72.7,24.1
175.2,73.0,23.8,173.5,78.4,26.0
179.2,79.5,24.8,177.8,78.1,24.7
164.2,52.0,19.3,163.9,53.7,20.0
173.1,74.8,25.0,171.3,78.3,26.7
177.9,70.9,22.4,176.9,71.1,22.7
177.8,80.8,25.6,176.2,73.5,23.7
175.3,69.7,22.7,174.8,66.0,21.6
187.6,75.9,21.6,185.9,81.2,23.5
177.6,98.9,31.4,175.9,99.4,32.1
172.2,51.0,17.2,169.5,52.6,18.3
181.3,64.8,19.7,180.2,62.0,19.1
165.4,62.5,22.8,165.5,64.4,23.5
178.1,73.7,23.2,176.3,74.6,24.0
171.5,67.7,23.0,170.0,64.4,22.3
177.7,75.0,23.8,176.6,74.1,23.8
182.2,58.6,17.7,181.3,58.8,17.9
175.7,53.2,17.2,173.0,51.9,17.3
186.5,77.7,22.3,184.4,77.1,22.7
169.5,61.5,21.4,168.2,63.1,22.3
168.1,72.3,25.6,167.0,72.3,25.9
172.9,47.6,15.9,170.4,53.6,18.5
180.2,85.6,26.4,178.9,86.8,27.1
179.6,104.5,32.4,177.9,99.9,31.6
172.3,78.6,26.5,170.7,77.3,26.5
177.2,58.0,18.5,175.8,60.4,19.5
174.8,66.5,21.8,173.5,70.3,23.3
179.5,81.0,25.1,178.0,78.2,24.7
175.0,58.0,18.9,174.0,61.3,20.2
173.1,83.3,27.8,170.6,78.9,27.1
173.0,78.7,26.3,170.8,78.7,27.0
173.4,69.8,23.2,172.4,72.8,24.5
180.8,87.2,26.7,179.3,74.7,23.2
170.5,64.7,22.3,167.5,59.2,21.1
170.9,85.5,29.3,170.0,87.5,30.3
180.7,66.9,20.5,179.9,73.7,22.8
182.6,71.1,21.3,180.8,72.5,22.2
168.5,74.6,26.3,168.5,70.9,25.0
175.1,71.4,23.3,173.3,67.8,22.6
182.2,71.5,21.5,181.3,70.6,21.5
183.6,95.6,28.4,181.8,92.8,28.1
170.9,55.5,19.0,168.8,56.8,19.9
175.4,87.4,28.4,174.7,87.4,28.6
177.7,101.7,32.2,175.1,100.5,32.8
175.3,77.7,25.3,173.8,75.3,24.9
168.1,52.8,18.7,167.6,55.8,19.9
181.5,98.0,29.7,179.9,107.8,33.3
178.4,57.3,18.0,177.4,57.2,18.2
172.8,64.0,21.4,172.2,72.7,24.5
181.6,70.6,21.4,180.0,67.7,20.9
166.8,60.1,21.6,165.4,52.2,19.1
175.4,81.0,26.3,174.7,72.7,23.8
175.1,76.1,24.8,173.8,81.0,26.8
173.0,83.6,27.9,171.4,91.3,31.1
173.3,58.2,19.4,172.0,62.4,21.1
172.6,63.0,21.1,170.4,59.3,20.4
174.7,66.8,21.9,173.5,69.0,22.9
172.9,54.3,18.2,171.7,58.9,20.0
178.1,72.8,23.0,175.9,64.3,20.8
184.0,67.3,19.9,182.2,59.6,18.0
181.9,63.9,19.3,179.3,60.7,18.9
169.9,72.9,25.3,168.9,66.9,23.5
173.5,77.6,25.8,172.3,78.5,26.5
171.8,62.0,21.0,170.8,66.2,22.7
167.3,59.2,21.2,165.5,58.9,21.5
181.2,90.1,27.4,179.8,93.6,28.9
167.4,55.9,19.9,166.2,58.4,21.1
180.2,70.2,21.6,179.0,69.2,21.6
168.5,60.7,21.4,168.2,64.4,22.8
176.8,94.8,30.3,175.7,85.9,27.8
174.3,69.2,22.8,172.3,67.2,22.6
185.5,85.3,24.8,182.8,90.2,27.0
174.6,80.8,26.5,172.3,73.8,24.8
175.8,91.0,29.4,174.4,98.8,32.5
180.5,81.2,24.9,178.2,81.9,25.8
175.7,95.8,31.0,173.0,93.4,31.2
173.7,92.8,30.8,172.5,97.6,32.8
170.3,55.9,19.3,168.5,54.8,19.3
175.5,89.7,29.1,173.5,89.7,29.8
173.4,67.0,22.3,172.6,67.2,22.6
170.6,62.5,21.5,169.0,71.1,24.9
166.4,66.4,24.0,166.0,61.5,22.3
169.1,70.7,24.7,168.8,68.3,24.0
168.0,87.8,31.1,167.5,91.5,32.6
182.6,94.1,28.2,180.4,93.8,28.8
168.4,74.1,26.1,167.8,69.9,24.8
162.1,62.3,23.7,160.7,64.3,24.9
178.8,59.9,18.7,177.1,60.6,19.3
182.2,69.6,21.0,180.9,70.5,21.6
177.6,82.2,26.1,176.8,83.8,26.8
166.8,59.0,21.2,166.5,55.5,20.0
169.4,49.8,17.4,166.9,53.4,19.2
176.7,74.2,23.8,175.7,71.2,23.1
172.9,57.0,19.1,170.9,52.8,18.1
179.7,69.8,21.6,179.2,70.1,21.8
177.6,68.9,21.8,175.6,73.3,23.8
176.2,97.7,31.5,174.6,92.4,30.3
161.9,77.3,29.5,161.3,79.6,30.6
171.9,74.4,25.2,170.5,81.8,28.1
167.6,59.5,21.2,165.7,59.2,21.6
170.7,69.5,23.9,170.9,70.6,24.2
179.5,66.4,20.6,178.1,64.6,20.4
177.5,80.4,25.5,176.3,71.4,23.0
176.8,102.9,32.9,175.6,99.2,32.1
176.0,70.3,22.7,175.5,71.0,23.0
171.9,93.3,31.6,171.2,88.2,30.1
170.7,70.3,24.1,168.6,61.6,21.7
170.6,56.2,19.3,169.2,52.9,18.5
173.8,59.9,19.8,172.5,57.7,19.4
174.3,80.8,26.6,173.0,77.5,25.9
176.2,81.8,26.3,174.4,76.6,25.2
164.6,72.4,26.7,164.5,72.3,26.7
177.9,85.9,27.1,176.8,76.6,24.5
170.0,79.9,27.6,170.3,84.3,29.1
168.7,54.5,19.1,167.0,56.0,20.1
167.4,59.2,21.1,166.2,67.1,24.3
168.9,69.2,24.3,168.1,70.1,24.8
176.7,84.6,27.1,176.2,85.1,27.4
173.2,70.5,23.5,172.1,71.4,24.1
172.8,53.5,17.9,172.1,56.5,19.1
188.4,64.2,18.1,186.8,63.6,18.2
169.8,68.7,23.8,169.0,72.4,25.4
181.7,98.3,29.8,180.1,92.2,28.4
172.6,65.8,22.1,172.0,68.3,23.1
169.2,59.6,20.8,167.9,53.5,19.0
172.0,60.0,20.3,170.1,64.6,22.3
180.4,68.7,21.1,179.0,66.5,20.7
175.6,61.0,19.8,174.2,62.7,20.7
174.8,53.3,17.4,171.7,53.9,18.3
171.6,80.0,27.2,169.9,77.4,26.8
172.1,81.2,27.4,171.2,79.6,27.2
179.3,60.5,18.8,177.0,62.4,19.9
170.8,66.9,22.9,169.3,66.8,23.3
176.4,68.6,22.0,174.7,70.3,23.0
171.8,91.0,30.8,170.3,88.6,30.6
173.2,78.2,26.1,171.7,80.0,27.1
180.9,60.7,18.5,179.0,63.1,19.7
173.8,92.0,30.5,172.9,95.7,32.0
175.6,120.5,39.1,174.3,112.2,36.9
172.3,66.8,22.5,171.1,62.9,21.5
168.6,66.1,23.3,168.0,64.3,22.8
167.7,79.0,28.1,166.6,81.5,29.4
181.0,88.5,27.0,179.9,90.8,28.1
176.0,64.0,20.7,175.0,65.6,21.4
180.5,94.3,28.9,179.5,98.1,30.4
167.6,57.1,20.3,165.3,57.6,21.1
168.6,67.3,23.7,167.6,67.0,23.9
187.2,72.1,20.6,185.0,75.1,21.9
169.9,64.1,22.2,168.4,60.9,21.5
172.8,62.6,21.0,171.0,63.8,21.8
174.2,55.9,18.4,171.5,52.0,17.7
170.6,67.7,23.3,169.2,69.4,24.2
180.6,103.1,31.6,179.5,106.1,32.9
174.6,58.9,19.3,172.4,61.2,20.6
174.4,95.2,31.3,172.9,92.1,30.8
174.0,60.2,19.9,172.8,64.8,21.7
180.2,68.5,21.1,178.6,66.0,20.7
164.1,60.6,22.5,162.9,60.5,22.8
173.1,67.6,22.6,171.4,69.3,23.6
168.3,62.4,22.0,167.7,60.3,21.4
174.0,62.6,20.7,172.8,61.5,20.6
182.6,90.0,27.0,181.0,90.9,27.8
173.9,66.3,21.9,173.5,74.7,24.8
177.2,71.3,22.7,176.7,67.9,21.7
173.7,61.7,20.4,171.3,57.8,19.7
167.3,63.9,22.8,165.8,58.2,21.2
186.0,102.9,29.7,183.8,102.8,30.4
168.9,55.6,19.5,168.4,60.8,21.4
173.1,69.9,23.3,173.0,69.0,23.1
184.6,79.6,23.4,182.2,80.1,24.1
180.5,82.5,25.3,178.5,75.1,23.6
177.3,68.0,21.6,176.2,69.1,22.3
174.9,78.8,25.8,172.9,70.8,23.7
180.7,80.8,24.7,178.5,82.5,25.9
173.0,60.8,20.3,171.5,60.1,20.5
172.3,62.3,21.0,170.2,62.4,21.5
176.4,62.0,19.9,175.9,66.2,21.4
175.0,64.4,21.0,172.5,62.6,21.0
158.9,42.4,16.8,159.3,45.2,17.8
179.6,64.8,20.1,179.0,69.8,21.8
173.9,55.9,18.5,173.1,59.4,19.8
172.9,98.0,32.8,171.3,96.3,32.8
166.8,62.3,22.4,166.7,60.7,21.8
167.3,63.2,22.6,167.5,68.0,24.2
182.9,127.4,38.1,182.0,118.1,35.7
175.1,87.9,28.7,173.1,81.3,27.1
183.5,59.3,17.6,181.5,59.5,18.1
171.4,85.3,29.0,171.4,87.8,29.9
177.4,59.8,19.0,175.9,57.8,18.7
177.9,68.5,21.6,177.2,69.1,22.0
170.2,53.9,18.6,169.7,58.0,20.1
179.3,74.2,23.1,177.5,72.0,22.8
175.6,63.9,20.7,174.1,64.4,21.3
186.1,84.5,24.4,183.6,80.6,23.9
176.2,74.7,24.1,175.6,70.8,23.0
168.1,49.6,17.6,165.5,53.2,19.4
178.6,83.9,26.3,178.1,88.4,27.9
174.6,59.0,19.4,172.2,58.3,19.7
176.0,79.0,25.5,174.5,72.0,23.6
168.1,79.5,28.1,167.7,71.3,25.3
169.0,69.7,24.4,168.0,72.7,25.8
173.9,84.5,27.9,172.3,83.1,28.0
174.0,67.9,22.4,172.7,74.4,24.9
175.3,85.9,28.0,174.1,90.0,29.7
175.1,81.5,26.6,173.7,69.5,23.0
173.4,99.5,33.1,172.9,99.1,33.2
180.4,72.9,22.4,179.8,69.8,21.6
170.3,45.0,15.5,167.2,49.1,17.6
172.8,62.1,20.8,172.6,66.2,22.2
171.3,77.3,26.3,170.0,79.1,27.4
178.7,73.4,23.0,177.1,76.5,24.4
176.4,74.3,23.9,175.9,77.8,25.1
187.4,107.3,30.6,184.4,107.2,31.6
170.5,73.6,25.3,169.1,77.0,26.9
175.4,67.5,21.9,174.5,70.9,23.3
174.1,104.9,34.6,172.8,101.1,33.9
175.0,63.0,20.6,173.6,61.7,20.5
170.4,79.8,27.5,169.4,80.2,27.9
183.3,93.6,27.9,181.2,93.8,28.6
173.6,87.4,29.0,173.3,86.7,28.9
183.2,96.7,28.8,180.8,94.1,28.8
176.2,61.9,19.9,175.3,60.7,19.8
168.0,76.3,27.0,168.0,75.9,26.9
166.2,53.0,19.2,163.9,52.6,19.6
172.0,61.6,20.8,170.2,65.6,22.6
175.3,63.2,20.6,174.3,58.2,19.1
178.5,74.6,23.4,176.7,72.7,23.3
169.1,81.0,28.3,168.7,74.2,26.1
174.4,66.2,21.8,173.7,63.2,20.9
175.5,87.6,28.4,174.4,89.3,29.4
174.3,65.2,21.5,172.6,70.8,23.7
161.4,53.3,20.5,160.2,56.5,22.0
168.7,50.9,17.9,166.7,50.9,18.3
168.6,55.2,19.4,167.1,61.6,22.1
171.8,66.9,22.7,172.1,72.5,24.5
182.9,66.6,19.9,180.8,63.9,19.5
178.3,55.4,17.4,176.7,57.2,18.3
170.8,70.5,24.2,169.4,71.3,24.8
177.8,79.7,25.2,175.6,82.2,26.6
178.9,66.5,20.8,177.5,67.8,21.5
187.3,67.0,19.1,184.7,64.2,18.8
173.6,56.7,18.8,172.4,54.2,18.2
177.3,79.7,25.4,176.3,77.9,25.1
177.7,100.6,31.9,177.1,92.8,29.6
178.4,85.9,27.0,176.9,79.7,25.5
166.5,88.3,31.9,166.1,85.8,31.1
170.3,51.8,17.9,168.2,50.3,17.8
172.6,75.0,25.2,171.8,73.1,24.8
174.6,56.2,18.4,174.0,57.6,19.0
170.8,81.9,28.1,170.5,83.0,28.6
177.7,77.9,24.7,176.4,79.6,25.6
172.2,52.8,17.8,170.8,55.7,19.1
180.7,84.6,25.9,178.7,82.9,26.0
168.8,59.7,21.0,167.9,57.4,20.4
171.0,61.7,21.1,170.6,60.9,20.9
176.6,71.1,22.8,174.9,64.7,21.1
163.4,50.5,18.9,161.3,50.2,19.3
169.0,58.5,20.5,167.8,59.3,21.1
171.8,88.1,29.8,170.4,89.1,30.7
175.6,77.2,25.0,174.4,73.8,24.3
181.0,70.6,21.6,179.0,71.5,22.3
175.1,108.1,35.3,173.4,102.4,34.1
173.9,76.7,25.4,172.7,70.7,23.7
179.8,74.8,23.1,178.9,75.5,23.6
170.6,73.9,25.4,169.6,73.4,25.5
174.0,72.2,23.8,171.8,64.1,21.7
171.2,68.8,23.5,169.1,65.9,23.0
176.3,73.3,23.6,174.4,71.6,23.6
168.2,51.5,18.2,166.3,54.6,19.7
174.7,85.6,28.0,173.9,81.3,26.9
173.2,92.6,30.9,171.9,93.0,31.5
180.9,78.6,24.0,179.0,81.2,25.3
176.3,70.7,22.7,175.1,72.1,23.5
172.0,72.8,24.6,170.3,65.5,22.6
168.1,81.2,28.7,167.6,78.8,28.0
179.1,67.5,21.0,177.8,67.3,21.3
179.8,68.1,21.1,178.8,66.8,20.9
176.1,63.3,20.4,174.2,66.7,22.0
167.1,77.9,27.9,166.9,81.1,29.1
171.5,59.9,20.4,170.3,64.2,22.1
162.7,71.1,26.9,160.9,68.0,26.2
180.2,78.0,24.0,179.7,72.6,22.5
175.6,80.1,26.0,173.6,80.9,26.8
180.9,68.7,21.0,179.3,65.4,20.3
172.6,94.6,31.8,172.3,95.5,32.2
168.4,68.6,24.2,168.0,69.4,24.6
176.9,81.7,26.1,175.6,80.5,26.1
168.2,71.3,25.2,168.0,74.3,26.3
171.3,88.5,30.2,171.5,87.7,29.8
164.8,52.5,19.3,162.8,54.5,20.6
176.6,64.1,20.6,175.7,70.9,23.0
170.6,60.3,20.7,169.2,67.5,23.6
187.8,74.6,21.2,185.8,76.6,22.2
175.0,78.3,25.6,173.0,78.0,26.1
178.9,106.2,33.2,177.6,103.9,33.0
174.7,78.7,25.8,173.1,72.0,24.0
177.9,68.8,21.7,177.3,63.8,20.3
177.3,55.8,17.8,176.0,56.5,18.3
182.3,76.1,22.9,181.3,74.6,22.7
170.2,73.3,25.3,168.4,70.7,24.9
183.4,64.6,19.2,181.4,62.3,18.9
172.2,77.6,26.2,171.8,68.6,23.2
174.1,84.2,27.8,173.2,88.7,29.6
178.9,67.4,21.1,177.8,70.6,22.3
168.5,60.8,21.4,166.8,57.4,20.6
169.0,70.1,24.5,168.0,75.7,26.8
175.4,85.3,27.7,173.6,80.1,26.6
162.0,58.7,22.4,160.2,59.5,23.2
170.2,60.8,21.0,168.7,66.6,23.4
177.2,60.7,19.3,176.0,61.7,19.9
177.7,84.2,26.7,175.9,86.0,27.8
174.5,71.2,23.4,172.7,66.2,22.2
166.3,60.9,22.0,165.5,60.5,22.1
177.6,54.8,17.4,175.7,56.8,18.4
181.1,74.8,22.8,180.0,67.0,20.7
173.8,68.3,22.6,173.1,69.1,23.1
163.0,58.7,22.1,162.2,60.9,23.2
175.0,94.1,30.7,173.6,98.2,32.6
176.8,73.0,23.4,175.6,70.5,22.9
175.3,79.2,25.8,173.6,79.8,26.5
175.7,66.7,21.6,174.4,67.7,22.3
176.8,58.7,18.8,176.1,59.8,19.3
181.4,78.0,23.7,179.6,77.3,24.0
173.3,68.9,22.9,171.8,68.9,23.3
169.6,62.0,21.6,168.0,63.7,22.6
177.7,77.9,24.7,176.8,63.6,20.4
174.6,85.2,27.9,173.7,81.7,27.1
180.6,71.5,21.9,179.2,70.4,21.9
180.8,97.2,29.7,179.1,99.1,30.9
174.2,63.1,20.8,173.0,67.5,22.6
173.9,89.1,29.5,173.1,93.5,31.2
176.1,91.8,29.6,175.1,94.0,30.7
175.1,72.6,23.7,174.1,72.5,23.9
187.0,72.8,20.8,185.4,69.8,20.3
167.6,58.0,20.6,165.7,57.4,20.9
172.2,56.0,18.9,169.7,58.2,20.2
182.4,73.6,22.1,181.4,76.1,23.1
173.0,80.6,26.9,171.3,83.2,28.4
178.7,64.9,20.3,177.0,65.2,20.8
175.1,101.5,33.1,173.5,101.2,33.6
176.1,77.9,25.1,174.0,84.3,27.8
172.2,73.7,24.9,170.0,75.4,26.1
167.1,48.7,17.4,165.9,53.0,19.3
185.2,73.1,21.3,182.5,76.2,22.9
179.1,84.5,26.3,177.0,85.3,27.2
181.4,74.2,22.5,179.4,77.8,24.2
172.5,63.6,21.4,172.2,66.3,22.3
170.7,71.3,24.5,168.5,61.8,21.8
182.1,59.7,18.0,181.3,57.3,17.4
186.6,87.4,25.1,184.0,83.6,24.7
178.7,74.1,23.2,177.2,78.1,24.9
171.9,58.0,19.6,170.4,58.6,20.2
181.7,86.5,26.2,180.6,90.8,27.8
178.9,64.9,20.3,177.1,58.4,18.6
180.2,87.8,27.0,178.5,91.2,28.6
165.1,85.9,31.5,165.4,82.2,30.1
168.5,47.9,16.9,167.5,58.3,20.8
171.7,67.2,22.8,171.8,67.6,22.9
178.2,57.6,18.1,176.9,58.3,18.6
183.0,113.7,34.0,180.5,116.7,35.8
179.8,72.2,22.3,178.9,74.5,23.3
175.4,58.8,19.1,173.4,58.4,19.4
179.0,77.5,24.2,177.5,75.6,24.0
177.4,58.3,18.5,176.7,59.8,19.1
183.7,96.9,28.7,182.3,102.2,30.8
175.4,53.6,17.4,175.0,51.5,16.8
175.6,48.2,15.6,173.1,54.7,18.2
164.9,59.5,21.9,164.0,54.6,20.3
178.6,90.0,28.2,177.6,73.6,23.3
174.8,73.1,23.9,173.3,71.5,23.8
185.9,71.1,20.6,183.7,67.2,19.9
180.3,66.1,20.3,179.4,75.3,23.4
179.1,85.6,26.7,177.3,89.3,28.4
182.3,91.9,27.7,180.3,97.2,29.9
174.7,59.6,19.5,172.4,57.4,19.3
170.0,60.6,21.0,168.6,60.3,21.2
182.1,94.6,28.5,179.9,95.6,29.5
169.3,62.1,21.7,167.9,59.6,21.2
161.5,61.1,23.4,160.7,59.2,22.9
180.5,66.7,20.5,178.5,71.0,22.3
170.1,68.1,23.5,168.4,69.0,24.3
189.9,95.2,26.4,187.1,93.8,26.8
178.4,81.2,25.5,177.9,85.6,27.1
183.0,88.7,26.5,180.8,81.2,24.8
173.8,69.9,23.1,173.5,75.4,25.0
176.2,66.0,21.3,174.7,68.4,22.4
171.0,68.1,23.3,169.1,69.7,24.4
177.2,68.1,21.7,175.3,62.3,20.3
165.7,45.8,16.7,165.0,54.8,20.1
167.8,84.5,30.0,166.4,84.4,30.5
178.9,78.2,24.4,177.5,74.4,23.6
183.8,121.4,35.9,181.9,118.3,35.8
167.8,77.0,27.3,167.0,82.9,29.7
176.4,89.8,28.9,175.1,85.0,27.7
169.8,59.5,20.6,169.0,61.7,21.6
180.3,57.0,17.5,178.5,59.7,18.7
179.2,77.6,24.2,177.1,81.8,26.1
175.6,92.3,29.9,174.0,88.1,29.1
168.9,85.0,29.8,167.8,87.6,31.1
171.0,73.7,25.2,169.9,73.1,25.3
172.4,68.9,23.2,172.0,67.2,22.7
168.2,54.4,19.2,167.7,58.6,20.8
182.1,67.0,20.2,181.4,65.9,20.0
177.6,62.3,19.8,176.7,61.3,19.6
174.8,79.6,26.1,173.1,72.1,24.1
169.3,60.0,20.9,167.9,62.9,22.3
173.8,90.3,29.9,172.1,86.8,29.3
171.1,68.2,23.3,170.7,66.5,22.8
170.1,61.8,21.4,169.7,64.5,22.4
175.2,95.0,30.9,173.9,98.2,32.5
177.7,66.4,21.0,175.7,73.4,23.8
166.2,61.7,22.3,165.2,65.5,24.0
178.6,71.4,22.4,176.3,73.1,23.5
170.3,73.4,25.3,169.6,76.9,26.8
180.4,107.9,33.2,178.5,100.4,31.5
169.5,75.5,26.3,168.1,76.3,27.0
171.2,68.3,23.3,170.0,63.0,21.8
177.8,81.3,25.7,176.2,80.7,26.0
171.8,71.1,24.1,171.5,69.8,23.7
172.1,69.4,23.4,171.8,64.9,22.0
175.1,81.5,26.6,174.3,79.4,26.1
178.2,61.3,19.3,177.3,67.5,21.5
174.0,60.4,19.9,172.7,61.1,20.5
166.2,56.9,20.6,165.6,58.2,21.2
174.2,57.1,18.8,171.7,55.1,18.7
181.7,88.1,26.7,180.1,83.8,25.8
172.4,70.4,23.7,171.7,69.1,23.5
172.2,67.6,22.8,170.7,65.3,22.4
178.3,64.9,20.4,176.8,65.6,21.0
170.0,70.1,24.3,170.1,64.8,22.4
173.0,75.8,25.3,171.2,69.7,23.8
175.5,100.8,32.7,173.9,103.6,34.3
180.6,75.4,23.1,178.7,67.8,21.2
181.4,83.6,25.4,179.3,83.1,25.8
159.3,41.7,16.4,157.8,44.6,17.9
178.1,65.2,20.6,176.7,66.9,21.4
173.3,118.3,39.4,173.6,111.5,37.0
178.0,65.6,20.7,177.3,67.9,21.6
171.2,59.5,20.3,170.9,60.2,20.6
170.3,56.3,19.4,167.9,55.1,19.6
169.4,59.8,20.8,168.2,60.3,21.3
175.9,66.2,21.4,174.1,66.7,22.0
168.3,60.9,21.5,167.6,58.2,20.7
170.5,76.3,26.2,169.3,75.2,26.3
177.3,90.7,28.9,175.3,94.4,30.7
168.5,54.3,19.1,167.1,58.3,20.9
173.9,54.8,18.1,171.8,64.1,21.7
170.3,69.2,23.9,168.5,71.0,25.0
162.3,102.4,38.9,166.9,103.2,37.1
165.5,70.5,25.7,163.8,66.2,24.7
171.3,63.0,21.5,169.1,60.7,21.2
178.6,78.1,24.5,177.6,80.1,25.4
173.5,77.4,25.7,172.7,79.2,26.5
176.7,87.4,28.0,175.8,82.0,26.5
178.2,96.6,30.4,177.4,96.3,30.6
176.7,90.4,29.0,175.9,88.1,28.5
182.5,66.9,20.1,181.6,69.8,21.2
175.7,81.0,26.2,175.8,87.6,28.3
183.5,70.1,20.8,181.1,73.1,22.3
174.7,94.1,30.8,173.0,97.3,32.5
180.6,58.5,17.9,179.9,64.9,20.1
169.9,68.2,23.6,169.1,68.0,23.8
174.9,58.1,19.0,172.5,55.0,18.5
178.4,62.0,19.5,177.6,62.7,19.9
171.2,72.8,24.8,169.8,72.7,25.2
172.1,51.7,17.5,170.4,53.9,18.6
179.9,72.3,22.3,178.0,69.2,21.9
186.7,82.2,23.6,183.8,83.2,24.6
164.1,89.6,33.3,164.5,81.4,30.1
167.3,46.8,16.7,166.2,51.4,18.6
181.2,97.0,29.5,178.6,91.7,28.8
174.8,66.4,21.7,173.4,68.1,22.7
163.3,63.3,23.7,161.7,54.9,21.0
176.2,100.9,32.5,173.9,97.8,32.3
183.8,93.2,27.6,182.1,89.4,27.0
170.1,65.9,22.8,168.4,63.4,22.4
175.9,72.7,23.5,173.9,74.5,24.6
179.4,62.6,19.5,177.4,63.4,20.1
176.3,80.6,25.9,175.0,83.4,27.2
169.2,47.7,16.7,167.4,49.2,17.6
166.0,60.0,21.8,164.4,55.1,20.4
171.7,62.3,21.1,169.8,57.8,20.1
181.0,55.3,16.9,179.0,53.8,16.8
176.5,87.4,28.1,175.2,85.6,27.9
171.7,51.9,17.6,169.6,55.3,19.2
165.1,57.6,21.1,163.8,54.2,20.2
171.6,75.3,25.6,170.3,74.3,25.6
174.8,75.2,24.6,173.1,72.3,24.1
166.8,81.1,29.1,166.9,85.3,30.6
181.4,80.5,24.5,179.1,86.1,26.9
180.1,64.2,19.8,177.9,58.2,18.4
171.0,62.6,21.4,170.3,64.9,22.4
175.7,56.7,18.4,173.3,60.0,20.0
175.3,49.5,16.1,172.6,51.5,17.3
183.6,64.9,19.3,181.4,62.0,18.8
179.4,74.7,23.2,178.1,77.6,24.5
162.0,65.7,25.0,161.8,58.0,22.2
175.2,53.9,17.6,173.5,54.7,18.2
172.3,64.5,21.7,171.5,64.5,21.9
174.0,71.5,23.6,172.7,75.3,25.2
174.2,55.1,18.2,172.1,58.9,19.9
176.6,57.3,18.4,174.3,59.0,19.4
167.3,58.9,21.0,165.8,58.8,21.4
177.5,72.3,22.9,176.9,70.6,22.6
177.7,88.5,28.0,176.6,88.1,28.3
171.5,76.1,25.9,171.2,72.6,24.8
176.1,61.4,19.8,175.4,63.0,20.5
181.8,71.0,21.5,180.7,70.2,21.5
177.4,87.0,27.6,176.7,79.0,25.3
177.4,81.5,25.9,175.5,84.4,27.4
184.9,86.4,25.3,182.5,86.4,25.9
171.8,59.2,20.1,170.8,55.4,19.0
180.3,78.9,24.3,178.4,69.2,21.7
173.7,57.0,18.9,172.2,58.2,19.6
173.4,92.1,30.6,172.6,79.3,26.6
179.5,76.5,23.7,178.1,71.4,22.5
175.0,77.8,25.4,174.2,73.5,24.2
174.6,76.4,25.1,173.6,76.8,25.5
177.3,95.6,30.4,174.9,88.2,28.8
175.8,61.0,19.7,174.1,56.1,18.5
163.2,75.1,28.2,162.8,74.7,28.2
174.4,81.6,26.8,173.1,80.7,26.9
180.8,69.5,21.3,178.8,66.3,20.7
175.3,60.0,19.5,174.1,61.3,20.2
168.6,62.8,22.1,167.2,64.3,23.0
180.6,78.4,24.0,178.8,79.9,25.0
184.4,65.3,19.2,182.1,67.2,20.3
183.4,82.4,24.5,182.0,72.1,21.8
176.6,57.5,18.4,175.3,60.4,19.7
161.5,58.3,22.4,160.5,60.2,23.4
174.8,60.3,19.7,172.6,58.9,19.8
184.1,72.3,21.3,181.9,69.2,20.9
175.2,64.3,20.9,173.1,60.4,20.2
174.7,60.3,19.8,173.7,65.9,21.8
181.9,57.8,17.5,179.9,57.4,17.7
172.4,53.9,18.1,171.0,56.4,19.3
172.3,90.8,30.6,171.5,90.1,30.6
168.1,52.6,18.6,166.0,53.7,19.5
181.2,79.1,24.1,179.1,82.9,25.8
179.9,67.4,20.8,179.0,67.6,21.1
176.1,73.1,23.6,174.5,69.7,22.9
175.4,67.9,22.1,173.8,69.1,22.9
162.5,69.5,26.3,162.3,70.1,26.6
169.6,77.3,26.9,168.8,75.5,26.5
174.0,75.0,24.8,172.4,73.7,24.8
168.7,66.4,23.3,168.0,63.6,22.6
182.3,72.4,21.8,180.4,71.1,21.9
173.9,88.8,29.4,173.2,89.5,29.8
167.0,87.1,31.2,166.1,96.0,34.8
176.4,69.3,22.3,174.7,71.7,23.5
175.4,63.0,20.5,173.4,61.1,20.3
176.7,65.6,21.0,174.8,68.6,22.4
174.8,64.2,21.0,174.0,68.8,22.7
171.4,55.7,19.0,170.3,58.7,20.3
187.4,96.9,27.6,185.6,88.7,25.7
173.3,57.0,19.0,171.5,56.5,19.2
172.2,71.0,23.9,170.6,74.9,25.7
177.7,84.2,26.7,175.9,86.8,28.1
174.6,76.1,25.0,172.4,70.4,23.7
175.3,84.1,27.4,174.4,81.7,26.8
178.2,74.7,23.5,176.2,76.3,24.6
176.0,66.2,21.4,174.3,60.3,19.9
185.0,71.7,20.9,183.0,63.9,19.1
176.8,81.2,26.0,175.8,85.0,27.5
178.4,58.3,18.3,176.2,63.1,20.3
173.8,66.0,21.8,173.1,65.7,21.9
191.9,72.8,19.8,189.0,73.8,20.7
176.7,79.0,25.3,174.9,74.9,24.5
178.4,70.6,22.2,176.6,70.4,22.6
167.2,67.3,24.1,166.1,71.6,25.9
170.2,60.9,21.0,168.8,60.4,21.2
163.2,56.6,21.3,161.3,56.2,21.6
177.6,62.0,19.7,175.5,60.8,19.7
168.9,57.9,20.3,167.2,52.3,18.7
176.3,77.5,24.9,174.6,71.7,23.5
168.1,52.1,18.4,166.4,54.0,19.5
171.8,68.0,23.0,169.9,65.5,22.7
167.2,57.1,20.4,165.5,56.6,20.7
172.5,68.9,23.2,170.3,76.4,26.3
175.4,57.4,18.7,174.8,62.6,20.5
171.1,76.6,26.2,170.3,68.4,23.6
170.8,71.0,24.3,169.2,67.7,23.6
174.4,81.6,26.8,172.4,79.3,26.7
185.5,69.0,20.1,183.1,66.0,19.7
168.0,61.7,21.9,166.1,57.5,20.8
171.2,63.3,21.6,169.5,61.1,21.3
176.3,55.5,17.9,175.2,55.5,18.1
183.0,67.9,20.3,181.0,66.2,20.2
169.1,61.7,21.6,168.1,67.8,24.0
170.4,57.9,19.9,167.8,53.0,18.8
173.9,68.1,22.5,173.4,66.9,22.2
176.7,79.9,25.6,175.5,86.7,28.2
174.6,67.1,22.0,174.4,73.2,24.1
180.6,89.0,27.3,179.5,87.0,27.0
174.1,73.9,24.4,172.4,67.8,22.8
170.0,57.7,20.0,169.3,62.7,21.9
168.0,60.2,21.3,167.6,60.0,21.4
171.8,60.2,20.4,170.3,61.0,21.0
169.9,110.9,38.4,169.7,90.7,31.5
179.2,74.1,23.1,177.4,77.8,24.7
177.4,101.3,32.2,176.2,103.0,33.2
173.8,75.7,25.1,172.2,78.1,26.3
172.0,77.4,26.2,170.7,78.9,27.1
177.2,74.0,23.6,175.8,65.3,21.1
177.3,63.7,20.3,175.3,62.1,20.2
175.9,91.1,29.4,174.0,85.3,28.2
168.8,63.0,22.1,167.9,63.8,22.6
179.5,61.8,19.2,177.4,59.7,19.0
176.6,78.3,25.1,174.4,72.9,24.0
169.3,64.9,22.6,167.8,62.7,22.3
170.5,60.8,20.9,170.5,64.7,22.3
178.6,85.7,26.9,176.5,87.4,28.1
182.0,70.9,21.4,181.5,72.7,22.1
186.8,71.5,20.5,184.4,69.0,20.3
167.1,47.8,17.1,165.7,51.0,18.6
171.2,64.6,22.0,169.3,54.9,19.2
162.8,56.2,21.2,162.8,51.8,19.6
170.3,56.8,19.6,168.6,57.4,20.2
187.6,86.9,24.7,185.2,82.1,23.9
166.8,80.4,28.9,166.9,75.2,27.0
174.5,103.7,34.1,173.5,100.3,33.3
166.4,63.1,22.8,165.2,63.3,23.2
173.9,77.8,25.7,173.0,78.9,26.3
175.6,59.9,19.4,173.6,62.1,20.6
178.1,73.5,23.2,177.5,72.0,22.9
180.1,92.3,28.5,177.8,86.5,27.4
164.3,53.6,19.9,163.4,57.8,21.7
172.1,80.1,27.0,171.6,68.3,23.2
178.6,73.6,23.1,176.5,77.4,24.8
174.1,70.2,23.2,173.0,69.7,23.3
180.8,79.0,24.2,180.0,82.7,25.5
180.9,63.0,19.3,179.4,60.9,18.9
172.3,61.6,20.7,170.9,61.0,20.9
173.7,48.7,16.1,172.2,51.3,17.3
184.1,55.5,16.4,181.8,60.6,18.3
180.2,80.7,24.9,178.8,78.5,24.5
164.2,42.8,15.9,160.7,46.5,18.0
168.9,66.7,23.4,167.7,65.1,23.2
173.7,65.8,21.8,173.0,65.5,21.9
170.7,78.2,26.8,170.4,74.3,25.6
175.1,82.3,26.8,173.9,86.5,28.6
173.3,54.5,18.1,170.6,51.8,17.8
170.5,61.0,21.0,168.6,64.0,22.5
177.6,65.6,20.8,176.8,63.3,20.3
176.3,68.7,22.1,175.3,69.5,22.6
174.9,48.0,15.7,172.8,52.6,17.6
178.2,69.9,22.0,176.2,73.6,23.7
179.3,70.5,21.9,178.0,73.1,23.1
174.8,69.0,22.6,172.6,64.0,21.5
169.5,61.5,21.4,167.9,62.0,22.0
169.9,54.2,18.8,169.2,53.2,18.6
177.4,60.2,19.1,175.2,59.3,19.3
172.9,67.8,22.7,171.1,72.3,24.7
180.8,70.1,21.4,178.8,62.1,19.4
176.7,59.0,18.9,174.5,60.6,19.9
178.7,58.7,18.4,176.6,65.2,20.9
166.0,87.4,31.7,165.6,81.8,29.8
178.0,120.0,37.9,176.3,115.1,37.0
180.2,77.2,23.8,177.9,77.6,24.5
178.7,76.3,23.9,177.8,67.8,21.5
176.3,63.6,20.5,175.1,61.7,20.1
181.1,57.4,17.5,180.4,57.8,17.8
170.6,80.0,27.5,170.7,86.1,29.6
176.2,60.6,19.5,173.5,57.1,19.0
172.7,90.7,30.4,170.9,87.8,30.1
173.7,55.4,18.4,172.9,54.2,18.1
179.7,88.2,27.3,177.9,90.6,28.6
174.1,75.0,24.7,172.4,74.3,25.0
171.5,70.1,23.8,171.3,68.4,23.3
170.1,88.3,30.5,170.3,83.8,28.9
186.6,84.2,24.2,184.8,82.1,24.0
171.3,57.1,19.5,169.7,55.4,19.2
170.1,57.1,19.7,169.0,59.2,20.7
179.6,103.4,32.1,177.3,105.6,33.6
174.1,75.2,24.8,173.3,80.1,26.7
178.6,51.4,16.1,177.0,55.0,17.5
174.6,68.8,22.6,173.1,68.3,22.8
184.1,122.3,36.1,181.4,108.8,33.1
182.9,68.1,20.4,181.9,69.7,21.1
170.5,60.8,20.9,169.5,66.9,23.3
188.3,70.4,19.9,185.9,71.7,20.8
173.7,92.1,30.5,172.5,91.4,30.7
175.8,94.8,30.7,174.4,96.5,31.7
172.2,64.2,21.7,171.2,64.8,22.1
178.5,60.9,19.1,176.3,57.9,18.6
181.2,89.6,27.3,179.8,86.1,26.6
175.2,79.1,25.8,174.6,77.6,25.5
175.1,77.6,25.3,173.2,82.3,27.4
174.3,91.6,30.2,172.7,93.6,31.4
173.5,86.4,28.7,172.5,82.6,27.7
166.4,62.1,22.4,164.7,57.6,21.2
178.0,73.5,23.2,175.9,69.6,22.5
188.1,75.1,21.2,184.9,74.4,21.7
186.9,68.6,19.6,184.6,74.0,21.7
171.7,69.7,23.6,170.0,64.6,22.4
169.3,62.4,21.8,168.3,68.2,24.1
182.8,74.1,22.2,181.4,70.0,21.3
181.4,89.3,27.1,180.9,95.8,29.3
172.7,62.0,20.8,171.7,57.2,19.4
174.4,85.5,28.1,172.4,76.2,25.6
180.7,104.4,32.0,177.7,100.2,31.7
183.9,90.9,26.9,182.4,89.3,26.9
184.5,85.7,25.2,182.5,84.0,25.2
169.3,50.8,17.7,168.1,53.2,18.8
171.6,63.0,21.4,170.8,64.7,22.2
178.2,66.7,21.0,177.4,65.8,20.9
174.7,92.1,30.2,173.8,79.6,26.4
166.8,78.3,28.1,165.2,82.2,30.1
180.8,62.5,19.1,178.6,55.3,17.3
175.3,66.8,21.7,174.7,69.3,22.7
179.7,59.4,18.4,177.9,66.5,21.0
179.6,89.2,27.7,177.4,89.6,28.5
175.0,68.0,22.2,174.1,69.1,22.8
174.0,79.5,26.3,172.1,78.8,26.6
176.6,70.5,22.6,174.5,66.4,21.8
180.4,70.9,21.8,178.5,63.7,20.0
173.5,64.4,21.4,171.3,61.1,20.8
189.7,102.8,28.6,188.0,97.0,27.4
175.1,77.3,25.2,173.8,78.7,26.0
181.0,105.9,32.3,179.6,99.5,30.9
178.9,71.4,22.3,177.7,71.9,22.8
175.5,77.8,25.3,173.4,70.4,23.4
180.2,79.9,24.6,177.9,81.8,25.8
182.0,87.3,26.4,179.8,86.8,26.8
168.5,58.1,20.5,167.2,57.6,20.6
172.0,62.6,21.2,170.2,57.5,19.8
179.4,103.4,32.1,178.3,102.8,32.3
172.4,90.7,30.5,171.4,94.9,32.3
174.3,59.4,19.6,173.5,60.6,20.1
178.7,83.8,26.2,177.5,85.5,27.1
177.2,58.3,18.6,174.7,55.6,18.2
179.8,80.5,24.9,178.2,81.8,25.8
182.9,79.6,23.8,181.5,89.5,27.2
175.2,67.7,22.1,174.5,72.2,23.7
177.8,75.1,23.8,175.7,78.0,25.3
180.4,93.9,28.9,178.5,83.3,26.1
175.0,109.1,35.6,173.6,106.5,35.4
170.5,58.0,20.0,168.6,56.7,20.0
169.9,76.7,26.6,169.4,92.6,32.3
171.9,64.8,21.9,171.0,63.3,21.6
170.3,56.6,19.5,168.0,55.0,19.5
182.0,84.2,25.4,180.4,86.8,26.6
170.1,51.9,17.9,169.3,53.5,18.7
177.1,101.9,32.5,175.6,99.5,32.3
176.9,72.2,23.1,176.3,72.9,23.4
178.2,72.4,22.8,176.7,67.3,21.6
173.6,83.0,27.5,171.9,80.9,27.4
176.0,76.0,24.5,173.9,79.2,26.2
171.9,73.8,25.0,171.1,65.3,22.3
170.8,64.8,22.2,169.1,62.1,21.7
181.9,61.8,18.7,180.7,57.7,17.7
178.1,58.6,18.5,175.9,59.4,19.2
174.4,63.6,20.9,172.3,61.7,20.8
178.5,56.2,17.6,176.3,58.2,18.7
179.6,109.8,34.0,178.2,109.3,34.4
180.1,62.1,19.1,177.9,64.4,20.3
184.1,106.2,31.3,181.9,110.1,33.3
175.0,59.0,19.3,172.8,58.3,19.5
177.2,66.4,21.1,175.1,63.1,20.6
168.8,52.4,18.4,166.8,52.8,19.0
162.4,76.2,28.9,161.2,73.5,28.3
173.9,78.8,26.1,172.3,78.7,26.5
178.9,74.4,23.2,177.8,72.7,23.0
179.8,76.4,23.6,178.1,80.3,25.3
177.3,70.8,22.5,175.7,68.2,22.1
177.0,92.5,29.5,175.3,87.0,28.3
177.6,75.9,24.1,175.5,85.0,27.6
173.0,83.7,28.0,170.9,83.0,28.4
172.3,89.5,30.1,172.0,93.4,31.6
175.3,57.7,18.8,173.2,57.8,19.3
174.8,66.4,21.7,173.4,68.1,22.7
178.0,69.3,21.9,176.5,68.2,21.9
168.5,71.4,25.1,166.8,67.6,24.3
170.1,51.5,17.8,167.9,55.2,19.6
167.6,51.8,18.4,167.2,54.7,19.6
181.8,59.5,18.0,179.5,64.6,20.1
172.3,61.0,20.5,170.1,53.5,18.5
176.2,75.0,24.2,174.4,67.1,22.0
175.5,71.0,23.1,174.3,69.8,23.0
173.5,74.8,24.8,172.7,77.1,25.8
183.4,97.2,28.9,181.1,97.8,29.8
176.5,68.7,22.1,174.9,72.8,23.8
175.0,73.8,24.1,172.6,61.1,20.5
172.5,78.7,26.4,170.3,77.7,26.8
174.0,76.6,25.3,173.2,73.7,24.6
176.9,80.4,25.7,175.3,78.1,25.4
187.3,97.9,27.9,184.6,90.0,26.4
179.1,58.9,18.4,177.0,67.5,21.6
175.1,60.5,19.7,174.1,56.4,18.6
170.6,64.3,22.1,169.3,73.4,25.6
173.0,72.0,24.1,172.3,74.2,25.0
176.0,63.4,20.5,175.6,67.4,21.8
184.5,80.2,23.6,182.6,77.6,23.3
180.1,70.6,21.8,179.1,66.1,20.6
169.9,59.3,20.5,168.8,58.3,20.5
180.5,56.9,17.5,178.6,68.9,21.6
179.6,75.1,23.3,177.4,77.3,24.6
177.9,56.7,17.9,175.7,55.4,18.0
166.4,65.6,23.7,165.1,59.1,21.7
164.7,59.0,21.8,163.9,53.2,19.8
166.2,64.6,23.4,164.4,68.8,25.5
179.2,59.3,18.5,176.8,59.0,18.9
172.4,68.8,23.1,172.3,69.0,23.2
172.9,53.7,18.0,170.8,50.5,17.3
186.1,121.2,35.0,183.8,120.2,35.6
170.8,59.9,20.5,168.6,54.7,19.2
167.5,60.0,21.4,166.1,61.3,22.2
172.0,54.8,18.5,171.0,53.4,18.3
177.1,67.0,21.4,176.8,66.0,21.1
172.9,86.5,28.9,171.2,76.7,26.2
175.1,54.2,17.7,173.3,60.0,20.0
172.1,66.2,22.4,171.2,64.2,21.9
171.9,57.5,19.5,170.7,59.0,20.2
172.7,72.3,24.2,170.7,73.5,25.2
168.6,52.1,18.3,167.0,52.5,18.8
173.6,67.0,22.2,172.4,65.2,21.9
175.1,60.4,19.7,173.6,63.0,20.9
183.3,64.4,19.2,180.7,57.6,17.6
169.3,72.2,25.2,168.9,78.4,27.5
170.5,59.1,20.3,168.6,69.2,24.4
174.0,69.4,22.9,172.2,68.5,23.1
173.8,69.0,22.8,172.0,65.8,22.3
175.9,89.0,28.8,173.9,97.4,32.2
179.0,72.2,22.5,178.3,70.9,22.3
177.2,76.1,24.2,175.3,82.8,27.0
177.6,88.9,28.2,176.1,84.5,27.2
176.9,57.2,18.3,175.9,58.1,18.8
173.7,62.7,20.8,173.3,60.4,20.1
166.7,61.8,22.2,166.6,69.5,25.1
173.3,82.7,27.5,171.3,78.5,26.8
174.6,73.9,24.2,173.4,86.9,28.9
163.8,54.8,20.4,162.2,53.9,20.5
179.9,65.7,20.3,178.8,64.3,20.1
175.9,80.2,25.9,175.3,80.2,26.1
185.3,78.7,22.9,184.4,80.7,23.8
169.6,62.3,21.7,168.6,68.3,24.0
168.5,49.5,17.4,165.9,50.4,18.3
172.9,65.9,22.0,171.5,70.3,23.9
192.1,72.1,19.5,189.0,75.6,21.2
172.7,69.1,23.2,171.0,71.9,24.6
173.6,63.8,21.2,172.5,64.2,21.6
175.2,74.8,24.4,174.3,79.3,26.1
178.0,76.2,24.0,176.1,81.8,26.4
175.3,75.3,24.5,173.5,86.6,28.8
172.8,81.3,27.2,171.2,85.6,29.2
185.3,73.6,21.4,184.8,74.1,21.7
170.8,61.7,21.1,169.8,64.0,22.2
169.1,57.1,20.0,166.9,59.1,21.2
173.1,63.5,21.2,172.3,64.8,21.8
176.4,78.3,25.2,175.2,76.5,24.9
170.5,60.0,20.6,169.0,62.2,21.8
169.1,61.6,21.5,168.5,63.2,22.3
179.7,80.5,24.9,178.9,77.0,24.1
180.2,63.9,19.7,179.3,60.4,18.8
174.2,60.2,19.8,173.2,60.8,20.3
184.9,119.8,35.0,181.7,107.8,32.6
167.8,68.6,24.4,167.8,72.1,25.6
176.6,63.6,20.4,175.1,69.3,22.6
167.3,56.5,20.2,165.6,55.0,20.1
173.8,62.2,20.6,172.5,72.4,24.4
173.5,70.5,23.4,171.7,62.8,21.3
170.5,67.2,23.1,169.7,71.2,24.7
173.9,77.3,25.6,173.1,78.8,26.3
173.3,90.5,30.1,172.1,86.0,29.0
183.2,101.4,30.2,181.9,100.5,30.4
175.4,60.1,19.5,173.2,58.7,19.6
168.4,57.6,20.3,167.8,61.9,22.0
175.8,85.6,27.7,175.0,85.9,28.0
179.3,74.7,23.2,177.8,80.5,25.5
180.0,58.8,18.1,179.0,62.4,19.5
179.4,73.8,22.9,177.4,75.7,24.1
180.7,69.0,21.1,179.8,67.2,20.8
181.3,85.1,25.9,179.6,84.9,26.3
182.3,55.4,16.7,181.2,62.2,18.9
167.8,76.6,27.2,167.7,73.4,26.1
169.6,49.8,17.3,168.4,52.3,18.4
176.4,75.4,24.2,174.1,72.3,23.8
181.6,95.8,29.0,179.2,93.8,29.2
184.1,67.0,19.8,182.3,74.8,22.5
182.5,104.8,31.5,180.1,107.9,33.3
168.6,60.8,21.4,167.8,66.0,23.5
181.2,80.6,24.5,180.3,77.3,23.8
174.3,75.5,24.9,172.9,77.4,25.9
176.4,87.3,28.1,175.5,79.2,25.7
174.3,69.5,22.9,173.7,65.3,21.6
175.0,69.9,22.8,173.8,69.8,23.1
173.4,57.2,19.0,170.9,51.8,17.7
171.3,64.3,21.9,169.2,70.3,24.6
186.8,72.2,20.7,185.1,77.6,22.6
175.1,81.9,26.7,174.0,77.5,25.6
175.7,101.3,32.8,174.1,101.1,33.3
170.7,70.5,24.2,169.9,70.8,24.5
175.1,70.0,22.8,174.0,60.6,20.0
185.7,82.0,23.8,184.0,74.4,22.0
186.6,99.7,28.6,185.4,92.7,27.0
178.9,58.9,18.4,178.1,61.0,19.2
179.3,73.9,23.0,178.7,74.3,23.3
174.9,77.6,25.4,174.2,73.6,24.3
179.9,80.7,24.9,179.1,80.5,25.1
167.9,50.4,17.9,167.2,54.9,19.6
166.0,65.7,23.8,164.6,54.7,20.2
169.8,65.0,22.5,169.1,64.1,22.4
175.4,69.5,22.6,174.8,68.9,22.6
183.9,102.3,30.2,182.4,88.6,26.7
174.7,74.1,24.3,172.6,72.8,24.4
171.1,55.9,19.1,170.2,56.5,19.5
175.0,86.7,28.3,174.6,87.0,28.5
173.3,57.0,19.0,170.7,55.0,18.9
181.6,70.4,21.3,180.6,88.6,27.2
184.1,58.8,17.3,182.8,61.0,18.3
174.8,64.0,20.9,173.6,68.6,22.8
167.3,73.1,26.1,167.1,81.1,29.0
170.2,48.6,16.8,168.9,53.4,18.7
170.6,64.3,22.1,169.2,66.4,23.2
176.6,65.7,21.1,174.5,59.9,19.7
171.9,73.6,24.9,170.6,70.2,24.1
168.7,91.5,32.2,167.3,95.2,34.0
173.9,53.5,17.7,172.0,56.2,19.0
168.6,65.1,22.9,167.3,61.8,22.1
171.1,62.7,21.4,168.6,59.4,20.9
173.0,65.9,22.0,171.8,58.6,19.9
174.7,79.0,25.9,173.6,81.1,26.9
174.4,57.2,18.8,173.4,55.6,18.5
172.0,50.4,17.0,169.8,52.0,18.0
179.7,88.2,27.3,178.7,89.8,28.1
180.8,83.1,25.4,180.2,74.4,22.9
175.0,80.8,26.4,174.7,70.6,23.1
175.4,57.2,18.6,174.7,57.6,18.9
162.8,60.2,22.7,161.4,57.0,21.9
171.4,73.9,25.2,171.1,68.8,23.5
179.6,81.9,25.4,178.7,83.0,26.0
174.7,71.1,23.3,173.2,77.3,25.8
160.7,70.0,27.1,161.1,80.4,31.0
176.1,71.3,23.0,174.9,61.3,20.1
177.1,79.4,25.3,175.2,79.4,25.9
170.2,93.4,32.2,170.0,96.7,33.5
165.9,50.7,18.4,162.9,48.8,18.4
171.9,62.3,21.1,170.9,63.9,21.9
184.3,102.5,30.2,182.4,103.6,31.2
168.1,54.7,19.4,167.6,56.2,20.0
176.7,72.8,23.3,175.8,82.8,26.8
173.7,78.4,26.0,173.2,84.6,28.2
176.4,72.5,23.3,176.3,77.7,25.0
187.9,87.7,24.8,185.5,85.7,24.9
173.6,99.9,33.1,172.2,101.9,34.4
167.0,60.2,21.6,165.3,63.7,23.3
176.8,61.4,19.6,174.9,58.5,19.1
175.4,64.7,21.0,173.9,61.5,20.3
177.4,70.1,22.3,175.1,70.8,23.1
171.3,51.4,17.5,168.9,53.9,18.9
170.7,78.7,27.0,169.1,74.0,25.9
169.0,58.2,20.4,167.8,54.9,19.5
174.2,67.2,22.1,172.4,62.5,21.0
182.4,61.8,18.6,180.9,60.3,18.4
173.7,65.6,21.7,172.6,63.1,21.2
175.3,60.9,19.8,174.3,58.5,19.3
173.3,51.9,17.3,172.6,52.3,17.6
166.7,64.0,23.0,165.4,63.9,23.4
173.6,79.8,26.5,173.7,84.3,27.9
190.7,66.1,18.2,188.2,68.2,19.2
172.8,84.9,28.4,170.7,80.8,27.7
179.3,78.1,24.3,178.2,80.2,25.2
174.7,62.8,20.6,173.3,57.3,19.1
169.0,102.2,35.8,168.0,101.4,35.9
179.4,84.7,26.3,177.8,80.9,25.6
180.1,67.5,20.8,177.9,64.6,20.4
172.8,69.8,23.4,172.1,64.9,21.9
169.5,45.2,15.7,168.8,55.6,19.5
179.5,80.4,25.0,179.1,75.0,23.4
175.6,98.1,31.8,174.2,105.1,34.7
167.9,75.1,26.6,167.5,73.1,26.1
175.1,91.3,29.8,173.7,85.6,28.4
167.5,62.4,22.2,167.5,62.8,22.4
174.6,115.2,37.8,173.3,109.2,36.4
177.4,61.3,19.5,175.9,61.5,19.9
177.1,75.9,24.2,175.9,72.2,23.3
172.6,59.7,20.0,170.6,67.5,23.2
165.5,59.1,21.6,163.7,61.4,22.9
171.5,74.1,25.2,170.4,72.3,24.9
165.6,56.7,20.7,164.6,58.4,21.6
173.0,77.2,25.8,173.1,73.6,24.6
182.1,69.1,20.8,179.7,72.0,22.3
172.8,58.2,19.5,171.4,61.2,20.8
182.6,78.3,23.5,180.7,73.3,22.4
181.7,73.9,22.4,179.3,65.8,20.5
166.1,61.8,22.4,165.1,65.6,24.1
173.1,56.2,18.8,172.1,61.9,20.9
181.0,114.5,35.0,179.1,110.6,34.5
164.7,76.8,28.3,164.7,81.5,30.0
176.4,63.2,20.3,174.1,65.9,21.8
177.7,82.7,26.2,176.0,80.7,26.1
175.1,78.1,25.5,173.6,74.5,24.7
168.9,74.5,26.1,168.5,62.5,22.0
172.6,74.2,24.9,171.4,68.7,23.4
174.1,84.4,27.8,172.2,86.7,29.2
176.6,71.8,23.0,175.7,78.4,25.4
183.2,98.1,29.2,182.0,96.5,29.1
179.0,71.3,22.3,176.8,72.4,23.2
185.5,93.2,27.1,184.1,88.8,26.2
167.6,76.9,27.4,166.5,75.1,27.1
172.2,84.0,28.3,170.7,81.1,27.8
171.4,67.6,23.0,169.8,62.2,21.6
171.6,105.3,35.8,170.3,104.1,35.9
173.1,81.2,27.1,171.4,75.2,25.6
171.7,66.2,22.5,169.9,67.0,23.2
181.0,60.4,18.4,180.1,68.2,21.0
177.5,70.3,22.3,175.3,67.7,22.0
180.1,83.3,25.7,177.8,81.8,25.9
171.2,69.6,23.7,170.3,74.4,25.6
180.2,78.3,24.1,177.7,75.4,23.9
183.4,76.1,22.6,181.0,68.9,21.0
165.9,78.8,28.6,166.0,77.4,28.1
177.2,82.8,26.4,176.2,81.2,26.1
176.2,54.9,17.7,175.0,58.6,19.1
167.8,81.1,28.8,167.5,74.0,26.4
173.3,57.3,19.1,171.9,55.5,18.8
181.2,98.2,29.9,179.9,95.4,29.5
184.8,107.4,31.4,182.7,104.5,31.3
170.1,68.8,23.8,169.8,67.9,23.5
175.4,70.1,22.8,173.4,69.2,23.0
173.5,103.2,34.3,172.3,96.5,32.5
179.1,72.3,22.5,177.3,79.1,25.2
177.5,70.8,22.5,176.6,71.6,23.0
167.4,64.7,23.1,166.8,65.3,23.5
173.8,57.2,18.9,171.5,57.0,19.4
175.2,71.4,23.3,173.7,70.2,23.2
180.2,94.8,29.2,178.5,109.8,34.5
181.2,67.8,20.6,179.6,67.5,20.9
177.7,65.2,20.6,176.4,71.6,23.0
178.2,71.7,22.6,176.2,73.9,23.8
179.5,61.7,19.1,177.7,57.3,18.2
163.1,44.2,16.6,161.1,51.1,19.7
177.7,91.6,29.0,176.1,89.3,28.8
167.7,70.7,25.1,168.0,67.9,24.0
181.6,112.8,34.2,179.5,106.4,33.0
173.3,60.0,20.0,172.0,58.3,19.7
168.6,54.4,19.1,167.6,56.5,20.1
174.4,59.1,19.4,172.5,59.8,20.1
179.2,70.0,21.8,178.0,74.5,23.5
169.7,77.7,27.0,168.9,82.7,29.0
180.9,76.6,23.4,179.7,70.9,22.0
179.7,62.9,19.5,178.5,65.4,20.5
175.0,88.6,28.9,173.8,93.8,31.0
168.6,53.5,18.8,167.2,59.6,21.3
165.5,50.4,18.4,163.9,51.8,19.3
172.7,78.8,26.4,171.7,77.3,26.2
173.1,106.5,35.5,172.3,106.6,35.9
171.1,74.6,25.5,170.1,69.5,24.0
169.6,67.2,23.4,168.6,72.1,25.4
163.7,70.9,26.5,163.9,70.8,26.3
169.5,75.7,26.3,168.3,72.1,25.5
170.8,74.0,25.4,170.6,66.8,23.0
175.2,81.9,26.7,174.7,79.5,26.1
167.6,70.7,25.2,166.9,76.0,27.3
170.2,63.8,22.0,169.9,66.6,23.1
182.3,69.0,20.8,181.0,73.9,22.6
182.2,84.7,25.5,179.6,87.1,27.0
169.1,73.5,25.7,168.3,71.9,25.4
171.2,57.4,19.6,169.8,52.6,18.2
166.4,53.1,19.2,164.9,54.1,19.9
167.1,70.6,25.3,167.0,71.1,25.5
164.6,66.9,24.7,163.7,67.8,25.3
167.2,51.9,18.6,165.8,54.0,19.6
179.9,78.6,24.3,179.4,72.5,22.5
168.9,71.5,25.1,167.7,66.4,23.6
172.6,98.6,33.1,172.4,102.4,34.5
166.2,68.2,24.7,165.9,60.9,22.1
168.4,74.1,26.1,167.8,69.9,24.8
165.9,51.1,18.6,164.4,54.7,20.2
169.3,72.2,25.2,168.9,78.4,27.5
174.7,56.9,18.6,174.0,58.0,19.2
174.2,71.2,23.5,173.2,68.7,22.9
176.4,64.1,20.6,174.3,60.3,19.9
163.9,59.1,22.0,163.3,62.3,23.4
170.0,55.4,19.2,168.3,52.0,18.4
172.7,81.7,27.4,170.9,82.0,28.1
166.5,61.2,22.1,166.8,64.1,23.0
171.3,62.8,21.4,170.6,66.6,22.9
173.4,66.0,22.0,171.5,63.6,21.6
165.2,60.9,22.3,164.6,59.2,21.9
171.8,47.7,16.2,169.6,50.4,17.5
170.3,72.3,24.9,168.6,70.5,24.8
189.1,106.0,29.6,186.6,102.8,29.5
161.7,47.3,18.1,160.3,46.7,18.2
176.5,66.1,21.2,174.6,63.5,20.8
175.1,81.3,26.5,173.9,83.5,27.6
179.3,55.3,17.2,177.6,60.7,19.3
168.8,70.7,24.8,168.3,73.2,25.9
167.8,52.6,18.7,165.4,53.2,19.5
180.6,84.4,25.9,179.5,87.7,27.2
181.3,72.0,21.9,180.2,70.6,21.7
170.2,78.7,27.2,168.4,71.9,25.3
184.6,96.2,28.2,183.2,100.5,29.9
174.3,65.4,21.5,173.5,64.3,21.3
176.3,80.2,25.8,175.1,84.0,27.4
175.9,59.6,19.3,174.1,61.9,20.4
180.8,73.0,22.3,179.3,76.4,23.8
181.5,62.5,19.0,179.8,60.1,18.6
170.5,55.0,18.9,168.9,52.9,18.6
178.8,67.9,21.2,177.0,65.8,21.0
178.1,63.4,20.0,176.3,65.7,21.1
169.5,59.7,20.8,168.5,59.4,20.9
176.9,71.2,22.8,176.4,71.0,22.8
179.3,77.5,24.1,177.6,78.2,24.8
161.6,49.2,18.8,160.5,55.1,21.4
174.8,85.4,27.9,174.2,81.1,26.7
176.0,58.8,19.0,173.8,52.5,17.4
172.7,78.3,26.3,171.8,78.0,26.4
179.8,71.4,22.1,177.9,70.1,22.1
171.1,60.9,20.8,170.7,61.5,21.1
169.9,60.8,21.1,167.8,53.2,18.9
180.9,74.5,22.8,178.9,75.1,23.5
175.8,84.3,27.3,175.3,83.4,27.1
180.2,73.2,22.5,180.0,68.8,21.2
173.9,71.6,23.7,172.6,67.9,22.8
173.2,60.8,20.3,172.8,59.1,19.8
182.8,57.2,17.1,181.0,57.7,17.6
173.8,69.3,22.9,173.4,63.2,21.0
178.9,98.9,30.9,177.2,97.2,31.0
170.9,57.0,19.5,168.4,53.8,19.0
175.4,67.5,21.9,173.9,63.0,20.8
181.5,93.7,28.4,179.9,85.7,26.5
175.8,69.8,22.6,174.5,77.8,25.5
172.2,70.2,23.7,171.1,66.9,22.8
174.8,71.8,23.5,174.0,67.2,22.2
170.2,60.2,20.8,168.2,57.6,20.4
164.4,61.9,22.9,163.3,52.4,19.6
170.4,62.4,21.5,169.2,61.7,21.5
183.2,93.2,27.8,181.4,93.9,28.5
178.1,69.0,21.8,177.1,62.5,19.9
186.2,87.8,25.3,185.3,87.2,25.4
181.4,83.4,25.3,178.9,88.7,27.7
170.4,67.0,23.1,169.9,61.5,21.3
185.3,117.6,34.2,183.2,108.0,32.2
173.0,73.9,24.7,170.9,77.5,26.5
183.6,80.5,23.9,181.8,82.6,25.0
161.8,54.1,20.7,159.7,48.6,19.1
178.3,96.1,30.2,176.7,95.5,30.6
182.1,79.4,23.9,179.6,82.2,25.5
171.4,68.2,23.2,170.3,74.5,25.7
167.3,61.2,21.9,166.0,61.7,22.4
176.7,69.0,22.1,174.7,63.0,20.6
178.4,67.2,21.1,175.7,68.1,22.1
179.3,91.2,28.4,178.2,82.0,25.8
183.3,92.7,27.6,181.3,89.1,27.1
183.7,91.4,27.1,181.3,88.6,26.9
168.5,63.6,22.4,168.0,57.8,20.5
181.7,67.5,20.4,180.3,69.1,21.3
168.1,92.0,32.6,166.6,85.3,30.7
168.5,63.8,22.5,167.4,60.5,21.6
176.5,85.2,27.3,174.9,83.8,27.4
170.1,58.3,20.1,168.0,54.5,19.3
173.4,65.7,21.9,171.9,68.5,23.2
169.4,57.7,20.1,168.0,61.1,21.6
175.6,62.8,20.4,174.8,63.0,20.6
179.4,69.5,21.6,178.8,62.0,19.4
178.6,69.0,21.6,177.0,82.5,26.4
177.2,59.4,18.9,175.3,59.2,19.3
175.4,67.9,22.1,173.5,69.4,23.1
180.9,74.8,22.9,179.6,72.3,22.4
178.3,71.4,22.5,176.0,65.9,21.3
169.8,56.1,19.5,168.0,52.9,18.8
174.8,62.5,20.5,173.8,60.4,20.0
166.7,56.5,20.3,164.6,58.4,21.6
175.1,73.8,24.1,174.3,74.5,24.5
177.8,68.7,21.7,175.1,64.9,21.2
166.9,49.8,17.9,164.6,52.0,19.2
177.5,79.5,25.2,177.0,76.8,24.5
173.8,61.9,20.5,171.9,62.2,21.1
171.7,56.2,19.1,169.7,60.5,21.0
186.1,71.8,20.7,183.9,69.1,20.5
174.2,70.0,23.1,172.6,72.5,24.3
171.6,77.5,26.3,170.1,78.2,27.0
172.8,73.5,24.6,171.7,76.6,26.0
164.5,51.7,19.1,164.4,54.7,20.2
167.3,67.0,23.9,166.3,58.4,21.1
164.3,59.0,21.9,162.6,56.5,21.4
173.7,63.0,20.9,173.1,65.2,21.8
168.7,67.6,23.8,167.5,63.1,22.5
178.5,67.1,21.1,177.8,66.9,21.2
181.0,72.3,22.1,179.7,62.1,19.2
168.4,66.4,23.4,168.2,65.6,23.2
160.3,52.6,20.5,160.8,57.1,22.1
175.6,72.7,23.6,174.1,63.8,21.0
177.7,57.2,18.1,176.3,61.2,19.7
178.4,93.2,29.3,177.6,89.9,28.5
171.0,49.8,17.0,170.1,58.5,20.2
178.1,74.8,23.6,177.6,70.7,22.4
167.0,66.4,23.8,167.3,64.8,23.2
177.3,60.3,19.2,176.5,64.6,20.7
174.9,78.9,25.8,173.1,75.5,25.2
177.2,57.1,18.2,174.9,55.9,18.3
168.4,65.7,23.2,167.2,62.8,22.5
179.7,113.2,35.1,177.6,109.6,34.7
172.9,67.6,22.6,172.7,67.9,22.8
167.4,62.6,22.3,167.1,63.8,22.8
176.5,83.0,26.6,174.4,84.2,27.7
176.4,64.9,20.9,175.4,63.8,20.7
182.7,60.6,18.2,181.3,61.2,18.6
171.1,73.4,25.1,170.0,66.8,23.1
174.9,74.0,24.2,174.9,65.4,21.4
176.3,103.4,33.3,174.3,92.9,30.6
177.0,62.4,19.9,175.6,64.3,20.9
178.5,101.9,32.0,175.9,103.3,33.4
167.0,89.3,32.0,166.8,90.8,32.6
178.4,69.4,21.8,177.3,70.6,22.5
171.1,66.7,22.8,169.2,63.8,22.3
177.4,67.2,21.4,175.3,67.3,21.9
170.1,66.9,23.1,168.8,60.4,21.2
170.1,62.0,21.4,168.5,67.9,23.9
172.7,69.5,23.3,171.7,69.2,23.5
169.7,67.0,23.3,169.5,65.4,22.8
182.8,89.8,26.9,180.0,84.6,26.1
185.9,67.0,19.4,184.2,63.5,18.7
173.1,83.8,28.0,171.7,84.7,28.7
176.0,71.4,23.1,175.5,76.7,24.9
172.5,59.0,19.8,170.4,60.6,20.9
181.6,76.5,23.2,179.0,79.8,24.9
178.5,77.2,24.2,176.6,80.6,25.9
164.3,61.9,22.9,163.3,61.8,23.1
174.2,112.5,37.1,173.1,96.1,32.1
169.4,76.3,26.6,169.1,71.7,25.1
189.3,81.2,22.7,186.0,74.7,21.6
174.5,65.0,21.3,172.6,62.5,21.0
178.2,62.0,19.5,177.6,64.1,20.3
173.6,67.9,22.5,172.5,65.8,22.1
179.2,92.5,28.8,177.0,88.8,28.3
173.5,80.9,26.9,171.7,78.9,26.8
180.4,59.7,18.3,179.8,60.7,18.8
183.4,74.9,22.3,182.0,73.8,22.3
171.5,55.5,18.9,169.5,55.8,19.4
165.8,47.9,17.4,163.8,49.4,18.4
172.4,94.9,31.9,171.9,100.2,33.9
172.8,86.3,28.9,172.2,87.1,29.4
174.5,82.4,27.1,172.3,78.6,26.5
181.2,74.6,22.7,180.5,76.4,23.5
172.1,74.0,25.0,170.2,69.3,23.9
181.3,110.6,33.6,179.3,102.6,31.9
174.6,69.9,22.9,172.2,64.3,21.7
179.6,89.7,27.8,177.6,81.2,25.8
168.3,48.5,17.1,165.9,53.5,19.4
174.6,78.6,25.8,172.7,84.4,28.3
183.4,75.6,22.5,182.3,69.2,20.8
182.4,76.1,22.9,181.6,74.4,22.6
177.0,67.3,21.5,175.7,62.7,20.3
170.8,51.1,17.5,170.5,55.8,19.2
167.9,57.7,20.5,167.3,64.7,23.1
184.2,102.8,30.3,181.0,103.5,31.6
172.4,73.0,24.6,171.6,75.9,25.8
172.2,59.7,20.1,171.2,63.9,21.8
168.5,68.0,24.0,167.6,64.4,22.9
177.5,68.3,21.7,175.4,76.0,24.7
176.5,73.9,23.7,175.6,74.6,24.2
179.2,80.2,25.0,177.2,76.4,24.3
176.3,77.1,24.8,174.8,69.0,22.6
175.6,62.4,20.2,173.9,57.8,19.1
180.9,91.2,27.9,179.6,91.5,28.4
175.0,63.5,20.7,172.7,62.6,21.0
174.6,66.1,21.7,173.4,62.6,20.8
176.0,53.7,17.3,175.5,63.9,20.7
179.7,64.7,20.0,178.6,66.4,20.8
169.1,52.8,18.5,167.6,55.8,19.8
162.2,53.4,20.3,161.4,55.4,21.3
179.5,89.7,27.8,178.4,93.5,29.4
185.2,124.0,36.2,182.4,118.0,35.5
187.4,75.3,21.4,185.7,78.3,22.7
174.2,78.5,25.9,173.0,77.4,25.9
165.9,99.1,36.0,165.8,95.1,34.6
167.9,63.0,22.3,167.5,63.0,22.5
180.5,71.1,21.8,178.7,70.7,22.2
183.1,64.6,19.3,180.6,72.6,22.3
183.1,92.2,27.5,181.8,89.5,27.1
177.8,98.3,31.1,176.9,103.4,33.0
171.1,69.8,23.8,170.5,69.7,24.0
172.7,83.4,28.0,171.7,80.7,27.4
174.6,74.5,24.4,174.2,76.0,25.1
172.9,58.3,19.5,171.0,61.4,21.0
181.4,78.7,23.9,179.2,80.8,25.2
171.2,69.9,23.8,169.6,75.4,26.2
174.1,87.1,28.7,172.1,81.0,27.4
166.7,57.6,20.7,165.6,54.5,19.9
174.0,79.4,26.2,173.0,70.9,23.7
174.3,66.8,22.0,172.7,62.1,20.8
172.9,59.2,19.8,171.4,66.7,22.7
177.4,71.7,22.8,175.7,77.9,25.2
182.3,94.3,28.4,179.6,79.5,24.7
176.0,74.3,24.0,174.4,69.2,22.7
171.2,68.7,23.4,170.0,65.5,22.6
171.2,56.6,19.3,168.8,51.5,18.1
177.2,86.4,27.5,175.3,75.5,24.6
166.1,53.9,19.5,165.1,50.0,18.4
174.9,73.3,24.0,174.5,80.0,26.3
180.9,63.5,19.4,179.7,62.3,19.3
175.5,68.5,22.2,174.3,63.6,20.9
164.3,56.9,21.1,164.1,56.0,20.8
162.7,55.6,21.0,162.1,52.4,19.9
167.0,61.4,22.0,167.0,61.0,21.9
171.1,52.3,17.9,169.8,58.7,20.4
179.2,72.9,22.7,178.1,73.1,23.1
182.3,91.9,27.7,180.3,97.2,29.9
178.5,74.4,23.4,177.0,72.8,23.2
178.1,81.7,25.8,177.1,77.8,24.8
173.6,65.4,21.7,173.4,58.2,19.3
182.7,84.0,25.2,180.9,82.0,25.1
176.4,64.2,20.6,174.6,64.3,21.1
170.7,50.2,17.2,168.1,54.1,19.2
174.3,66.8,22.0,173.5,64.2,21.3
180.4,81.6,25.1,179.3,76.4,23.8
173.4,60.4,20.1,172.6,66.4,22.3
171.6,70.8,24.0,169.7,76.6,26.6
180.8,67.1,20.5,178.7,67.5,21.1
168.4,51.0,18.0,165.6,50.3,18.3
174.5,83.2,27.3,173.1,80.9,27.0
168.5,63.4,22.3,167.1,59.8,21.4
178.6,62.3,19.5,178.0,61.1,19.3
179.3,83.7,26.0,176.9,82.5,26.4
174.9,76.2,24.9,174.1,71.8,23.7
180.7,63.2,19.4,179.3,66.8,20.8
173.5,78.7,26.1,172.1,80.5,27.2
186.0,92.7,26.8,183.6,91.3,27.1
176.9,73.7,23.6,174.6,70.1,23.0
176.5,55.0,17.7,176.2,61.2,19.7
174.2,71.3,23.5,172.4,70.7,23.8
178.5,82.4,25.9,177.1,74.4,23.7
178.4,75.8,23.8,176.7,79.1,25.3
167.0,64.7,23.2,165.2,63.1,23.1
182.7,93.3,28.0,181.3,90.8,27.7
179.3,79.9,24.9,178.4,73.8,23.2
168.0,75.1,26.6,166.8,76.2,27.4
175.2,88.9,29.0,174.1,88.2,29.1
173.7,63.9,21.2,173.0,60.6,20.2
176.0,74.2,24.0,174.5,70.3,23.1
171.1,63.2,21.6,169.0,64.0,22.4
172.1,60.1,20.3,170.3,61.4,21.2
178.3,65.9,20.7,177.6,64.3,20.4
178.7,87.0,27.2,177.4,88.4,28.1
163.1,55.1,20.7,161.5,54.2,20.8
186.5,79.7,22.9,183.8,79.9,23.7
189.7,60.0,16.7,186.5,76.0,21.9
173.5,70.6,23.5,173.0,73.1,24.4
179.2,75.0,23.4,178.7,71.4,22.3
182.5,82.4,24.7,181.6,79.0,24.0
173.8,52.3,17.3,172.0,58.7,19.9
175.9,88.6,28.6,174.3,93.8,30.9
178.9,64.1,20.0,176.6,63.3,20.3
171.1,58.3,19.9,170.1,59.5,20.5
174.0,73.2,24.2,171.8,74.1,25.1
184.8,96.2,28.2,182.2,88.9,26.8
164.2,46.5,17.2,161.4,47.1,18.1
175.9,64.1,20.7,173.9,63.1,20.9
183.9,86.6,25.6,182.8,90.1,27.0
170.6,62.5,21.5,168.5,62.4,22.0
175.1,62.4,20.4,173.8,55.1,18.2
181.3,73.6,22.4,180.2,75.1,23.1
171.7,55.7,18.9,170.2,58.4,20.2
181.9,70.1,21.2,179.6,66.5,20.6
170.8,66.3,22.7,169.9,69.7,24.2
173.1,63.6,21.2,171.6,62.7,21.3
172.9,63.4,21.2,171.9,61.5,20.8
174.4,86.1,28.3,173.6,84.6,28.1
178.4,71.4,22.4,177.2,70.9,22.6
171.4,76.9,26.2,169.7,74.4,25.8
175.0,79.9,26.1,173.8,79.5,26.3
173.3,85.9,28.6,172.4,82.8,27.8
177.6,64.0,20.3,177.2,62.1,19.8
178.8,95.0,29.7,176.6,89.4,28.7
172.9,78.8,26.4,172.1,71.7,24.2
180.7,96.6,29.6,179.2,88.4,27.5
177.1,62.0,19.8,175.0,62.0,20.2
174.6,74.3,24.4,173.8,76.1,25.2
175.7,78.6,25.5,175.5,72.0,23.4
178.8,75.5,23.6,176.7,70.0,22.4
177.7,57.3,18.1,176.2,60.7,19.5
171.5,59.0,20.1,170.6,58.4,20.1
170.9,61.9,21.2,170.3,62.7,21.6
172.2,47.3,16.0,169.6,54.9,19.1
180.6,97.9,30.0,178.1,97.0,30.6
165.1,52.3,19.2,163.9,51.8,19.3
185.7,73.0,21.2,183.5,70.4,20.9
174.6,64.0,21.0,173.3,65.2,21.7
169.3,53.1,18.5,167.1,49.7,17.8
168.3,67.8,23.9,167.2,68.1,24.4
171.3,57.4,19.6,169.0,62.4,21.8
174.6,58.4,19.2,173.4,56.4,18.8
168.1,86.8,30.7,166.7,81.7,29.4
179.4,61.3,19.0,178.2,54.9,17.3
168.4,68.0,24.0,166.4,60.2,21.8
175.5,71.9,23.3,173.4,72.5,24.1
177.8,83.8,26.5,176.3,85.1,27.4
171.1,71.8,24.5,169.2,70.9,24.7
178.1,81.8,25.8,176.3,80.8,26.0
177.7,72.4,22.9,175.6,73.7,23.9
175.2,68.6,22.3,173.4,70.2,23.3
181.6,100.3,30.4,180.1,98.6,30.4
174.5,56.9,18.7,173.3,59.3,19.7
178.9,91.0,28.4,177.6,88.9,28.2
165.9,69.8,25.4,163.9,63.7,23.7
178.4,86.8,27.3,176.3,85.1,27.4
173.0,64.5,21.6,172.5,66.2,22.3
175.5,94.7,30.7,173.0,90.7,30.3
180.2,53.4,16.4,177.5,52.7,16.7
170.3,105.2,36.3,169.5,101.9,35.4
182.4,70.5,21.2,181.8,67.7,20.5
180.5,74.9,23.0,179.1,66.7,20.8
168.1,75.1,26.6,167.8,68.3,24.3
177.9,64.0,20.2,175.9,65.7,21.2
177.0,59.3,18.9,174.8,60.7,19.9
178.9,81.7,25.5,178.2,75.8,23.9
174.3,66.1,21.8,172.7,67.3,22.6
172.1,67.7,22.9,170.5,70.1,24.1
176.8,60.2,19.3,175.1,58.5,19.1
169.4,64.1,22.3,169.5,72.2,25.1
172.5,60.3,20.3,169.9,57.5,19.9
172.4,56.3,18.9,170.7,62.7,21.5
174.7,77.5,25.4,172.6,70.6,23.7
169.8,59.3,20.6,168.5,65.7,23.1
169.6,60.9,21.2,168.2,56.8,20.1
181.9,69.5,21.0,179.8,69.7,21.6
179.5,99.2,30.8,178.2,96.1,30.3
173.9,56.4,18.7,172.3,58.9,19.8
173.3,70.0,23.3,172.3,66.8,22.5
177.0,75.2,24.0,175.5,74.4,24.1
170.3,74.5,25.7,170.0,73.8,25.5
166.6,52.0,18.7,165.3,54.4,19.9
172.9,71.1,23.8,171.0,73.7,25.2
174.8,71.4,23.4,174.0,67.8,22.4
176.8,64.4,20.6,175.2,69.8,22.7
177.0,64.7,20.7,175.1,66.6,21.7
171.8,54.1,18.3,169.8,56.1,19.4
169.8,63.2,21.9,168.2,56.6,20.0
179.2,65.9,20.5,178.2,67.6,21.3
170.5,89.9,30.9,170.1,82.1,28.4
168.9,73.6,25.8,166.9,66.0,23.7
168.4,71.8,25.3,168.0,71.1,25.2
166.6,59.6,21.5,165.5,58.6,21.4
180.0,76.0,23.5,179.0,75.7,23.6
175.4,71.1,23.1,173.7,75.2,24.9
170.6,62.8,21.6,169.5,61.5,21.4
169.1,62.4,21.8,168.4,62.8,22.1
166.0,83.5,30.3,165.0,83.2,30.5
172.8,77.2,25.9,171.0,80.9,27.6
165.8,61.1,22.2,164.1,60.3,22.4
179.6,85.0,26.4,178.3,86.7,27.3
180.3,95.2,29.3,178.0,94.2,29.7
175.5,69.9,22.7,174.0,64.7,21.4
174.5,81.5,26.8,174.1,86.9,28.7
168.2,63.2,22.3,167.4,60.2,21.5
186.8,111.4,31.9,183.4,101.6,30.2
172.1,87.6,29.6,171.9,88.3,29.9
175.8,54.8,17.7,173.9,58.2,19.3
174.4,65.7,21.6,173.0,66.6,22.3
178.4,65.8,20.7,176.1,62.7,20.2
175.3,86.7,28.2,173.2,79.4,26.5
178.1,75.0,23.6,176.9,66.5,21.2
185.9,68.2,19.7,185.3,67.7,19.7
177.3,61.3,19.5,177.0,62.1,19.8
176.1,62.5,20.2,174.6,58.6,19.2
173.1,70.3,23.5,171.5,66.9,22.7
170.3,86.8,29.9,168.6,89.1,31.4
170.9,53.5,18.3,168.6,54.6,19.2
171.0,71.9,24.6,170.4,71.1,24.5
180.1,98.8,30.5,178.1,102.3,32.2
184.6,106.9,31.4,182.7,104.8,31.4
185.0,75.6,22.1,183.4,78.6,23.4
176.2,65.4,21.1,175.0,68.7,22.4
174.1,70.6,23.3,172.0,69.4,23.5
176.4,83.9,27.0,175.9,87.2,28.2
174.6,69.6,22.8,173.2,69.0,23.0
164.7,73.2,27.0,164.5,79.9,29.5
174.2,80.0,26.4,172.9,86.5,28.9
171.9,63.9,21.6,171.4,67.8,23.1
175.5,66.0,21.4,173.7,72.8,24.1
179.6,66.2,20.5,178.6,71.6,22.5
176.4,78.6,25.3,175.3,76.7,24.9
179.7,83.3,25.8,177.5,79.6,25.3
164.4,50.2,18.6,162.6,54.0,20.4
166.3,49.5,17.9,164.9,49.6,18.2
179.7,62.2,19.3,177.4,63.0,20.0
176.4,54.5,17.5,174.8,61.9,20.2
178.2,90.4,28.5,177.6,86.6,27.5
182.3,90.2,27.1,180.2,85.5,26.4
166.0,64.1,23.3,166.2,74.1,26.8
166.1,55.4,20.1,164.6,54.7,20.2
171.9,62.0,21.0,170.5,56.8,19.5
164.4,80.4,29.7,164.0,81.7,30.4
168.9,64.8,22.7,167.9,63.1,22.4
171.2,63.0,21.5,170.3,64.3,22.2
172.1,67.4,22.8,170.9,73.1,25.1
173.6,65.2,21.6,172.5,67.2,22.6
172.4,68.5,23.0,170.5,63.4,21.8
176.7,62.6,20.0,174.2,99.6,32.8
174.7,70.5,23.1,173.1,67.3,22.5
188.5,77.9,21.9,185.8,68.3,19.8
172.6,78.1,26.2,171.5,78.3,26.6
168.8,60.3,21.2,167.1,58.0,20.7
169.1,74.0,25.9,168.0,71.6,25.4
182.5,71.8,21.6,180.4,69.7,21.4
166.7,56.6,20.4,165.2,55.6,20.4
167.8,71.2,25.3,167.4,69.6,24.8
182.5,60.9,18.3,180.9,62.6,19.1
168.9,75.8,26.6,167.5,72.6,25.9
179.9,67.4,20.8,177.9,66.6,21.0
182.1,67.8,20.4,180.3,66.4,20.4
183.3,65.0,19.3,180.6,63.3,19.4
170.6,79.9,27.5,170.7,84.4,29.0
171.1,63.4,21.7,170.4,60.4,20.8
170.5,69.5,23.9,169.8,68.4,23.7
177.4,92.4,29.4,176.3,95.1,30.6
170.5,76.5,26.3,169.7,75.0,26.0
172.0,72.9,24.6,170.3,68.2,23.5
184.2,114.7,33.8,180.8,109.6,33.5
170.9,67.7,23.2,169.1,62.6,21.9
172.5,80.8,27.2,171.6,79.9,27.1
171.6,68.7,23.3,169.7,66.2,23.0
173.6,84.8,28.1,172.0,94.0,31.8
172.2,75.6,25.5,170.5,84.7,29.1
177.5,85.7,27.2,175.9,86.1,27.8
175.2,51.9,16.9,172.9,50.9,17.0
175.6,70.8,23.0,173.4,67.8,22.6
176.1,81.7,26.3,174.6,83.6,27.4
182.2,78.0,23.5,181.0,74.0,22.6
166.3,53.2,19.2,165.5,58.6,21.4
179.5,76.0,23.6,178.5,80.4,25.3
170.2,78.3,27.0,170.0,81.7,28.3
174.5,74.9,24.6,173.6,79.9,26.5
167.8,72.9,25.9,165.6,66.5,24.2
182.6,96.3,28.9,180.9,96.7,29.6
178.2,72.8,22.9,176.1,69.4,22.4
170.9,79.9,27.4,169.1,80.4,28.1
171.9,63.8,21.6,170.5,62.9,21.6
179.6,67.0,20.8,178.3,69.1,21.7
176.0,73.5,23.7,174.6,77.2,25.3
177.5,49.5,15.7,174.8,53.0,17.3
179.6,97.2,30.1,177.8,97.3,30.8
173.3,59.8,19.9,171.0,57.7,19.7
170.9,69.6,23.8,169.6,59.0,20.5
182.6,70.6,21.2,182.3,70.5,21.2
171.3,89.1,30.4,170.2,84.5,29.2
173.2,76.1,25.4,171.5,77.2,26.3
173.0,84.4,28.2,171.1,83.5,28.5
173.5,64.8,21.5,172.8,64.0,21.4
169.4,53.3,18.6,167.8,57.6,20.5
183.0,94.3,28.2,181.0,93.7,28.6
178.0,73.7,23.3,176.9,71.5,22.8
171.1,56.5,19.3,170.2,56.1,19.4
172.6,73.3,24.6,172.1,71.4,24.1
166.7,59.8,21.5,164.8,58.9,21.7
181.1,56.7,17.3,179.9,60.7,18.8
171.7,70.5,23.9,171.3,69.9,23.8
175.5,65.9,21.4,174.0,63.7,21.0
172.1,56.6,19.1,171.1,59.9,20.4
177.8,59.4,18.8,176.4,60.5,19.4
183.9,87.1,25.8,182.7,85.5,25.6
176.4,87.6,28.2,175.8,90.7,29.4
173.9,66.3,21.9,173.7,65.8,21.8
174.0,105.4,34.8,172.8,105.6,35.4
173.1,81.1,27.1,172.2,88.1,29.7
178.2,69.3,21.8,176.4,66.6,21.4
171.8,58.2,19.7,170.3,57.8,19.9
171.1,54.9,18.8,169.7,56.3,19.5
165.9,63.6,23.1,164.8,63.4,23.3
182.1,83.3,25.1,180.5,74.9,23.0
183.5,70.7,21.0,181.2,65.9,20.1
171.7,68.9,23.4,170.5,67.6,23.3
173.9,75.2,24.9,172.5,69.1,23.2
174.4,63.5,20.9,172.5,60.4,20.3
177.4,104.9,33.3,176.1,102.3,33.0
178.4,72.7,22.8,177.8,62.0,19.6
179.6,63.0,19.5,179.1,61.6,19.2
172.4,90.6,30.5,172.3,91.4,30.8
176.9,69.3,22.1,175.9,67.2,21.7
175.8,63.4,20.5,173.8,59.6,19.7
174.7,70.1,23.0,174.0,68.0,22.4
169.7,61.8,21.5,167.9,65.0,23.1
176.4,61.5,19.8,175.7,62.1,20.1
181.5,87.2,26.5,179.8,84.0,26.0
177.3,71.1,22.6,176.3,70.5,22.7
170.0,49.0,17.0,168.2,56.7,20.1
164.1,70.2,26.1,163.4,59.0,22.1
172.2,70.0,23.6,170.7,74.2,25.4
173.1,63.6,21.2,171.0,62.7,21.5
177.0,58.7,18.7,175.0,56.7,18.5
171.0,57.6,19.7,168.9,56.5,19.8
178.4,61.5,19.3,176.9,62.3,19.9
170.1,59.4,20.5,168.7,62.1,21.8
173.0,60.9,20.3,171.2,63.8,21.8
176.4,64.3,20.7,175.2,62.6,20.4
167.9,53.9,19.1,167.1,53.8,19.3
188.5,115.8,32.6,184.5,118.5,34.8
168.6,74.7,26.3,167.6,73.9,26.3
163.7,48.3,18.0,160.8,49.0,18.9
175.0,62.8,20.5,174.0,62.9,20.8
180.4,71.7,22.0,178.4,69.1,21.7
163.2,76.8,28.8,163.7,74.0,27.6
178.7,108.2,33.9,176.6,110.5,35.4
176.6,67.8,21.7,176.2,76.1,24.5
163.0,55.7,21.0,160.9,52.4,20.2
181.1,77.8,23.7,180.3,77.2,23.8
172.5,88.5,29.7,171.1,89.3,30.5
176.6,104.3,33.4,175.2,102.9,33.5
181.3,75.5,23.0,179.1,78.7,24.5
179.3,67.9,21.1,177.0,72.8,23.2
181.5,77.3,23.5,180.1,83.2,25.6
177.3,91.1,29.0,175.0,83.7,27.3
172.0,92.0,31.1,171.4,83.4,28.4
181.9,73.5,22.2,179.6,67.9,21.1
163.6,44.6,16.7,161.4,46.5,17.8
169.7,49.3,17.1,167.3,52.1,18.6
174.8,69.6,22.8,173.3,75.0,25.0
174.8,53.6,17.5,172.7,61.6,20.7
176.6,67.0,21.5,175.7,68.1,22.1
170.1,60.0,20.7,168.9,58.3,20.4
171.2,90.4,30.8,171.2,93.1,31.8
171.7,68.4,23.2,170.4,64.5,22.2
166.9,50.9,18.3,166.0,54.7,19.9
179.5,59.3,18.4,179.3,61.4,19.1
176.2,80.5,25.9,174.1,80.6,26.6
172.9,79.9,26.7,171.8,78.2,26.5
176.8,72.2,23.1,174.7,75.8,24.8
164.4,49.1,18.2,162.9,52.3,19.7
176.0,71.3,23.0,175.1,75.1,24.5
184.6,113.1,33.2,182.1,105.8,31.9
179.0,66.5,20.8,177.7,67.4,21.3
173.7,61.7,20.4,171.7,64.5,21.9
180.0,97.8,30.2,177.9,89.7,28.3
173.7,58.2,19.3,172.3,61.7,20.8
179.5,96.9,30.1,177.4,94.5,30.1
176.7,77.9,24.9,174.6,79.3,26.0
170.3,55.7,19.2,168.3,56.0,19.8
164.9,53.0,19.5,163.4,51.1,19.1
173.4,81.1,27.0,171.7,87.6,29.7
170.2,59.1,20.4,168.9,58.8,20.6
173.3,59.2,19.7,171.9,58.5,19.8
181.9,80.2,24.2,180.4,73.3,22.5
173.9,67.2,22.2,171.9,65.2,22.1
170.7,71.9,24.7,169.4,74.6,26.0
169.9,57.1,19.8,168.1,60.3,21.3
171.0,70.6,24.1,169.4,69.6,24.3
169.4,72.0,25.1,169.2,74.0,25.8
178.4,80.0,25.1,177.0,81.7,26.1
173.3,80.1,26.7,172.7,86.8,29.1
181.7,65.5,19.8,180.8,60.6,18.6
183.0,74.7,22.3,181.0,74.1,22.6
180.6,88.3,27.1,179.7,88.6,27.4
172.4,68.6,23.1,172.2,68.5,23.1
169.9,70.3,24.4,169.8,72.8,25.3
185.5,81.6,23.7,182.9,82.6,24.7
174.6,92.6,30.4,173.4,90.1,30.0
182.4,74.8,22.5,182.1,76.6,23.1
180.8,77.5,23.7,178.7,81.0,25.4
170.0,67.4,23.3,168.6,71.9,25.3
174.5,91.3,30.0,172.2,95.6,32.2
182.9,102.5,30.6,181.5,102.2,31.0
176.8,58.4,18.7,174.4,62.3,20.5
168.8,91.1,32.0,167.4,96.1,34.3
173.5,63.7,21.2,171.1,57.3,19.6
168.3,73.5,25.9,167.0,69.4,24.9
185.7,83.7,24.3,184.0,87.1,25.7
177.9,75.2,23.8,176.4,62.8,20.2
177.4,100.2,31.8,176.2,83.0,26.7
167.1,59.4,21.3,166.3,57.7,20.9
176.7,52.2,16.7,175.0,53.0,17.3
175.0,61.6,20.1,174.6,60.6,19.9
162.8,61.1,23.1,162.2,61.3,23.3
183.9,61.2,18.1,181.3,57.6,17.5
185.4,102.3,29.8,183.4,101.4,30.2
165.1,67.1,24.6,164.3,69.9,25.9
176.6,67.1,21.5,175.5,69.6,22.6
176.5,57.7,18.5,173.9,59.6,19.7
170.9,62.7,21.5,171.1,62.2,21.2
175.5,73.5,23.9,174.7,69.7,22.8
173.2,65.8,21.9,171.8,68.4,23.2
169.6,73.9,25.7,168.5,73.8,26.0
187.6,90.1,25.6,185.9,85.7,24.8
169.0,47.1,16.5,167.2,49.4,17.7
181.4,77.8,23.6,179.8,73.5,22.7
173.9,85.1,28.1,173.0,83.1,27.8
173.5,67.4,22.4,173.2,67.4,22.5
175.7,93.5,30.3,173.4,96.8,32.2
171.9,70.7,23.9,170.5,73.8,25.4
181.4,78.0,23.7,179.5,79.8,24.8
182.3,85.1,25.6,179.7,82.1,25.4
172.5,53.0,17.8,170.1,52.9,18.3
170.8,66.5,22.8,170.6,67.4,23.2
177.0,62.4,19.9,176.6,68.6,22.0
170.6,64.4,22.1,169.4,60.7,21.2
172.8,75.2,25.2,171.3,68.6,23.4
175.5,86.3,28.0,174.2,80.7,26.6
183.2,111.2,33.1,180.0,109.7,33.8
177.3,60.9,19.4,175.7,58.7,19.0
185.3,79.6,23.2,184.0,79.7,23.5
172.7,70.0,23.5,171.4,66.8,22.7
161.7,66.2,25.3,162.5,34.1,12.9
187.5,61.7,17.6,185.3,66.7,19.4
176.0,84.3,27.2,174.6,85.7,28.1
179.0,96.8,30.2,176.5,93.6,30.0
170.8,66.1,22.7,169.0,68.5,24.0
174.0,66.5,22.0,172.0,63.4,21.4
176.9,74.1,23.7,174.7,70.9,23.2
174.6,70.6,23.2,173.2,62.5,20.8
164.7,61.4,22.6,164.2,64.8,24.0
165.5,62.0,22.6,164.5,60.8,22.5
175.5,75.2,24.4,173.4,73.3,24.4
174.1,65.2,21.5,172.5,68.2,22.9
166.8,53.2,19.1,164.2,50.0,18.5
178.6,63.5,19.9,176.5,67.6,21.7
166.7,59.8,21.5,164.7,58.7,21.6
168.5,64.7,22.8,166.9,61.9,22.2
175.8,70.5,22.8,174.4,69.0,22.7
173.7,72.6,24.1,172.7,69.3,23.2
171.4,71.6,24.4,170.2,71.9,24.8
173.7,78.1,25.9,172.4,83.1,28.0
174.2,65.4,21.6,172.9,71.5,23.9
171.8,59.2,20.1,170.3,63.3,21.8
172.3,71.0,23.9,171.1,73.3,25.0
178.7,83.2,26.1,178.1,84.2,26.5
168.7,56.1,19.7,167.2,57.4,20.5
175.6,62.5,20.3,173.7,63.9,21.2
171.6,61.3,20.8,170.7,58.4,20.0
176.1,73.7,23.8,174.5,64.6,21.2
179.3,79.4,24.7,176.9,77.8,24.8
184.7,62.6,18.4,181.9,59.5,18.0
183.9,86.5,25.6,181.4,85.1,25.9
173.2,85.2,28.4,173.1,88.0,29.4
182.7,96.6,28.9,180.5,92.8,28.5
171.0,77.6,26.5,169.4,79.9,27.9
172.5,68.9,23.2,172.0,64.6,21.8
178.6,89.7,28.1,177.6,89.2,28.3
162.9,67.5,25.4,161.9,61.8,23.6
170.4,58.9,20.3,169.9,60.3,20.9
167.2,49.9,17.8,165.6,51.3,18.7
171.7,67.0,22.7,171.4,65.9,22.4
170.0,65.7,22.7,168.8,57.1,20.0
176.5,80.5,25.8,175.2,82.4,26.8
179.5,86.1,26.7,176.9,95.6,30.5
165.0,71.5,26.3,164.8,69.5,25.6
167.5,57.6,20.5,166.5,57.6,20.8
173.2,77.9,26.0,171.6,72.6,24.7
174.2,78.4,25.8,174.1,77.5,25.6
177.3,56.6,18.0,174.8,60.3,19.7
173.5,58.3,19.4,171.3,56.7,19.3
178.9,66.1,20.7,177.7,65.9,20.9
177.2,64.7,20.6,175.3,61.1,19.9
172.1,58.2,19.6,170.7,58.9,20.2
183.9,95.0,28.1,182.2,85.8,25.8
169.9,78.3,27.1,168.9,75.9,26.6
166.5,65.3,23.6,164.8,62.8,23.1
177.5,66.4,21.1,175.6,65.4,21.2
168.3,62.9,22.2,166.7,62.5,22.5
179.7,111.2,34.4,178.4,103.3,32.4
176.5,59.6,19.1,175.9,61.1,19.7
181.5,74.9,22.7,180.1,70.7,21.8
170.3,52.8,18.2,168.1,56.4,20.0
178.1,106.4,33.5,176.2,104.0,33.5
176.1,65.0,21.0,174.8,52.8,17.3
168.9,72.9,25.6,167.5,71.5,25.5
168.1,61.8,21.9,166.5,56.7,20.5
175.4,111.6,36.3,175.5,117.0,38.0
163.0,57.3,21.6,162.2,51.2,19.5
165.0,61.2,22.5,163.8,61.0,22.8
174.4,65.1,21.4,174.0,65.7,21.7
170.0,55.4,19.2,168.7,55.5,19.5
186.2,74.5,21.5,185.1,71.3,20.8
173.7,65.4,21.7,173.4,63.0,20.9
179.8,79.4,24.6,178.5,86.8,27.3
177.8,74.4,23.5,176.3,75.2,24.2
176.9,55.0,17.6,176.2,56.8,18.3
168.4,51.5,18.2,166.8,51.5,18.5
172.6,72.5,24.3,170.9,73.1,25.0
171.0,50.4,17.2,168.7,52.2,18.4
169.0,62.5,21.9,167.8,69.3,24.6
180.8,58.8,18.0,179.7,60.6,18.8
176.2,72.2,23.3,175.7,67.0,21.7
180.4,72.5,22.3,178.4,75.1,23.6
170.7,55.3,19.0,168.5,56.8,20.0
166.4,50.2,18.1,165.5,51.9,18.9
177.7,82.9,26.3,176.3,80.9,26.0
175.0,68.6,22.4,173.1,68.5,22.9
171.7,91.1,30.9,170.4,89.5,30.8
167.9,72.3,25.6,166.5,71.7,25.8
177.4,67.3,21.4,175.6,63.0,20.4
183.2,62.1,18.5,181.2,61.8,18.8
178.2,99.6,31.4,176.2,98.9,31.8
169.1,66.7,23.3,168.1,66.4,23.5
166.7,57.0,20.5,165.1,54.3,19.9
167.5,50.8,18.1,166.1,50.8,18.4
174.5,86.3,28.3,174.1,85.1,28.1
181.4,95.3,29.0,179.2,99.4,31.0
172.1,71.6,24.2,170.9,67.7,23.2
164.6,56.9,21.0,163.7,60.4,22.5
178.9,106.0,33.1,176.6,100.4,32.2
184.4,102.2,30.1,181.5,105.7,32.1
180.2,92.6,28.5,178.9,85.3,26.6
182.0,68.1,20.6,180.3,68.9,21.2
174.8,99.3,32.5,173.0,97.7,32.7
172.0,90.8,30.7,170.7,89.1,30.6
179.7,94.7,29.3,177.5,84.5,26.8
176.7,61.1,19.6,175.9,63.9,20.6
173.8,52.5,17.4,172.0,54.6,18.5
172.2,58.5,19.7,171.3,57.2,19.5
173.9,76.2,25.2,171.7,75.2,25.5
174.4,67.9,22.3,174.0,67.9,22.4
180.1,75.2,23.2,179.2,83.7,26.1
180.2,64.4,19.8,178.8,63.7,19.9
168.3,76.7,27.1,167.1,75.2,27.0
164.2,56.2,20.8,164.0,61.4,22.8
179.0,86.0,26.8,178.6,81.1,25.4
172.9,96.0,32.1,171.3,94.2,32.1
169.3,77.8,27.1,168.8,69.6,24.4
173.9,58.8,19.4,172.1,57.4,19.4
177.9,87.3,27.6,177.0,88.7,28.3
164.0,76.9,28.6,163.5,77.2,28.9
170.1,66.5,23.0,168.5,64.0,22.5
169.0,66.9,23.4,167.9,68.4,24.3
161.4,64.1,24.6,160.1,63.0,24.6
173.7,73.9,24.5,172.5,71.7,24.1
175.8,83.9,27.1,174.6,85.6,28.1
168.0,65.1,23.1,166.6,63.0,22.7
170.0,56.4,19.5,167.5,49.2,17.5
171.1,85.3,29.1,169.6,83.8,29.1
173.6,102.7,34.1,172.9,96.2,32.2
168.2,71.1,25.1,167.3,69.3,24.8
176.6,57.9,18.6,176.0,57.9,18.7
176.7,81.3,26.0,174.9,82.4,26.9
169.9,60.8,21.1,168.5,61.6,21.7
175.9,58.0,18.7,173.8,58.2,19.3
173.8,69.3,22.9,173.2,69.2,23.1
172.2,87.0,29.3,171.2,81.6,27.8
169.4,69.1,24.1,168.0,68.5,24.3
173.3,70.9,23.6,172.1,70.9,23.9
176.5,62.4,20.0,175.2,62.9,20.5
164.2,57.3,21.3,163.6,54.1,20.2
166.1,53.6,19.4,164.0,52.6,19.6
168.8,59.7,21.0,167.7,55.2,19.6
178.6,63.7,20.0,176.7,68.3,21.9
171.5,71.9,24.4,170.0,66.5,23.0
179.7,87.9,27.2,177.4,83.5,26.5
171.3,59.4,20.2,169.6,60.5,21.0
172.7,73.5,24.6,170.6,73.8,25.4
178.8,99.0,31.0,177.8,98.2,31.0
170.9,62.8,21.5,168.7,60.1,21.1
179.6,103.9,32.2,177.6,98.2,31.1
168.8,66.0,23.2,168.5,64.9,22.9
180.0,59.0,18.2,178.4,58.3,18.3
167.0,64.9,23.3,166.4,63.3,22.9
167.5,72.2,25.7,167.8,72.4,25.7
172.0,60.3,20.4,171.2,68.0,23.2
175.7,65.5,21.2,174.2,63.2,20.8
177.7,65.4,20.7,176.9,62.0,19.8
176.8,85.6,27.4,174.5,81.7,26.8
187.5,82.3,23.4,185.8,85.0,24.6
169.5,80.6,28.1,169.0,69.6,24.4
170.6,79.4,27.3,169.3,76.8,26.8
183.2,63.4,18.9,181.1,64.8,19.7
178.9,65.1,20.3,176.5,58.1,18.7
180.0,88.0,27.2,179.0,94.0,29.4
168.5,54.5,19.2,167.0,57.5,20.6
170.0,54.7,18.9,167.6,52.8,18.8
172.3,70.5,23.7,171.2,69.5,23.7
178.7,80.6,25.2,177.5,83.6,26.5
163.8,54.4,20.3,162.1,50.7,19.3
171.7,68.4,23.2,170.0,74.0,25.6
167.7,50.4,17.9,166.5,52.0,18.7
171.2,84.1,28.7,169.8,84.1,29.2
172.1,75.1,25.4,170.3,75.1,25.9
178.9,80.4,25.1,177.4,84.0,26.7
168.4,59.1,20.8,166.6,62.2,22.4
171.9,66.0,22.3,172.0,66.2,22.4
173.6,70.1,23.3,172.1,69.7,23.5
174.5,76.1,25.0,173.8,81.2,26.9
178.5,57.1,17.9,177.6,62.2,19.7
187.1,112.6,32.2,184.2,104.2,30.7
179.9,76.8,23.7,178.1,75.6,23.8
169.9,60.1,20.8,168.9,60.1,21.1
175.8,79.9,25.9,175.5,81.0,26.3
176.2,102.6,33.0,175.0,102.9,33.6
175.4,66.2,21.5,173.9,71.5,23.6
169.9,68.6,23.8,169.6,61.4,21.4
171.7,64.7,21.9,171.3,67.4,23.0
173.9,78.7,26.0,173.3,77.3,25.8
174.4,83.5,27.5,172.0,78.9,26.7
172.2,76.3,25.7,170.5,79.0,27.2
175.5,69.4,22.5,174.2,64.3,21.2
166.6,65.5,23.6,164.6,63.1,23.3
175.4,84.0,27.3,174.8,86.1,28.2
170.6,84.8,29.1,169.4,88.2,30.7
172.0,62.9,21.3,170.4,61.7,21.3
168.0,56.6,20.1,166.5,55.0,19.8
166.1,63.4,23.0,165.4,66.6,24.4
172.6,52.9,17.8,169.9,51.4,17.8
171.2,71.5,24.4,169.2,68.0,23.8
174.5,60.8,20.0,172.6,58.7,19.7
177.4,70.0,22.2,176.0,66.1,21.3
195.8,91.5,23.9,193.1,84.0,22.5
169.9,69.5,24.1,169.5,66.5,23.1
172.0,51.0,17.2,169.8,54.1,18.8
167.0,70.7,25.4,167.5,78.2,27.9
175.6,54.3,17.6,174.1,55.1,18.2
172.9,51.3,17.2,171.9,57.1,19.3
175.2,68.3,22.3,174.9,70.7,23.1
169.4,69.2,24.1,167.6,65.6,23.3
179.4,71.0,22.1,177.5,65.2,20.7
172.1,54.8,18.5,170.7,53.9,18.5
166.8,75.2,27.0,165.3,66.5,24.3
182.6,72.4,21.7,181.5,68.2,20.7
160.6,59.5,23.1,160.1,58.8,23.0
181.4,59.5,18.1,180.6,61.0,18.7
174.5,72.3,23.7,173.7,70.8,23.5
171.3,68.0,23.2,170.0,65.1,22.5
183.2,92.2,27.5,181.4,93.5,28.4
176.5,60.3,19.4,174.3,54.5,17.9
169.8,64.0,22.2,168.9,64.5,22.6
168.1,64.8,22.9,166.0,59.8,21.7
167.2,67.6,24.2,166.0,71.3,25.9
177.8,69.7,22.0,176.1,68.5,22.1
176.9,61.6,19.7,174.6,61.1,20.0
184.8,74.1,21.7,183.0,77.5,23.1
175.1,82.8,27.0,174.0,86.8,28.7
177.5,70.8,22.5,175.2,77.0,25.1
165.7,100.6,36.6,165.7,98.5,35.9
181.6,103.5,31.4,180.9,94.6,28.9
176.3,70.3,22.6,175.9,72.7,23.5
165.6,57.5,21.0,164.3,57.1,21.2
182.1,60.4,18.2,180.0,61.9,19.1
168.1,65.0,23.0,167.6,67.7,24.1
171.0,68.3,23.4,170.0,68.6,23.7
172.7,64.4,21.6,171.5,68.3,23.2
178.9,66.6,20.8,176.9,58.5,18.7
168.9,55.5,19.5,167.1,56.6,20.3
177.7,69.5,22.0,175.8,66.9,21.6
168.3,65.2,23.0,168.4,68.7,24.2
180.8,69.4,21.2,178.8,64.7,20.2
178.0,88.3,27.9,177.1,88.1,28.1
166.3,55.7,20.1,164.5,52.0,19.2
185.3,73.6,21.4,182.9,72.1,21.6
169.5,69.7,24.3,168.8,70.4,24.7
174.9,69.3,22.7,173.6,67.6,22.4
176.4,69.9,22.5,174.5,68.3,22.4
179.3,84.9,26.4,177.3,92.8,29.5
173.7,84.0,27.8,172.3,77.1,26.0
170.2,63.4,21.9,169.0,66.2,23.2
178.7,59.4,18.6,176.5,66.3,21.3
174.6,72.4,23.7,172.5,67.9,22.8
183.1,112.4,33.5,180.7,110.7,33.9
182.5,60.2,18.1,180.6,59.4,18.2
170.9,55.2,18.9,170.3,54.6,18.8
183.1,81.1,24.2,181.1,77.5,23.6
184.7,92.1,27.0,181.8,100.9,30.5
176.3,84.7,27.3,175.7,89.6,29.0
163.7,59.9,22.4,162.3,60.6,23.0
176.6,83.8,26.9,176.4,88.0,28.3
180.0,72.4,22.3,178.2,76.6,24.1
182.6,68.3,20.5,180.5,67.7,20.8
164.7,64.1,23.6,163.6,64.6,24.2
163.5,59.0,22.1,162.2,60.3,22.9
176.3,63.1,20.3,175.7,64.2,20.8
164.2,42.4,15.7,161.5,47.0,18.0
172.1,72.8,24.6,169.8,77.1,26.7
186.5,81.8,23.5,184.6,78.0,22.9
175.2,77.8,25.3,173.1,79.2,26.5
171.2,68.8,23.5,169.8,66.5,23.1
171.4,67.8,23.1,169.9,62.2,21.6
179.2,80.0,24.9,176.8,78.6,25.2
173.1,95.3,31.8,172.4,95.5,32.1
168.1,69.7,24.7,168.0,69.5,24.6
172.0,79.7,26.9,171.0,83.2,28.5
177.7,82.6,26.2,175.9,82.1,26.5
176.5,70.9,22.8,175.6,72.3,23.5
177.7,62.0,19.6,177.2,64.7,20.6
173.4,75.2,25.0,172.7,71.2,23.9
172.7,74.2,24.9,170.5,78.3,26.9
165.0,59.2,21.7,163.3,65.2,24.5
176.7,73.4,23.5,175.2,73.0,23.8
176.7,93.7,30.0,175.8,96.4,31.2
173.3,62.3,20.7,172.0,63.8,21.6
181.4,82.6,25.1,179.6,80.3,24.9
175.5,76.0,24.7,174.5,70.0,23.0
169.6,54.8,19.1,168.2,54.9,19.4
168.6,74.9,26.3,167.4,75.5,26.9
179.7,57.7,17.9,178.3,58.8,18.5
177.0,66.2,21.1,175.6,71.2,23.1
179.0,94.6,29.5,177.4,96.7,30.7
177.2,60.9,19.4,175.6,66.2,21.5
171.0,51.2,17.5,167.9,48.2,17.1
179.2,73.7,23.0,178.5,74.7,23.4
174.7,72.0,23.6,174.1,72.5,23.9
184.6,119.5,35.1,182.5,118.2,35.5
174.8,74.7,24.4,173.0,78.6,26.3
168.8,65.9,23.1,168.3,61.6,21.7
174.1,73.0,24.1,173.7,67.3,22.3
165.3,47.2,17.3,163.7,48.2,18.0
176.9,57.6,18.4,175.8,62.1,20.1
168.4,52.2,18.4,165.7,50.6,18.4
183.4,112.4,33.4,180.9,103.7,31.7
170.8,99.2,34.0,170.0,101.0,35.0
170.6,59.1,20.3,169.4,58.2,20.3
179.0,99.7,31.1,177.9,96.4,30.5
174.8,73.8,24.2,173.1,71.4,23.8
178.3,81.4,25.6,177.8,82.5,26.1
175.7,101.9,33.0,174.4,96.9,31.9
175.7,46.7,15.1,173.9,52.3,17.3
169.1,65.0,22.7,167.3,60.2,21.5
167.2,59.5,21.3,166.5,58.2,21.0
175.2,95.1,31.0,173.4,95.6,31.8
182.3,78.2,23.5,180.9,68.4,20.9
167.6,73.7,26.2,167.5,72.5,25.8
171.0,98.4,33.7,169.5,92.8,32.3
166.1,55.1,20.0,164.8,52.9,19.5
184.4,62.4,18.4,183.4,64.4,19.2
175.6,90.5,29.3,173.5,93.9,31.2
184.6,124.2,36.4,181.7,118.7,36.0
173.8,62.8,20.8,172.5,73.0,24.5
171.1,63.5,21.7,169.0,62.4,21.8
178.1,77.1,24.3,176.9,76.7,24.5
180.3,68.7,21.1,178.4,64.5,20.3
174.9,68.6,22.4,173.2,68.5,22.8
178.1,69.2,21.8,178.1,65.7,20.7
178.8,81.7,25.6,177.1,81.6,26.0
165.3,49.0,17.9,163.2,49.5,18.6
183.9,96.9,28.7,182.6,95.8,28.7
169.2,60.3,21.1,167.6,51.7,18.4
172.1,78.3,26.4,170.0,79.1,27.4
179.8,73.4,22.7,178.9,72.1,22.5
173.4,67.8,22.5,172.8,63.2,21.2
170.4,51.5,17.7,169.3,58.8,20.5
178.6,62.3,19.5,177.5,59.9,19.0
173.8,72.0,23.8,173.0,65.3,21.8
179.8,60.5,18.7,177.7,63.4,20.1
174.8,63.2,20.7,173.6,68.5,22.7
174.3,59.9,19.7,172.7,59.8,20.1
166.1,53.9,19.5,163.4,53.7,20.1
175.3,86.1,28.0,174.0,78.8,26.0
173.9,65.5,21.7,172.3,61.8,20.8
176.4,61.4,19.7,174.5,62.1,20.4
174.4,83.0,27.3,172.4,81.4,27.4
169.9,78.0,27.0,169.5,72.7,25.3
166.1,58.6,21.2,164.2,59.5,22.1
181.7,84.8,25.7,180.9,80.0,24.5
182.6,88.9,26.7,180.6,85.7,26.3
168.2,50.1,17.7,167.3,54.2,19.4
175.5,64.2,20.8,173.3,59.2,19.7
174.6,80.7,26.5,174.5,81.1,26.6
173.1,76.9,25.7,171.1,81.0,27.7
176.7,89.4,28.6,174.4,93.0,30.6
164.0,77.2,28.7,162.9,73.1,27.6
163.8,61.0,22.7,164.3,69.5,25.7
173.2,76.9,25.6,172.7,71.9,24.1
175.8,60.1,19.4,173.8,60.6,20.0
175.9,70.6,22.8,175.3,67.5,22.0
174.8,65.4,21.4,174.2,65.8,21.7
167.3,87.9,31.4,165.7,85.3,31.1
170.8,53.2,18.2,169.0,60.5,21.2
168.5,81.5,28.7,167.0,87.1,31.2
182.2,99.1,29.9,179.7,95.1,29.4
173.7,92.0,30.5,172.6,96.3,32.3
177.6,75.3,23.9,176.3,74.7,24.0
172.9,67.5,22.6,171.1,64.6,22.1
173.2,64.1,21.4,171.6,57.2,19.5
171.0,62.1,21.2,169.0,61.3,21.5
168.2,72.3,25.6,167.5,76.2,27.2
174.3,80.7,26.6,173.4,88.4,29.4
171.4,69.8,23.8,170.5,72.5,25.0
178.0,89.9,28.4,175.6,92.2,29.9
168.1,59.5,21.1,166.2,59.4,21.5
169.5,60.0,20.9,168.4,62.1,21.9
168.8,67.9,23.8,168.3,74.1,26.2
176.1,65.1,21.0,174.1,63.3,20.9
175.6,89.0,28.9,174.9,82.3,26.9
177.0,57.7,18.4,175.8,60.6,19.6
175.5,59.9,19.4,173.8,59.5,19.7
167.3,66.3,23.7,166.5,65.9,23.8
187.1,66.6,19.0,185.0,61.3,17.9
171.2,91.2,31.1,171.2,92.8,31.7
171.4,63.6,21.6,170.0,58.8,20.3
177.9,82.2,26.0,175.5,81.1,26.3
165.5,70.8,25.8,163.7,65.8,24.6
177.7,100.4,31.8,176.4,106.1,34.1
177.8,62.4,19.7,176.6,63.2,20.3
179.2,59.2,18.4,178.4,63.4,19.9
180.1,115.8,35.7,177.8,112.0,35.4
186.3,72.3,20.8,184.8,69.0,20.2
165.2,56.3,20.6,163.6,56.5,21.1
177.6,62.5,19.8,175.3,59.7,19.4
178.7,60.1,18.8,177.2,59.0,18.8
177.2,67.9,21.6,176.6,63.1,20.2
173.4,68.2,22.7,171.9,68.5,23.2
174.9,67.5,22.1,174.2,66.2,21.8
177.1,61.4,19.6,174.8,63.6,20.8
182.3,60.8,18.3,179.6,59.4,18.4
170.1,62.4,21.6,169.5,63.8,22.2
182.7,108.0,32.4,180.4,104.1,32.0
177.5,115.7,36.7,175.6,109.2,35.4
175.9,84.2,27.2,174.7,80.3,26.3
175.3,64.7,21.1,174.3,68.3,22.5
175.0,83.0,27.1,173.1,89.4,29.8
175.1,67.6,22.0,174.1,71.3,23.5
175.6,84.0,27.2,173.4,81.1,27.0
174.7,104.3,34.2,173.8,100.3,33.2
169.8,62.5,21.7,169.2,59.4,20.7
173.5,86.3,28.7,172.4,86.1,29.0
177.9,103.8,32.8,176.5,104.4,33.5
175.2,75.0,24.4,173.7,71.1,23.6
178.6,62.0,19.4,177.4,65.7,20.9
190.7,103.5,28.5,187.8,102.8,29.2
174.6,57.2,18.8,172.1,52.3,17.7
175.4,60.9,19.8,174.3,62.9,20.7
178.4,70.9,22.3,177.0,71.4,22.8
176.1,69.9,22.5,175.8,67.5,21.8
176.0,103.5,33.4,174.9,93.1,30.4
185.0,81.2,23.7,183.4,79.7,23.7
176.4,67.3,21.6,174.3,64.0,21.1
177.3,76.6,24.4,175.3,73.4,23.9
172.7,76.3,25.6,172.1,76.5,25.8
172.8,80.4,26.9,171.0,78.5,26.8
179.7,88.7,27.5,178.3,84.9,26.7
180.5,97.8,30.0,177.5,95.4,30.3
175.3,47.7,15.5,172.6,53.8,18.1
179.0,63.7,19.9,177.8,59.9,19.0
181.6,96.7,29.3,180.1,97.7,30.1
178.3,70.7,22.2,177.8,68.2,21.5
167.9,60.2,21.4,167.6,62.2,22.1
174.8,63.8,20.9,173.5,64.9,21.5
171.3,53.0,18.1,169.9,52.9,18.3
167.8,67.0,23.8,167.1,69.1,24.8
176.0,70.3,22.7,173.5,64.9,21.5
179.1,72.0,22.4,177.8,69.0,21.8
176.8,90.1,28.8,176.4,90.8,29.2
173.8,64.9,21.5,171.9,66.4,22.5
182.1,69.8,21.0,181.6,69.8,21.2
166.9,45.9,16.5,165.0,48.8,17.9
174.1,64.9,21.4,172.6,63.9,21.4
178.1,53.2,16.8,176.5,62.8,20.2
180.7,62.5,19.1,179.0,62.0,19.4
173.2,70.6,23.5,171.7,63.1,21.4
188.4,74.4,21.0,187.3,69.5,19.8
171.1,55.4,18.9,169.0,58.3,20.4
180.6,106.8,32.7,178.3,100.3,31.6
180.9,76.2,23.3,178.7,65.9,20.6
173.9,70.1,23.2,172.8,72.0,24.1
174.1,63.4,20.9,173.1,58.4,19.5
175.7,69.4,22.5,174.0,72.8,24.0
174.4,72.8,23.9,173.3,75.4,25.1
171.0,71.2,24.3,170.1,71.3,24.6
165.5,91.9,33.6,165.3,93.1,34.1
165.7,70.8,25.8,165.7,69.3,25.2
177.9,61.0,19.3,176.8,62.1,19.9
169.9,69.2,24.0,168.8,76.8,26.9
182.3,79.6,24.0,181.1,69.1,21.1
169.9,66.5,23.0,168.3,63.2,22.3
174.3,78.1,25.7,173.1,76.0,25.4
176.9,80.4,25.7,175.3,78.1,25.4
175.3,53.4,17.4,173.5,53.3,17.7
169.6,88.5,30.8,168.6,93.0,32.7
171.5,65.4,22.2,170.1,62.7,21.7
166.7,66.3,23.9,165.8,60.4,22.0
183.9,83.8,24.8,181.3,87.7,26.7
181.0,97.7,29.8,179.6,101.7,31.5
181.1,75.7,23.1,179.8,65.1,20.1
178.5,57.2,18.0,176.4,60.2,19.3
168.7,72.5,25.5,168.0,70.0,24.8
177.6,90.7,28.8,175.6,89.6,29.0
181.0,70.3,21.5,178.6,62.8,19.7
167.6,70.1,25.0,167.7,69.1,24.5
181.9,100.9,30.5,180.5,90.9,27.9
176.0,61.8,20.0,175.1,60.6,19.8
170.5,86.8,29.9,170.4,85.9,29.6
193.7,86.5,23.1,189.6,85.0,23.6
174.2,52.8,17.4,172.2,55.5,18.7
181.6,81.3,24.7,180.2,83.3,25.7
172.8,83.8,28.1,171.4,81.5,27.7
177.9,77.3,24.4,175.8,76.5,24.7
170.0,65.9,22.8,169.6,60.4,21.0
176.7,88.3,28.3,175.8,87.7,28.4
168.0,57.3,20.3,167.1,55.2,19.8
176.0,61.1,19.7,174.0,58.4,19.3
165.3,55.4,20.3,164.8,56.4,20.8
176.5,70.4,22.6,175.0,59.3,19.4
178.2,78.5,24.7,177.1,75.4,24.0
167.0,66.2,23.7,165.9,69.9,25.4
176.7,59.0,18.9,175.1,58.9,19.2
179.2,74.3,23.1,177.4,66.7,21.2
170.5,56.8,19.5,169.2,53.4,18.6
167.2,56.8,20.3,165.8,58.6,21.3
163.4,67.0,25.1,162.8,74.9,28.3
164.7,51.3,18.9,163.4,53.3,20.0
177.4,101.8,32.3,175.6,104.3,33.8
173.3,81.5,27.1,172.6,77.8,26.1
170.7,67.1,23.0,168.9,66.0,23.1
174.0,82.2,27.2,172.7,76.5,25.7
182.5,79.7,23.9,181.6,72.3,21.9
182.3,70.0,21.1,180.6,59.3,18.2
174.0,64.4,21.3,172.9,61.1,20.4
187.2,105.1,30.0,185.2,100.0,29.1
168.2,57.7,20.4,166.5,56.6,20.4
172.3,62.4,21.0,170.2,63.0,21.7
179.0,103.6,32.3,176.8,99.9,32.0
176.8,62.9,20.1,175.5,60.1,19.5
163.6,87.6,32.7,163.6,91.8,34.3
176.0,95.7,30.9,173.8,86.6,28.7
170.4,63.1,21.7,169.5,62.3,21.7
177.7,78.8,25.0,176.8,78.1,25.0
172.4,92.7,31.2,171.4,92.6,31.5
178.5,58.3,18.3,177.3,63.5,20.2
182.7,67.7,20.3,182.3,70.5,21.2
178.6,72.1,22.6,177.1,69.1,22.0
174.3,73.8,24.3,172.5,70.6,23.7
183.0,108.0,32.2,180.1,107.0,33.0
177.8,71.0,22.5,175.7,65.4,21.2
171.6,71.8,24.4,169.8,71.7,24.9
177.6,66.2,21.0,177.0,65.0,20.8
178.6,76.0,23.8,178.0,77.2,24.4
167.1,57.9,20.7,166.6,55.5,20.0
181.0,62.3,19.0,180.2,63.0,19.4
175.0,65.6,21.4,173.4,66.4,22.1
181.2,90.3,27.5,178.5,97.5,30.6
174.8,73.6,24.1,173.1,90.6,30.2
171.1,69.0,23.6,171.1,67.1,22.9
178.7,71.0,22.2,177.7,78.0,24.7
165.1,75.1,27.6,164.2,79.7,29.6
177.5,96.9,30.8,174.5,97.1,31.9
172.6,67.3,22.6,171.6,70.4,23.9
175.3,70.3,22.9,174.0,68.8,22.7
173.3,60.0,20.0,171.5,64.4,21.9
172.1,64.2,21.7,170.1,64.4,22.3
170.9,62.8,21.5,170.3,61.1,21.1
170.5,70.0,24.1,170.1,65.8,22.7
171.7,73.4,24.9,169.8,65.7,22.8
171.1,54.6,18.7,169.2,54.1,18.9
176.0,96.1,31.0,174.4,96.8,31.8
183.0,72.7,21.7,182.5,70.9,21.3
173.9,75.2,24.9,173.2,78.9,26.3
174.7,56.2,18.4,172.9,57.7,19.3
183.3,69.3,20.6,181.8,68.9,20.8
162.3,70.0,26.6,162.2,68.0,25.9
174.5,61.4,20.2,172.6,67.2,22.5
183.8,103.8,30.7,181.6,102.1,30.9
180.1,82.2,25.3,178.0,83.8,26.5
178.4,74.0,23.3,176.9,75.9,24.3
167.4,76.9,27.4,166.2,62.5,22.6
179.3,81.4,25.3,177.7,87.2,27.6
174.9,64.9,21.2,174.5,72.2,23.7
178.5,72.9,22.9,177.6,69.3,22.0
175.8,57.2,18.5,174.6,58.4,19.2
176.0,59.5,19.2,174.9,58.0,19.0
178.1,113.2,35.7,176.1,107.5,34.7
169.3,75.5,26.3,168.5,79.6,28.1
164.8,89.2,32.8,164.3,75.6,28.0
166.1,62.8,22.8,165.1,61.1,22.4
173.1,56.8,19.0,171.3,61.6,21.0
174.7,77.8,25.5,174.5,75.4,24.8
172.6,60.1,20.2,170.5,64.2,22.1
182.1,75.4,22.7,180.0,69.9,21.6
184.2,108.0,31.8,181.2,104.8,31.9
175.5,71.2,23.1,175.0,75.3,24.6
179.9,76.0,23.5,179.2,72.9,22.7
167.3,61.0,21.8,166.6,58.9,21.2
175.0,74.0,24.2,173.2,79.6,26.5
179.7,66.9,20.7,177.3,64.6,20.5
179.5,70.3,21.8,177.4,68.6,21.8
174.2,47.1,15.5,172.8,51.4,17.2
173.5,55.0,18.3,172.1,58.4,19.7
176.0,99.1,32.0,174.0,100.7,33.3
173.3,89.7,29.9,171.5,87.7,29.8
170.5,73.8,25.4,169.8,72.5,25.2
173.2,59.7,19.9,171.2,61.3,20.9
179.2,74.6,23.2,178.1,67.7,21.3
180.6,91.8,28.1,179.1,87.4,27.3
172.5,54.5,18.3,170.4,53.6,18.4
172.5,86.1,28.9,171.7,79.1,26.8
176.9,99.4,31.8,174.5,101.7,33.4
169.5,68.1,23.7,168.6,62.5,22.0
175.3,97.0,31.6,173.2,95.5,31.8
171.6,77.5,26.3,169.5,77.7,27.0
173.1,54.8,18.3,171.1,54.8,18.7
180.5,84.0,25.8,179.3,78.0,24.3
175.7,74.3,24.1,174.5,74.3,24.4
172.8,57.4,19.2,172.3,61.3,20.7
172.0,77.0,26.0,170.3,64.3,22.2
173.7,55.7,18.5,172.1,56.0,18.9
175.4,84.7,27.5,173.5,81.4,27.0
179.0,79.0,24.7,177.8,77.6,24.6
179.2,79.2,24.7,178.0,79.1,25.0
173.0,60.1,20.1,172.3,58.4,19.7
178.3,58.4,18.4,177.0,62.4,19.9
174.3,55.3,18.2,171.6,60.1,20.4
176.8,62.0,19.8,176.1,69.8,22.5
177.7,63.7,20.2,175.6,63.2,20.5
171.1,64.2,21.9,169.7,73.6,25.6
177.6,81.5,25.8,175.5,80.4,26.1
175.6,60.6,19.7,174.2,62.1,20.5
182.7,82.5,24.7,181.0,80.5,24.6
171.8,75.0,25.4,170.3,74.1,25.6
175.8,61.9,20.0,174.2,62.9,20.7
174.2,86.6,28.5,173.1,85.9,28.6
170.7,96.9,33.3,169.1,95.4,33.3
170.7,76.8,26.4,169.3,83.5,29.1
173.9,79.5,26.3,173.4,75.6,25.1
172.4,76.0,25.6,171.0,67.2,23.0
174.8,65.7,21.5,173.8,61.8,20.5
176.6,67.7,21.7,175.2,61.2,19.9
177.4,69.6,22.1,175.4,67.6,22.0
182.0,82.6,24.9,180.9,79.2,24.2
172.0,69.0,23.3,171.3,69.6,23.7
175.1,65.2,21.3,174.2,64.2,21.2
186.9,127.9,36.6,184.6,124.3,36.5
175.6,67.2,21.8,173.5,60.7,20.2
168.4,69.4,24.5,167.7,70.1,24.9
174.7,80.8,26.5,173.5,87.7,29.1
177.2,103.0,32.8,174.5,95.9,31.5
180.3,74.5,22.9,179.1,75.4,23.5
174.3,62.9,20.7,172.7,62.4,20.9
176.6,65.6,21.0,175.9,64.8,20.9
164.7,57.9,21.3,164.9,61.5,22.6
167.9,59.5,21.1,166.2,57.9,21.0
162.4,69.6,26.4,160.7,65.9,25.5
176.2,67.9,21.9,174.8,67.6,22.1
170.2,72.6,25.1,169.5,75.4,26.3
175.5,64.8,21.0,173.8,61.3,20.3
172.1,79.1,26.7,171.8,77.0,26.1
166.9,63.8,22.9,166.7,61.1,22.0
178.6,52.6,16.5,177.1,56.0,17.9
175.9,74.3,24.0,175.0,71.5,23.3
182.0,114.2,34.5,180.5,105.6,32.4
164.8,43.2,15.9,162.1,46.4,17.7
181.1,72.9,22.2,180.5,71.0,21.8
167.2,60.8,21.7,166.8,60.5,21.7
178.8,74.5,23.3,176.4,74.8,24.0
178.0,80.8,25.5,176.9,74.6,23.8
169.7,61.9,21.5,167.6,55.2,19.7
173.3,79.8,26.6,171.8,82.0,27.8
174.0,62.9,20.8,172.5,61.1,20.5
177.6,79.2,25.1,175.4,76.1,24.7
186.6,71.8,20.6,184.3,70.7,20.8
171.3,64.3,21.9,171.0,58.4,20.0
178.8,84.5,26.4,177.8,84.7,26.8
169.6,69.1,24.0,168.3,71.4,25.2
169.2,81.8,28.6,167.6,79.3,28.2
177.9,63.0,19.9,176.8,68.7,22.0
172.6,81.4,27.3,172.8,84.7,28.4
174.4,67.0,22.0,173.5,66.7,22.2
174.5,64.1,21.1,172.7,61.7,20.7
176.1,62.4,20.1,174.9,58.8,19.2
178.2,84.9,26.7,176.5,87.2,28.0
178.0,69.0,21.8,176.6,68.5,22.0
172.0,64.8,21.9,170.5,68.1,23.4
171.4,71.0,24.2,169.4,75.1,26.2
178.5,113.5,35.6,176.7,107.7,34.5
185.4,54.6,15.9,182.9,58.5,17.5
178.7,69.1,21.6,178.3,73.6,23.1
179.4,79.2,24.6,177.5,83.3,26.4
176.3,102.6,33.0,174.2,95.2,31.4
184.6,80.1,23.5,182.4,76.3,22.9
176.6,58.8,18.9,175.3,61.0,19.9
174.6,63.1,20.7,173.2,64.8,21.6
177.2,73.4,23.4,176.2,79.7,25.7
169.2,74.7,26.1,169.2,72.4,25.3
190.1,89.3,24.7,186.8,85.6,24.5
174.1,66.8,22.0,172.9,66.8,22.4
178.1,64.8,20.4,177.2,65.0,20.7
175.8,78.5,25.4,174.2,77.6,25.6
175.0,76.7,25.0,174.0,72.3,23.9
176.9,75.9,24.3,175.9,79.5,25.7
172.8,78.2,26.2,172.6,70.8,23.8
180.6,71.4,21.9,179.7,71.0,22.0
179.2,76.1,23.7,178.1,73.5,23.2
176.9,79.8,25.5,176.2,84.2,27.1
172.0,61.2,20.7,171.9,59.4,20.1
189.6,134.4,37.4,186.6,125.5,36.0
175.3,55.4,18.0,172.2,53.4,18.0
176.1,64.6,20.8,174.8,65.6,21.5
166.9,70.8,25.4,165.6,71.5,26.1
179.3,58.0,18.0,178.1,56.8,17.9
179.6,59.5,18.4,178.4,61.6,19.3
173.2,62.8,20.9,171.0,61.2,20.9
170.5,77.7,26.7,169.0,78.5,27.5
168.1,91.7,32.5,166.8,91.3,32.8
172.7,80.0,26.8,171.4,78.3,26.7
169.6,65.7,22.8,167.3,57.3,20.5
180.1,84.5,26.1,178.7,74.2,23.3
184.5,63.2,18.6,183.1,66.9,20.0
184.1,59.6,17.6,182.3,63.3,19.1
182.7,82.5,24.7,180.2,84.8,26.1
182.1,71.3,21.5,180.1,75.5,23.3
162.9,65.2,24.6,161.4,68.8,26.4
177.7,72.8,23.1,175.5,70.8,23.0
174.1,65.7,21.7,173.6,71.9,23.8
185.8,72.4,21.0,184.5,74.3,21.8
173.2,59.6,19.9,170.9,56.3,19.3
167.1,70.3,25.2,166.0,65.9,23.9
176.7,71.2,22.8,174.7,71.8,23.5
172.7,64.7,21.7,170.8,63.6,21.8
170.2,97.8,33.8,169.0,96.4,33.7
176.7,115.6,37.0,176.4,114.4,36.7
169.5,60.8,21.2,168.2,61.1,21.6
180.6,63.4,19.4,178.8,61.8,19.3
169.2,94.6,33.0,168.1,87.2,30.8
176.8,61.1,19.5,175.7,56.4,18.3
170.8,92.8,31.8,169.3,97.1,33.9
172.2,69.0,23.3,170.4,61.4,21.1
170.0,54.2,18.8,167.6,53.6,19.1
170.9,74.2,25.4,170.6,75.5,25.9
166.8,78.8,28.3,165.6,76.3,27.8
183.5,76.5,22.7,181.8,71.9,21.7
172.3,67.9,22.9,170.7,63.3,21.7
171.2,68.8,23.5,169.1,65.9,23.0
172.7,59.4,19.9,171.8,58.6,19.9
164.0,62.6,23.3,164.3,62.8,23.3
172.6,82.1,27.6,170.8,82.1,28.1
178.1,69.9,22.0,177.4,69.0,21.9
171.4,77.6,26.4,171.4,76.1,25.9
174.7,71.2,23.3,174.0,71.9,23.8
178.7,71.3,22.3,176.8,65.7,21.0
191.5,79.6,21.7,187.9,76.6,21.7
176.1,68.8,22.2,175.2,69.7,22.7
184.2,78.1,23.0,182.8,75.5,22.6
178.3,83.6,26.3,176.5,92.3,29.6
184.6,89.8,26.4,182.6,76.4,22.9
177.5,80.8,25.6,175.8,86.8,28.1
172.8,61.7,20.7,172.1,57.3,19.3
179.5,61.7,19.1,178.5,62.4,19.6
172.4,74.0,24.9,170.6,71.9,24.7
169.7,77.0,26.7,169.2,79.5,27.8
164.8,53.2,19.6,164.6,56.0,20.7
179.4,68.4,21.3,178.5,67.5,21.2
172.9,73.7,24.7,171.2,69.4,23.7
174.3,54.0,17.8,172.3,51.6,17.4
179.3,79.2,24.6,177.0,75.9,24.2
172.5,79.8,26.8,171.6,78.4,26.6
183.7,90.7,26.9,181.5,81.7,24.8
176.9,83.0,26.5,176.4,80.3,25.8
169.6,86.0,29.9,168.7,93.8,33.0
170.0,61.0,21.1,169.9,65.0,22.5
170.1,58.6,20.3,168.1,57.4,20.3
179.0,51.1,15.9,177.9,55.0,17.4
176.1,63.1,20.3,173.8,56.3,18.6
164.6,56.6,20.9,164.2,53.7,19.9
178.6,59.5,18.7,177.6,64.9,20.6
174.0,77.9,25.7,172.9,79.9,26.7
177.4,63.2,20.1,175.1,70.3,22.9
180.0,91.3,28.2,178.7,86.0,26.9
185.3,69.2,20.2,183.0,70.8,21.2
174.0,56.6,18.7,172.9,59.4,19.9
174.6,67.4,22.1,173.6,71.3,23.7
169.7,47.8,16.6,167.7,50.9,18.1
181.2,84.0,25.6,179.9,80.8,25.0
169.0,63.4,22.2,166.9,57.5,20.6
179.6,72.4,22.4,178.1,63.1,19.9
178.7,75.0,23.5,178.4,70.5,22.2
181.3,97.0,29.5,179.4,92.3,28.7
175.1,87.5,28.5,173.5,82.6,27.4
173.4,90.2,30.0,171.9,90.9,30.7
169.1,51.7,18.1,168.0,54.0,19.1
183.1,61.9,18.5,181.1,62.2,19.0
188.7,129.9,36.5,185.8,122.5,35.5
175.0,57.6,18.8,173.2,57.5,19.2
172.2,91.7,30.9,170.3,92.1,31.8
175.8,70.0,22.6,174.2,67.0,22.1
173.5,60.9,20.2,172.0,54.0,18.3
169.1,51.6,18.0,167.5,50.3,17.9
179.4,73.2,22.7,177.0,76.1,24.3
177.7,79.5,25.2,176.6,76.4,24.5
187.8,100.6,28.5,185.0,96.5,28.2
175.1,65.0,21.2,173.4,64.0,21.3
175.8,67.3,21.8,173.4,65.0,21.6
170.2,81.2,28.0,169.7,80.3,27.9
177.5,108.9,34.6,175.6,100.4,32.6
180.3,97.4,30.0,177.8,98.7,31.2
182.4,78.6,23.6,180.9,78.5,24.0
174.9,88.2,28.8,173.4,78.2,26.0
172.2,51.4,17.3,171.3,56.1,19.1
175.0,52.6,17.2,173.6,53.8,17.9
176.8,86.1,27.5,174.8,85.8,28.1
169.0,63.7,22.3,168.1,65.5,23.2
177.3,69.9,22.2,175.9,67.0,21.7
169.4,69.8,24.3,167.7,63.1,22.4
169.6,59.3,20.6,167.8,62.5,22.2
170.6,91.9,31.6,170.6,91.4,31.4
170.5,52.1,17.9,169.2,55.5,19.4
174.2,59.7,19.7,173.3,61.5,20.5
167.0,61.6,22.1,166.7,66.7,24.0
180.1,79.3,24.4,178.7,83.9,26.3
173.6,64.8,21.5,173.0,71.0,23.7
171.4,81.5,27.7,169.9,79.9,27.7
175.4,65.9,21.4,174.0,63.4,21.0
185.0,57.8,16.9,181.3,54.2,16.5
174.2,64.1,21.1,172.2,62.9,21.2
171.4,62.7,21.3,170.4,57.4,19.8
176.9,57.6,18.4,175.8,62.1,20.1
179.3,55.6,17.3,177.6,61.7,19.6
174.0,52.7,17.4,172.7,57.7,19.4
175.9,64.0,20.7,174.9,62.2,20.3
171.4,89.5,30.5,170.7,99.5,34.2
171.1,89.1,30.4,170.3,90.1,31.1
167.7,55.4,19.7,165.4,53.8,19.6
173.7,90.1,29.9,172.7,92.5,31.0
190.3,74.1,20.5,187.7,68.3,19.4
172.9,75.7,25.3,172.1,79.1,26.7
184.9,82.5,24.1,184.3,81.6,24.0
167.5,63.1,22.5,166.2,55.2,20.0
179.8,80.0,24.7,178.5,72.5,22.8
176.2,76.3,24.6,175.5,83.2,27.0
176.1,61.2,19.7,174.8,52.0,17.0
174.5,50.0,16.4,173.0,52.8,17.6
170.4,78.9,27.2,169.1,78.9,27.6
169.2,70.3,24.6,167.9,69.4,24.6
174.4,64.0,21.0,173.4,60.8,20.2
177.9,69.3,21.9,175.9,64.8,20.9
175.4,65.6,21.3,173.3,63.3,21.1
181.2,85.6,26.1,180.3,87.2,26.8
184.2,66.9,19.7,182.2,72.3,21.8
179.3,74.8,23.3,177.5,78.1,24.8
166.2,79.9,28.9,167.0,86.2,30.9
182.4,76.3,22.9,179.9,81.9,25.3
180.4,79.8,24.5,178.8,73.9,23.1
179.4,76.2,23.7,177.8,73.8,23.3
178.5,101.6,31.9,177.1,108.6,34.6
172.7,87.1,29.2,171.8,85.2,28.9
176.1,72.5,23.4,175.5,71.2,23.1
176.9,64.9,20.7,175.7,60.9,19.7
180.3,79.8,24.5,179.6,72.4,22.5
184.7,67.2,19.7,183.4,71.7,21.3
179.1,87.3,27.2,177.2,93.9,29.9
180.9,74.7,22.8,179.4,74.8,23.3
175.1,76.4,24.9,173.0,76.4,25.5
172.2,60.4,20.4,170.4,65.3,22.5
180.1,71.8,22.1,178.6,66.1,20.7
163.7,65.8,24.6,162.7,66.7,25.2
169.0,84.3,29.5,168.6,83.6,29.4
171.5,70.7,24.0,170.3,77.1,26.6
165.4,78.3,28.6,164.1,79.5,29.5
180.6,80.0,24.5,179.1,79.0,24.6
183.4,70.8,21.0,180.8,65.2,20.0
178.1,72.8,23.0,177.4,70.4,22.4
185.1,89.1,26.0,182.9,83.8,25.0
175.3,72.3,23.5,173.3,66.1,22.0
183.0,66.8,19.9,181.0,64.2,19.6
164.1,66.8,24.8,164.1,66.8,24.8
174.9,63.5,20.8,174.4,63.9,21.0
172.1,73.7,24.9,172.0,70.4,23.8
165.9,65.1,23.7,165.2,63.7,23.3
174.9,71.5,23.4,173.5,79.7,26.5
172.8,61.0,20.4,171.9,58.1,19.7
186.4,78.8,22.7,184.5,80.1,23.5
172.5,61.7,20.7,170.5,60.5,20.8
167.3,66.6,23.8,165.6,78.9,28.8
163.6,69.0,25.8,161.5,62.7,24.0
183.1,78.7,23.5,181.8,78.1,23.6
169.6,49.8,17.3,167.1,51.8,18.6
172.4,64.2,21.6,172.1,64.5,21.8
165.2,54.0,19.8,162.6,50.9,19.2
174.5,61.3,20.1,173.1,62.2,20.8
170.6,82.6,28.4,169.2,87.2,30.5
187.0,71.6,20.5,186.0,68.2,19.7
169.9,82.2,28.5,169.6,78.4,27.2
173.9,58.3,19.3,172.2,60.0,20.2
170.6,58.7,20.2,169.2,55.5,19.4
177.2,58.6,18.7,176.1,62.4,20.1
170.4,63.3,21.8,169.7,60.8,21.1
182.3,76.4,23.0,180.1,72.5,22.3
175.1,80.0,26.1,173.6,86.4,28.7
177.7,65.7,20.8,176.3,71.7,23.1
175.1,62.7,20.5,173.3,55.6,18.5
165.5,46.6,17.0,162.7,51.5,19.5
169.0,94.6,33.1,167.9,97.5,34.6
167.8,70.2,24.9,166.6,74.0,26.7
168.7,59.8,21.0,167.7,59.1,21.0
179.5,79.4,24.6,177.7,78.2,24.8
173.0,88.1,29.4,172.4,91.5,30.8
178.1,76.4,24.1,177.2,79.5,25.3
171.0,95.6,32.7,169.5,91.5,31.8
187.0,97.9,28.0,185.1,92.3,27.0
173.5,66.9,22.2,173.1,75.4,25.2
183.1,71.1,21.2,181.5,72.5,22.0
175.4,83.7,27.2,173.9,79.0,26.1
173.9,83.0,27.4,172.3,90.0,30.3
167.6,51.9,18.5,166.5,56.5,20.4
169.2,65.7,22.9,167.8,67.7,24.0
186.8,94.5,27.1,184.6,87.2,25.6
170.6,70.1,24.1,170.8,70.5,24.2
172.8,61.0,20.4,170.8,59.0,20.2
170.8,71.8,24.6,169.0,66.9,23.4
180.4,61.0,18.7,179.4,63.3,19.7
186.5,96.3,27.7,184.0,87.9,26.0
176.3,73.3,23.6,173.8,59.9,19.8
178.5,73.1,22.9,176.4,74.1,23.8
170.6,78.0,26.8,169.2,77.5,27.1
173.3,106.9,35.6,172.6,103.3,34.6
179.0,72.8,22.7,177.3,69.4,22.1
179.2,79.2,24.7,178.4,80.4,25.2
173.2,67.5,22.5,171.6,63.4,21.5
169.3,71.0,24.8,168.8,71.7,25.2
173.5,84.3,28.0,172.0,83.0,28.1
167.3,77.7,27.8,166.0,83.9,30.5
180.5,87.9,27.0,179.5,87.9,27.3
179.3,80.7,25.1,177.8,79.2,25.0
179.5,66.7,20.7,178.2,65.1,20.5
172.6,95.2,32.0,172.2,95.0,32.0
174.6,91.8,30.1,173.6,79.2,26.3
171.2,58.6,20.0,169.0,61.5,21.5
170.1,69.8,24.1,168.7,71.0,24.9
181.7,75.3,22.8,179.2,81.2,25.3
176.1,64.6,20.8,174.2,70.0,23.1
171.1,66.9,22.9,169.1,69.1,24.2
174.1,70.2,23.2,172.3,68.9,23.2
177.0,70.3,22.4,175.4,77.6,25.2
176.7,97.7,31.3,175.9,95.9,31.0
182.0,89.3,27.0,179.5,89.2,27.7
182.1,65.2,19.7,180.0,66.1,20.4
171.8,69.9,23.7,170.8,69.8,23.9
172.3,69.0,23.2,172.4,71.6,24.1
178.3,82.5,26.0,177.9,78.7,24.9
178.9,56.0,17.5,177.8,66.5,21.0
170.7,76.6,26.3,169.8,76.2,26.4
180.2,80.0,24.6,178.4,80.0,25.1
176.1,82.8,26.7,174.7,76.6,25.1
181.8,70.5,21.3,180.6,73.1,22.4
167.9,60.4,21.4,168.1,68.0,24.1
185.6,76.7,22.3,185.4,75.7,22.0
180.2,90.0,27.7,179.1,87.7,27.3
173.6,67.2,22.3,172.3,73.6,24.8
174.3,93.7,30.8,172.4,89.7,30.2
171.2,104.6,35.7,169.9,102.0,35.4
173.0,80.2,26.8,171.3,80.9,27.6
177.1,94.0,30.0,174.8,89.5,29.3
179.5,76.0,23.6,177.9,77.8,24.6
172.8,78.1,26.2,171.4,81.8,27.9
164.4,74.6,27.6,164.9,75.2,27.6
172.5,66.7,22.4,172.6,91.1,30.6
174.2,54.6,18.0,173.1,57.5,19.2
176.2,114.1,36.8,174.3,108.3,35.6
178.6,98.9,31.0,177.9,89.1,28.2
170.0,63.4,21.9,168.0,60.0,21.3
169.2,60.9,21.3,168.0,62.9,22.3
172.1,71.2,24.0,171.3,73.3,25.0
164.2,65.5,24.3,163.0,60.4,22.7
171.1,84.4,28.8,170.1,79.8,27.6
190.1,70.0,19.4,187.6,71.4,20.3
177.1,68.9,22.0,176.0,67.2,21.7
178.0,78.9,24.9,176.7,85.1,27.2
166.2,60.0,21.7,165.3,60.9,22.3
177.3,74.8,23.8,176.7,78.8,25.2
165.7,64.6,23.5,164.0,62.2,23.1
171.8,98.2,33.3,171.9,96.1,32.5
171.5,54.1,18.4,169.5,55.6,19.4
175.9,53.1,17.2,174.2,55.4,18.3
180.3,90.1,27.7,178.5,82.1,25.8
184.6,66.8,19.6,183.7,68.6,20.3
179.4,81.2,25.2,178.4,84.2,26.5
170.3,71.4,24.6,169.2,68.1,23.8
175.2,79.4,25.9,173.1,76.0,25.3
185.3,81.8,23.8,182.7,79.1,23.7
178.5,67.8,21.3,177.5,70.0,22.2
171.0,62.8,21.5,168.7,59.4,20.9
172.4,90.7,30.5,171.2,93.7,32.0
175.3,52.8,17.2,172.5,52.7,17.7
166.4,64.5,23.3,165.4,60.6,22.1
172.1,89.2,30.1,171.3,88.5,30.2
167.4,64.4,23.0,166.6,61.3,22.1
173.1,65.7,21.9,172.5,65.9,22.2
174.9,57.6,18.8,172.4,59.4,20.0
174.4,64.3,21.1,173.6,66.8,22.2
185.5,76.5,22.2,183.6,72.4,21.5
173.4,57.9,19.3,171.9,58.1,19.6
182.7,78.3,23.5,180.9,76.7,23.4
180.6,88.8,27.2,179.1,96.5,30.1
170.1,62.6,21.6,168.2,61.9,21.9
175.0,61.1,20.0,173.4,64.3,21.4
175.4,80.8,26.3,174.5,81.9,26.9
174.9,59.4,19.4,172.9,59.3,19.8
181.9,66.5,20.1,180.1,64.8,20.0
174.6,66.7,21.9,173.6,66.8,22.2
175.8,73.4,23.7,173.9,73.8,24.4
175.1,66.1,21.6,174.0,69.2,22.9
175.1,70.9,23.1,173.3,65.8,21.9
171.9,67.0,22.7,170.0,65.3,22.6
165.5,53.4,19.5,164.1,53.8,20.0
165.3,79.1,28.9,164.1,79.1,29.4
176.9,83.2,26.6,175.7,86.6,28.0
171.7,61.1,20.7,169.3,60.1,20.9
178.3,71.1,22.4,176.7,67.5,21.6
164.6,78.1,28.8,165.1,87.0,31.9
168.3,63.8,22.5,167.8,69.1,24.5
173.2,78.3,26.1,172.1,80.4,27.1
162.7,80.3,30.3,162.3,73.5,27.9
162.4,47.3,17.9,160.6,49.4,19.1
175.4,62.7,20.4,174.1,59.5,19.6
171.1,60.3,20.6,169.0,57.9,20.3
177.4,57.5,18.3,175.5,59.9,19.4
179.0,94.2,29.4,177.4,102.8,32.6
164.8,69.4,25.6,163.9,63.3,23.6
183.4,63.6,18.9,181.1,65.2,19.9
168.7,54.0,19.0,168.3,57.3,20.2
171.0,54.1,18.5,168.7,54.3,19.1
183.2,90.6,27.0,181.6,100.0,30.3
177.8,74.7,23.6,176.6,75.9,24.3
179.6,88.8,27.5,176.8,96.4,30.8
172.3,76.5,25.8,170.7,69.1,23.7
175.3,63.1,20.5,174.4,60.6,19.9
182.7,97.8,29.3,180.6,100.3,30.8
174.8,67.9,22.2,173.0,70.9,23.7
176.1,59.3,19.1,175.3,55.2,17.9
165.1,52.2,19.2,163.4,52.0,19.5
185.9,80.5,23.3,183.9,69.2,20.5
173.1,71.2,23.8,171.8,63.8,21.6
177.6,88.0,27.9,175.7,82.8,26.8
181.9,110.7,33.5,179.3,114.3,35.5
175.3,105.4,34.3,173.3,105.0,35.0
165.3,63.8,23.3,165.5,62.9,23.0
170.9,61.5,21.1,169.5,65.6,22.8
173.8,69.8,23.1,172.6,60.7,20.4
179.9,65.4,20.2,178.9,71.7,22.4
178.6,86.6,27.1,176.9,85.0,27.1
168.3,59.0,20.8,166.8,57.8,20.8
167.5,87.5,31.2,166.7,86.1,31.0
173.2,70.5,23.5,172.4,75.3,25.3
177.2,72.9,23.2,175.6,68.3,22.1
169.4,71.4,24.9,168.8,66.1,23.2
181.6,74.1,22.5,179.5,76.3,23.7
173.8,92.6,30.7,173.3,85.5,28.5
169.2,92.8,32.4,168.4,91.2,32.1
170.7,54.7,18.8,169.0,57.3,20.0
175.5,56.3,18.3,174.1,58.3,19.2
178.6,75.0,23.5,177.5,74.3,23.6
174.1,62.4,20.6,173.3,62.1,20.7
175.6,62.5,20.3,174.2,59.8,19.7
167.0,68.7,24.6,167.3,64.1,22.9
168.2,51.3,18.1,167.0,52.9,19.0
167.6,58.7,20.9,167.3,58.6,20.9
169.1,87.2,30.5,168.6,95.5,33.6
169.2,69.0,24.1,168.2,66.1,23.4
180.0,82.1,25.3,177.6,82.3,26.1
179.6,68.6,21.3,177.6,67.0,21.2
173.4,59.5,19.8,172.2,59.4,20.0
183.4,117.5,34.9,181.2,115.8,35.3
169.8,92.3,32.0,169.5,95.1,33.1
188.2,63.2,17.8,186.3,64.7,18.6
170.1,69.9,24.2,168.4,69.6,24.5
170.7,64.0,22.0,168.8,66.4,23.3
169.8,68.7,23.8,167.9,68.9,24.4
174.3,97.0,31.9,173.6,98.4,32.6
178.1,80.9,25.5,176.0,86.2,27.8
173.5,59.2,19.7,171.4,58.1,19.8
176.9,61.4,19.6,174.7,60.6,19.8
174.1,68.8,22.7,172.2,65.1,21.9
169.2,61.8,21.6,167.2,57.1,20.4
175.8,89.2,28.9,173.1,95.7,31.9
174.1,75.3,24.8,172.8,75.1,25.1
169.2,71.2,24.9,168.6,73.2,25.7
169.0,62.6,21.9,168.5,61.7,21.7
190.6,83.9,23.1,187.3,82.6,23.5
178.4,85.6,26.9,176.8,82.4,26.3
175.3,107.2,34.9,174.2,107.0,35.3
173.1,68.0,22.7,171.6,67.5,22.9
173.2,75.2,25.1,171.5,77.6,26.4
173.7,64.6,21.4,171.5,60.3,20.5
178.9,87.4,27.3,178.7,65.1,20.4
172.3,77.9,26.2,171.3,85.7,29.2
173.0,61.0,20.4,171.9,63.7,21.6
183.6,101.3,30.1,182.1,92.2,27.8
171.5,68.9,23.4,170.2,69.1,23.8
170.3,83.6,28.8,169.8,78.7,27.3
175.6,58.6,19.0,173.7,59.6,19.7
171.1,83.2,28.4,169.9,87.1,30.2
177.9,99.8,31.5,176.1,90.2,29.1
180.3,66.7,20.5,179.3,66.8,20.8
163.7,46.3,17.3,162.6,56.3,21.3
179.5,102.9,31.9,178.5,97.2,30.5
174.5,64.2,21.1,172.6,60.2,20.2
168.0,60.8,21.5,167.5,56.2,20.0
181.5,72.4,22.0,179.7,63.6,19.7
163.5,86.0,32.2,164.3,87.7,32.5
176.5,85.3,27.4,174.8,79.5,26.0
172.4,47.8,16.1,169.6,49.2,17.1
172.7,66.8,22.4,170.9,72.1,24.7
179.8,57.0,17.6,177.8,55.7,17.6
177.8,56.4,17.8,176.7,62.6,20.1
189.4,104.9,29.2,186.8,105.1,30.1
170.9,46.1,15.8,168.7,52.2,18.3
177.4,86.6,27.5,176.6,91.3,29.3
173.9,73.1,24.2,173.0,67.4,22.5
172.5,84.1,28.3,170.9,80.9,27.7
167.7,78.4,27.9,166.8,75.3,27.0
170.4,64.3,22.1,168.2,62.6,22.1
169.4,78.5,27.4,167.9,80.6,28.6
177.8,113.2,35.8,176.8,109.1,34.9
170.0,63.3,21.9,169.2,66.5,23.2
172.1,77.3,26.1,171.1,73.0,24.9
171.1,56.8,19.4,169.5,54.2,18.9
171.9,74.9,25.3,171.4,83.8,28.5
179.4,77.8,24.2,177.7,80.8,25.6
170.1,58.4,20.2,169.1,59.3,20.7
172.3,77.3,26.0,170.9,84.1,28.8
174.6,76.0,24.9,173.6,70.1,23.3
185.4,67.4,19.6,182.8,69.4,20.8
181.2,68.6,20.9,179.8,62.3,19.3
173.8,90.9,30.1,172.3,89.1,30.0
175.7,70.5,22.8,174.4,67.6,22.2
185.0,66.9,19.5,183.5,68.6,20.3
176.7,77.6,24.9,175.8,76.8,24.9
181.1,66.5,20.3,180.3,67.0,20.6
172.3,67.8,22.8,170.7,64.7,22.2
178.5,79.8,25.0,176.7,76.5,24.5
168.5,58.9,20.7,167.9,58.7,20.8
176.7,70.8,22.7,175.5,72.1,23.4
175.0,65.8,21.5,173.3,70.4,23.4
173.3,80.2,26.7,171.9,79.4,26.9
169.6,55.1,19.2,167.5,54.7,19.5
180.2,64.4,19.8,178.2,63.2,19.9
168.3,54.9,19.4,166.6,65.8,23.7
182.9,86.6,25.9,181.7,86.1,26.1
171.8,75.0,25.4,170.8,80.8,27.7
173.6,71.4,23.7,173.0,77.0,25.7
178.1,80.9,25.5,177.5,88.1,28.0
177.5,87.6,27.8,175.2,80.4,26.2
169.2,70.2,24.5,167.9,71.3,25.3
167.9,58.6,20.8,166.0,57.9,21.0
168.8,48.1,16.9,166.2,53.9,19.5
176.4,70.5,22.7,176.0,67.1,21.7
168.2,56.1,19.8,166.2,52.8,19.1
174.3,73.2,24.1,172.7,66.1,22.2
170.6,83.6,28.7,169.8,76.2,26.4
174.0,82.5,27.2,172.0,88.9,30.1
178.7,69.8,21.9,176.6,75.2,24.1
177.4,72.0,22.9,175.7,72.5,23.5
169.1,69.5,24.3,169.1,74.1,25.9
186.5,86.6,24.9,184.7,80.3,23.5
176.9,68.9,22.0,175.5,66.6,21.6
165.8,67.3,24.5,164.5,70.3,26.0
170.2,73.7,25.4,170.4,71.2,24.5
178.4,66.3,20.8,177.0,68.6,21.9
187.6,99.6,28.3,185.4,97.5,28.4
172.1,61.0,20.6,171.3,61.8,21.1
171.1,62.7,21.4,170.1,60.8,21.0
176.2,89.8,28.9,175.5,83.2,27.0
171.1,61.1,20.9,169.2,59.4,20.7
181.4,81.4,24.7,179.6,82.2,25.5
176.6,81.9,26.3,174.6,78.4,25.7
177.7,99.9,31.6,176.3,100.8,32.4
171.9,52.4,17.7,170.8,55.2,18.9
171.4,94.8,32.3,170.8,98.7,33.8
173.1,59.5,19.9,171.6,59.3,20.1
178.2,73.1,23.0,177.6,71.8,22.7
176.2,82.0,26.4,175.3,81.6,26.6
174.8,60.3,19.7,173.5,58.6,19.5
171.9,78.0,26.4,170.9,76.5,26.2
170.1,58.1,20.1,168.4,59.6,21.0
179.1,63.1,19.7,178.1,62.4,19.7
182.0,67.1,20.3,181.1,75.0,22.9
173.5,61.3,20.4,171.6,58.7,19.9
178.8,89.3,27.9,177.6,90.3,28.6
168.1,57.2,20.2,167.5,59.3,21.2
175.7,66.0,21.4,174.4,66.6,21.9
168.5,66.7,23.5,167.8,72.3,25.7
177.8,79.0,25.0,175.6,76.1,24.7
179.0,81.2,25.3,176.7,74.6,23.9
179.3,56.3,17.5,177.3,57.2,18.2
174.2,62.2,20.5,173.1,64.8,21.6
175.4,66.7,21.7,173.9,62.3,20.6
164.7,69.8,25.7,164.8,65.7,24.2
172.5,71.3,24.0,171.8,68.1,23.1
178.1,77.6,24.5,176.2,81.7,26.3
166.1,56.6,20.5,164.5,59.8,22.1
172.3,70.0,23.6,170.9,53.5,18.3
180.8,80.3,24.6,179.5,79.3,24.6
171.0,66.8,22.8,169.3,65.8,23.0
165.0,75.4,27.7,164.6,81.6,30.1
175.7,81.9,26.5,174.1,79.4,26.2
168.6,92.0,32.4,167.9,54.2,19.3
163.5,59.6,22.3,162.7,61.8,23.3
172.4,88.2,29.7,171.6,89.9,30.5
172.3,64.8,21.8,171.8,58.6,19.9
169.6,53.3,18.5,167.6,52.3,18.6
174.6,72.9,23.9,173.9,71.3,23.6
176.4,87.2,28.0,175.5,84.6,27.5
185.2,77.5,22.6,182.9,77.2,23.1
171.2,59.4,20.3,170.1,56.8,19.6
174.7,102.8,33.7,173.8,99.5,32.9
170.6,57.7,19.8,168.9,57.6,20.2
166.3,72.3,26.1,165.2,75.4,27.6
179.3,84.9,26.4,177.7,76.4,24.2
169.6,61.4,21.3,169.2,63.6,22.2
173.2,62.2,20.7,173.0,61.8,20.7
165.5,61.2,22.3,164.0,55.6,20.7
173.4,76.9,25.6,172.3,75.6,25.5
173.9,63.5,21.0,173.1,63.3,21.1
164.8,62.3,22.9,164.2,59.8,22.2
172.1,78.9,26.6,171.2,83.1,28.3
169.6,63.7,22.1,168.2,63.5,22.4
178.2,100.6,31.7,176.5,98.1,31.5
172.4,88.0,29.6,171.4,84.4,28.7
175.7,101.5,32.9,173.8,97.0,32.1
183.2,67.7,20.2,181.3,65.6,20.0
169.2,62.0,21.7,168.0,65.2,23.1
164.9,51.2,18.8,163.6,52.6,19.7
177.4,60.3,19.2,175.5,58.3,18.9
176.1,88.4,28.5,174.5,93.9,30.8
165.6,43.7,15.9,164.3,48.0,17.8
172.0,54.7,18.5,169.8,57.2,19.8
166.8,54.9,19.7,165.4,53.7,19.6
178.4,88.9,27.9,176.8,88.5,28.3
175.9,73.9,23.9,175.0,71.8,23.5
183.6,100.4,29.8,181.4,105.1,31.9
176.8,89.5,28.6,174.9,93.3,30.5
177.2,60.7,19.3,176.3,62.3,20.0
171.4,56.4,19.2,170.3,57.0,19.6
175.5,74.4,24.2,173.6,86.0,28.5
173.7,79.2,26.2,172.7,77.6,26.0
165.6,75.8,27.6,165.0,75.8,27.9
175.7,73.3,23.7,173.7,74.6,24.7
181.4,69.0,21.0,179.5,64.7,20.1
171.7,65.0,22.0,170.3,75.9,26.2
165.3,67.3,24.6,163.0,63.0,23.7
178.8,102.4,32.0,176.6,101.4,32.5
174.0,63.8,21.1,171.9,65.8,22.3
181.1,130.1,39.7,179.4,111.5,34.7
171.9,85.3,28.9,170.6,93.2,32.0
169.1,63.2,22.1,167.5,61.9,22.0
174.1,74.7,24.6,173.3,71.5,23.8
176.8,75.8,24.2,176.2,75.5,24.3
174.4,66.8,22.0,173.3,67.4,22.4
178.5,102.4,32.1,176.5,104.7,33.6
170.9,65.7,22.5,169.7,67.2,23.4
177.5,72.2,22.9,176.1,68.6,22.1
176.7,69.0,22.1,175.1,62.5,20.4
170.5,56.4,19.4,169.4,58.0,20.2
165.1,62.4,22.9,163.3,63.6,23.8
172.8,52.3,17.5,170.4,55.9,19.3
177.1,75.6,24.1,175.8,73.8,23.9
170.8,66.9,22.9,168.6,61.4,21.6
180.1,65.2,20.1,179.1,58.0,18.1
177.3,71.8,22.8,176.2,75.2,24.2
166.0,45.4,16.5,163.1,49.3,18.5
173.2,67.2,22.4,172.9,70.1,23.5
169.5,64.7,22.5,168.3,68.1,24.0
176.2,73.7,23.7,174.4,80.3,26.4
173.3,86.0,28.6,171.8,85.7,29.0
169.3,84.9,29.6,168.5,92.7,32.6
177.3,62.1,19.8,175.5,59.1,19.2
185.2,59.3,17.3,184.4,63.5,18.7
176.5,100.3,32.2,175.1,107.0,34.9
177.1,64.4,20.5,176.0,62.8,20.3
168.7,70.3,24.7,167.6,74.3,26.5
178.9,83.6,26.1,178.0,87.2,27.5
170.3,60.0,20.7,169.6,79.5,27.7
170.0,56.0,19.4,168.2,55.9,19.8
173.2,63.3,21.1,172.1,66.1,22.3
186.3,94.4,27.2,183.8,97.1,28.7
177.2,76.9,24.5,177.0,79.4,25.3
170.4,66.5,22.9,168.6,72.8,25.6
176.8,60.3,19.3,176.1,54.0,17.4
163.9,52.3,19.5,161.3,53.6,20.6
184.4,77.2,22.7,181.9,78.1,23.6
182.4,83.8,25.2,179.7,86.9,26.9
178.2,74.7,23.5,176.1,73.9,23.8
168.3,62.5,22.1,167.1,60.2,21.5
171.4,79.8,27.2,170.2,82.6,28.5
173.5,79.8,26.5,172.0,80.4,27.2
181.0,88.2,26.9,179.4,96.2,29.9
172.7,85.0,28.5,171.3,84.7,28.9
182.9,76.5,22.9,181.6,68.8,20.9
180.7,84.3,25.8,179.1,81.4,25.4
175.1,66.0,21.5,173.0,64.5,21.6
173.0,79.5,26.6,171.5,85.6,29.1
175.6,64.4,20.9,175.0,62.5,20.4
179.2,74.5,23.2,177.5,74.8,23.7
176.5,87.4,28.1,174.6,86.4,28.3
174.0,58.4,19.3,172.9,58.0,19.4
174.7,65.3,21.4,172.9,76.4,25.6
169.1,63.5,22.2,167.9,60.6,21.5
178.6,67.4,21.1,177.0,70.2,22.4
169.9,63.4,22.0,169.0,63.1,22.1
171.5,89.3,30.4,170.7,84.4,29.0
172.1,60.7,20.5,170.9,61.2,21.0
167.9,80.7,28.6,166.7,74.1,26.7
172.5,91.3,30.7,171.4,87.8,29.9
188.3,82.7,23.3,185.2,79.8,23.3
184.1,109.9,32.4,182.1,102.3,30.9
173.8,63.7,21.1,172.1,65.0,21.9
172.4,57.9,19.5,170.4,63.0,21.7
176.9,87.6,28.0,175.3,81.2,26.4
168.8,50.3,17.7,167.1,54.5,19.5
174.5,92.6,30.4,173.0,90.8,30.3
176.0,79.5,25.7,175.5,81.1,26.3
178.6,80.3,25.2,177.5,77.9,24.7
177.3,65.5,20.8,175.6,68.7,22.3
172.2,68.7,23.2,170.8,67.4,23.1
164.2,57.9,21.5,162.8,59.3,22.4
177.7,62.2,19.7,175.1,59.9,19.5
170.9,65.2,22.3,170.3,61.9,21.4
172.9,74.6,25.0,172.4,75.6,25.4
168.0,94.3,33.4,167.4,95.7,34.1
166.5,70.9,25.6,166.3,80.0,29.0
182.2,89.1,26.8,180.1,81.1,25.0
177.2,99.1,31.6,175.9,93.8,30.3
175.8,68.2,22.1,175.0,63.6,20.8
175.8,60.7,19.6,174.5,65.3,21.5
165.3,64.6,23.6,165.3,64.7,23.7
171.7,65.5,22.2,170.6,62.1,21.3
177.2,79.7,25.4,175.1,78.9,25.7
173.1,63.1,21.1,171.8,60.6,20.5
174.7,63.5,20.8,173.7,63.9,21.2
171.3,53.7,18.3,171.0,57.9,19.8
176.0,94.1,30.4,175.1,99.7,32.5
165.3,59.6,21.8,165.9,70.8,25.7
170.9,60.5,20.7,169.5,61.0,21.2
175.6,76.0,24.6,175.0,77.3,25.3
170.8,57.3,19.6,169.8,59.3,20.6
172.4,54.8,18.4,171.0,57.0,19.5
177.1,51.1,16.3,175.7,51.9,16.8
176.3,64.5,20.8,175.4,65.5,21.3
166.8,59.8,21.5,165.8,55.3,20.1
170.7,55.8,19.1,168.4,56.4,19.9
179.1,59.1,18.4,176.8,64.1,20.5
181.2,87.2,26.6,178.8,85.9,26.9
177.5,90.8,28.8,176.5,86.2,27.7
176.3,66.6,21.4,175.1,72.1,23.5
178.5,113.2,35.5,176.3,103.4,33.3
168.9,54.3,19.0,166.5,55.6,20.0
172.1,64.3,21.7,171.5,66.2,22.5
178.1,67.9,21.4,175.9,66.9,21.6
171.7,75.3,25.5,170.4,72.1,24.8
175.0,104.6,34.2,173.1,96.4,32.2
176.5,109.1,35.0,174.8,102.1,33.4
169.6,98.3,34.2,168.4,101.8,35.9
176.8,68.3,21.9,174.8,67.7,22.2
168.8,72.0,25.3,168.3,72.3,25.5
167.7,91.1,32.4,167.3,89.0,31.8
164.8,46.2,17.0,161.9,45.5,17.3
168.2,70.3,24.8,168.6,73.9,26.0
173.1,51.1,17.1,170.6,52.1,17.9
173.7,51.9,17.2,171.9,54.8,18.5
184.6,60.3,17.7,182.1,62.3,18.8
176.3,82.8,26.6,175.3,82.7,26.9
171.8,59.5,20.2,170.7,61.7,21.2
171.9,71.7,24.3,171.0,69.3,23.7
176.0,64.2,20.7,174.2,61.6,20.3
182.4,67.0,20.1,180.3,70.4,21.7
171.9,59.2,20.0,170.7,61.4,21.1
184.0,93.3,27.6,181.0,86.6,26.4
175.3,98.6,32.1,174.2,98.5,32.5
167.5,64.2,22.9,166.2,62.3,22.6
163.4,52.8,19.8,161.2,52.9,20.4
173.7,62.5,20.7,171.5,60.3,20.5
174.7,58.3,19.1,172.2,55.4,18.7
166.4,81.0,29.3,166.1,70.1,25.4
162.4,53.1,20.1,160.6,49.4,19.2
179.4,103.1,32.0,177.4,96.4,30.7
175.4,76.3,24.8,174.2,81.6,26.9
167.0,72.2,25.9,167.1,72.8,26.1
178.3,84.4,26.5,176.7,78.7,25.2
168.1,47.7,16.9,165.2,47.4,17.4
174.0,73.9,24.4,172.1,78.5,26.5
175.0,64.9,21.2,174.1,62.7,20.7
169.8,95.3,33.1,168.4,93.5,33.0
173.6,57.2,19.0,172.0,62.5,21.1
187.7,84.1,23.9,185.7,81.6,23.7
174.9,59.3,19.4,173.6,65.3,21.7
165.6,57.4,20.9,165.5,60.6,22.1
182.0,88.1,26.6,180.6,90.7,27.8
174.3,70.1,23.1,173.9,66.1,21.9
166.5,64.7,23.3,165.5,61.6,22.5
178.9,73.1,22.8,177.1,76.2,24.3
180.8,76.7,23.5,178.7,77.1,24.1
173.8,61.3,20.3,172.0,59.3,20.0
193.2,126.6,33.9,190.2,123.5,34.1
174.1,58.1,19.2,172.1,58.8,19.9
172.7,65.3,21.9,171.7,60.6,20.6
178.1,62.5,19.7,175.8,60.1,19.4
165.7,60.4,22.0,165.6,59.8,21.8
172.0,62.6,21.2,171.1,59.7,20.4
178.0,93.4,29.5,176.2,93.2,30.0
171.9,87.6,29.6,171.1,91.5,31.2
180.1,87.1,26.9,178.4,88.8,27.9
170.7,62.1,21.3,168.5,58.0,20.4
176.5,61.7,19.8,174.8,60.3,19.8
174.8,83.0,27.2,173.1,79.4,26.5
175.3,67.4,21.9,173.9,71.4,23.6
174.3,93.1,30.6,172.3,86.7,29.2
165.1,68.1,25.0,164.4,69.9,25.8
174.8,70.0,22.9,173.6,69.7,23.1
176.8,74.1,23.7,175.1,68.4,22.3
176.3,65.7,21.1,175.9,61.9,20.0
164.6,64.8,23.9,163.8,65.4,24.4
177.1,69.0,22.0,175.3,71.5,23.3
175.0,67.2,21.9,174.2,65.3,21.5
170.0,60.9,21.1,168.3,54.7,19.3
168.1,94.6,33.5,167.8,87.5,31.1
175.8,70.9,22.9,173.7,68.4,22.7
172.4,59.7,20.1,170.8,61.1,20.9
179.6,62.0,19.2,179.0,69.0,21.5
174.7,73.2,24.0,174.2,73.4,24.2
177.7,62.3,19.7,176.5,62.3,20.0
171.1,52.5,17.9,168.5,54.0,19.0
174.3,65.7,21.6,173.5,62.7,20.8
171.6,64.0,21.7,170.5,60.8,20.9
178.1,63.2,19.9,175.7,63.3,20.5
173.7,94.1,31.2,172.4,94.1,31.6
177.9,77.1,24.4,177.2,68.9,21.9
170.6,58.7,20.2,168.6,60.1,21.1
178.8,63.6,19.9,178.1,66.7,21.0
179.9,63.0,19.5,178.1,66.0,20.8
176.6,70.3,22.5,174.2,67.9,22.4
184.7,92.8,27.2,182.6,89.2,26.7
176.1,82.4,26.6,175.1,85.3,27.8
168.2,62.7,22.2,167.1,62.1,22.2
175.0,80.9,26.4,174.2,78.6,25.9
179.0,69.8,21.8,177.8,71.6,22.6
171.9,94.7,32.0,169.9,98.8,34.3
179.1,63.9,19.9,177.8,63.3,20.0
171.0,62.7,21.4,170.5,64.4,22.2
171.6,78.8,26.8,170.3,79.5,27.4
177.2,67.9,21.6,174.8,62.6,20.5
171.7,88.0,29.8,169.8,92.1,31.9
169.3,53.9,18.8,167.5,53.3,19.0
178.3,100.0,31.5,176.0,101.1,32.6
171.1,56.4,19.3,169.4,54.7,19.0
178.9,83.1,26.0,176.7,83.8,26.9
176.1,72.6,23.4,175.1,68.9,22.5
171.0,72.0,24.6,170.5,69.7,24.0
172.5,57.7,19.4,170.7,61.0,20.9
172.0,51.8,17.5,169.3,51.3,17.9
174.9,70.4,23.0,174.1,82.8,27.3
183.1,71.4,21.3,181.7,71.0,21.5
166.9,53.7,19.3,166.0,58.1,21.1
176.7,79.2,25.4,174.8,72.8,23.8
172.9,67.0,22.4,172.9,68.1,22.8
177.9,97.7,30.9,177.4,89.7,28.5
184.0,70.6,20.9,182.8,70.8,21.2
178.6,75.9,23.8,177.3,78.1,24.9
187.2,79.2,22.6,184.9,80.1,23.4
176.7,84.3,27.0,174.8,78.6,25.7
174.1,102.5,33.8,172.5,94.9,31.9
176.5,101.0,32.4,175.3,98.7,32.1
180.6,76.5,23.5,179.6,78.6,24.4
173.5,79.1,26.3,171.3,76.4,26.0
184.1,91.0,26.8,182.5,77.7,23.3
171.7,71.0,24.1,170.5,68.8,23.7
171.3,60.7,20.7,170.7,58.3,20.0
165.3,58.6,21.4,163.7,47.6,17.8
172.2,73.0,24.6,170.5,83.1,28.6
178.1,57.2,18.0,175.9,64.8,20.9
168.0,61.0,21.6,167.8,63.5,22.5
172.8,58.2,19.5,171.3,56.8,19.4
177.8,71.0,22.5,175.9,73.1,23.6
181.2,87.0,26.5,180.4,103.5,31.8
179.2,58.4,18.2,178.2,61.7,19.4
173.6,58.7,19.5,172.0,59.7,20.2
170.3,55.5,19.1,168.3,57.7,20.4
173.3,61.2,20.4,171.6,61.4,20.8
168.5,62.2,21.9,167.9,68.8,24.4
174.3,79.0,26.0,173.8,73.5,24.3
173.8,62.3,20.6,172.5,63.4,21.3
169.5,54.1,18.8,168.7,53.6,18.8
175.4,56.8,18.5,173.9,56.6,18.7
175.0,81.4,26.6,173.2,74.7,24.9
192.6,97.9,26.4,189.9,90.3,25.0
185.8,76.6,22.2,183.8,79.7,23.6
174.9,88.1,28.8,173.4,79.2,26.3
175.9,67.9,21.9,174.8,65.1,21.3
185.5,65.5,19.0,183.6,65.3,19.4
167.0,71.3,25.6,167.6,70.9,25.3
176.1,80.3,25.9,174.5,75.1,24.6
167.3,80.3,28.7,167.6,77.9,27.7
178.6,80.4,25.2,177.6,84.1,26.7
181.2,72.2,22.0,179.4,71.6,22.3
169.8,62.7,21.7,169.3,64.1,22.4
163.1,51.4,19.3,162.5,51.7,19.6
168.7,83.8,29.4,168.9,82.1,28.8
173.4,69.0,22.9,172.3,72.1,24.3
171.2,55.3,18.9,169.4,55.1,19.2
171.7,71.1,24.1,169.6,75.7,26.3
185.8,69.6,20.2,183.6,63.6,18.9
170.8,104.2,35.7,169.9,100.5,34.8
172.6,77.5,26.0,171.9,77.1,26.1
170.3,65.2,22.5,169.2,66.6,23.3
169.7,75.0,26.0,168.9,75.8,26.6
166.2,56.1,20.3,164.3,53.2,19.7
166.3,63.5,23.0,164.5,61.2,22.6
184.3,68.0,20.0,183.2,68.8,20.5
168.7,76.9,27.0,167.9,72.0,25.5
168.1,58.1,20.6,166.7,59.3,21.4
178.8,89.2,27.9,177.0,83.9,26.8
182.2,91.9,27.7,181.2,89.0,27.1
181.3,59.5,18.1,179.6,58.1,18.0
171.5,48.5,16.5,169.3,50.2,17.5
181.3,76.3,23.2,179.9,73.2,22.6
177.4,72.5,23.0,175.9,78.2,25.3
166.4,64.7,23.4,166.2,62.3,22.5
166.8,74.8,26.9,165.9,71.9,26.1
179.7,56.5,17.5,178.2,56.6,17.8
176.9,73.6,23.5,176.0,69.4,22.4
185.2,116.3,33.9,182.0,117.2,35.4
170.7,83.8,28.8,169.1,77.7,27.2
177.1,60.6,19.3,174.9,66.4,21.7
179.1,69.4,21.6,178.0,72.4,22.9
176.9,88.7,28.3,174.8,93.3,30.5
180.9,75.0,22.9,178.6,76.1,23.9
183.4,90.3,26.8,180.9,90.3,27.6
164.1,78.9,29.3,164.1,79.5,29.5
178.7,90.4,28.3,177.8,87.9,27.8
183.3,106.5,31.7,181.5,106.8,32.4
174.6,67.7,22.2,173.7,69.7,23.1
172.5,58.3,19.6,171.6,62.6,21.3
177.2,54.6,17.4,175.4,56.6,18.4
173.1,76.3,25.5,172.8,68.8,23.0
174.7,64.3,21.1,173.0,63.0,21.1
178.6,72.3,22.7,178.0,67.3,21.2
171.1,79.5,27.2,169.8,77.9,27.0
171.4,72.5,24.7,169.6,69.4,24.1
171.0,79.2,27.1,169.5,85.5,29.7
191.8,77.9,21.2,188.2,80.5,22.7
177.3,59.9,19.1,175.9,57.7,18.7
181.5,71.2,21.6,180.8,72.0,22.0
170.6,59.4,20.4,169.2,60.4,21.1
182.6,80.2,24.1,181.0,77.1,23.5
175.3,71.0,23.1,173.3,68.6,22.8
174.1,66.8,22.0,172.0,74.6,25.2
171.5,85.4,29.0,169.9,88.0,30.5
170.2,75.3,26.0,168.6,71.1,25.0
175.7,79.1,25.6,175.1,75.1,24.5
176.1,74.7,24.1,175.0,73.3,24.0
175.5,68.0,22.1,174.9,61.4,20.1
176.1,65.2,21.0,175.4,58.7,19.1
175.3,80.4,26.2,174.1,86.6,28.6
182.4,98.8,29.7,181.5,97.8,29.7
169.6,61.9,21.5,168.4,64.5,22.7
172.9,70.2,23.5,172.3,69.3,23.3
175.1,61.4,20.0,173.0,57.9,19.3
169.5,66.3,23.1,168.4,70.9,25.0
176.6,60.0,19.2,174.5,98.8,32.5
174.9,54.2,17.7,172.2,52.9,17.8
183.9,95.5,28.2,181.8,96.2,29.1
173.9,74.3,24.6,172.4,70.6,23.7
171.6,72.5,24.6,171.3,71.0,24.2
170.7,73.2,25.1,169.7,73.4,25.5
175.0,69.3,22.6,173.7,68.1,22.6
170.8,52.5,18.0,169.6,56.1,19.5
179.5,63.2,19.6,177.0,59.2,18.9
173.1,91.4,30.5,171.5,95.8,32.6
177.3,68.4,21.8,175.4,73.1,23.8
180.1,82.3,25.4,178.7,76.3,23.9
171.6,58.4,19.8,169.2,53.8,18.8
182.4,94.2,28.3,180.5,99.3,30.5
176.6,64.4,20.6,174.8,64.8,21.2
173.5,83.2,27.6,172.7,80.1,26.9
170.7,68.4,23.5,171.0,68.6,23.5
181.8,76.9,23.3,180.5,68.4,21.0
172.5,64.6,21.7,171.1,67.0,22.9
168.7,79.8,28.0,168.4,82.9,29.2
169.0,51.7,18.1,168.8,58.6,20.6
182.8,66.4,19.9,181.6,68.3,20.7
167.1,52.0,18.6,166.1,52.2,18.9
168.8,55.0,19.3,167.6,55.2,19.7
175.3,56.3,18.3,172.6,57.7,19.4
180.9,67.2,20.5,179.0,70.0,21.8
180.4,62.4,19.2,179.1,57.0,17.8
177.4,88.9,28.2,174.5,93.2,30.6
184.3,69.5,20.5,182.4,68.7,20.7
174.5,92.6,30.4,173.0,90.8,30.3
171.7,60.5,20.5,171.1,64.2,21.9
174.7,82.1,26.9,173.5,77.5,25.8
181.4,62.4,19.0,179.4,65.3,20.3
171.1,50.5,17.3,169.3,53.5,18.7
181.3,86.0,26.2,179.8,84.5,26.2
181.4,73.6,22.4,181.8,78.7,23.8
177.5,61.0,19.4,176.1,60.9,19.6
179.4,87.3,27.1,177.5,85.5,27.2
175.5,78.3,25.4,173.5,79.6,26.4
169.2,61.0,21.3,169.3,60.6,21.2
170.4,64.4,22.2,170.0,63.4,22.0
163.8,52.6,19.6,162.1,53.5,20.4
175.5,78.7,25.6,173.9,77.4,25.6
183.7,85.3,25.3,181.0,83.5,25.5
178.8,79.2,24.8,176.9,75.3,24.1
167.0,70.4,25.2,166.4,74.5,26.9
177.0,70.6,22.5,175.1,72.9,23.8
166.5,56.5,20.4,165.6,53.3,19.4
169.1,91.2,31.9,167.4,88.0,31.4
175.4,77.7,25.3,173.8,76.6,25.4
176.7,67.1,21.5,176.2,70.4,22.7
183.3,89.1,26.5,181.0,83.0,25.3
173.0,71.5,23.9,171.2,68.3,23.3
174.9,71.6,23.4,172.6,75.6,25.4
170.7,50.8,17.4,167.7,49.4,17.5
171.3,77.5,26.4,169.9,77.3,26.8
170.9,75.3,25.8,169.4,72.5,25.3
164.9,73.7,27.1,165.3,78.0,28.5
174.9,75.7,24.7,172.9,75.8,25.4
168.7,56.4,19.8,167.0,51.9,18.6
177.0,71.6,22.9,176.4,69.8,22.4
173.8,76.9,25.5,172.5,76.8,25.8
179.3,89.5,27.8,177.5,91.3,29.0
175.6,67.6,21.9,174.3,69.7,22.9
173.0,53.9,18.0,170.9,59.0,20.2
174.5,68.4,22.5,172.9,68.2,22.8
175.6,78.5,25.5,174.4,74.9,24.6
177.2,64.2,20.4,175.1,56.2,18.3
185.1,84.8,24.8,182.5,83.0,24.9
170.1,55.2,19.1,169.1,56.8,19.9
168.3,63.0,22.2,168.1,68.4,24.2
172.3,72.7,24.5,170.2,76.5,26.4
175.3,87.3,28.4,174.2,86.8,28.6
178.1,81.5,25.7,176.0,77.7,25.1
176.1,84.2,27.2,175.3,90.0,29.3
178.9,64.2,20.1,178.4,66.2,20.8
177.2,75.1,23.9,175.8,75.3,24.4
176.8,65.0,20.8,175.9,71.7,23.2
176.6,73.5,23.6,174.9,72.9,23.8
172.9,87.3,29.2,171.1,84.2,28.8
179.8,59.1,18.3,178.7,59.9,18.8
172.0,54.4,18.4,170.4,60.4,20.8
169.5,63.5,22.1,167.7,61.6,21.9
179.8,95.3,29.5,177.8,86.9,27.5
167.8,69.4,24.6,168.1,73.9,26.2
176.8,81.7,26.1,175.4,86.2,28.0
179.3,61.7,19.2,178.4,62.7,19.7
179.2,72.1,22.5,177.7,71.7,22.7
177.8,55.5,17.6,176.3,57.7,18.6
172.6,69.5,23.3,172.0,71.4,24.1
169.5,65.5,22.8,168.3,63.7,22.5
172.7,79.1,26.5,170.5,74.8,25.7
178.2,63.5,20.0,177.2,64.7,20.6
174.1,76.1,25.1,172.4,68.8,23.2
174.3,60.7,20.0,172.9,61.2,20.5
180.2,89.6,27.6,178.0,93.5,29.5
168.6,63.8,22.4,167.2,63.5,22.7
182.7,84.6,25.3,180.9,80.5,24.6
171.6,58.6,19.9,170.4,65.4,22.5
175.6,84.2,27.3,174.5,80.5,26.4
174.1,73.7,24.3,172.3,61.6,20.7
176.7,59.8,19.2,175.8,65.3,21.2
175.6,89.6,29.1,174.2,94.1,31.0
168.1,60.7,21.5,167.7,59.9,21.3
178.9,75.9,23.7,177.4,70.4,22.4
178.5,61.9,19.4,176.1,64.1,20.7
173.0,87.9,29.4,171.7,87.9,29.8
175.5,77.7,25.2,173.9,76.9,25.4
175.3,56.0,18.2,174.3,83.6,27.5
166.2,62.2,22.5,164.6,69.4,25.6
177.3,51.1,16.3,175.3,52.5,17.1
172.6,77.2,25.9,172.1,70.8,23.9
173.8,62.0,20.5,172.9,59.1,19.8
167.9,61.8,21.9,167.6,62.0,22.1
181.2,56.9,17.3,179.4,60.8,18.9
171.2,69.6,23.7,169.4,71.1,24.8
180.7,92.0,28.2,178.6,100.4,31.5
190.9,125.0,34.3,188.0,120.4,34.1
182.2,81.3,24.5,180.3,79.8,24.5
172.3,72.6,24.5,171.9,70.7,23.9
180.3,75.2,23.1,178.7,77.1,24.1
176.9,61.3,19.6,175.6,60.6,19.6
187.2,101.8,29.0,185.8,88.4,25.6
171.5,66.7,22.7,171.0,68.1,23.3
175.9,71.1,23.0,175.4,70.6,22.9
173.1,87.4,29.2,171.6,85.2,28.9
172.9,52.3,17.5,170.9,57.3,19.6
176.3,59.6,19.2,174.3,59.0,19.4
171.9,69.3,23.5,170.0,79.4,27.5
181.0,55.7,17.0,179.4,63.3,19.7
175.0,74.5,24.3,173.8,69.3,23.0
171.5,60.8,20.7,170.3,63.7,22.0
174.2,60.3,19.9,173.4,57.2,19.0
170.3,68.0,23.4,168.8,69.7,24.5
175.7,98.3,31.8,173.5,101.6,33.7
179.2,75.5,23.5,177.9,75.8,24.0
178.7,77.8,24.4,177.3,76.9,24.5
183.4,60.8,18.1,181.9,62.9,19.0
180.9,76.5,23.4,179.7,74.4,23.0
174.0,82.0,27.1,172.7,90.7,30.4
165.4,63.5,23.2,164.4,64.5,23.9
165.3,66.3,24.3,165.4,66.3,24.2
171.2,54.6,18.6,168.6,52.9,18.6
178.0,88.4,27.9,176.7,90.1,28.9
183.2,84.0,25.0,180.5,85.8,26.3
176.3,73.8,23.7,174.6,78.2,25.7
170.4,61.3,21.1,167.8,62.0,22.0
180.4,82.0,25.2,178.4,77.1,24.2
171.0,58.1,19.9,169.4,58.7,20.4
178.9,57.5,18.0,178.1,61.7,19.4
177.9,79.4,25.1,176.7,75.0,24.0
175.3,74.4,24.2,173.4,77.2,25.7
171.8,85.4,28.9,172.1,87.8,29.7
175.9,78.3,25.3,175.3,77.7,25.3
172.1,66.5,22.5,171.9,67.2,22.8
170.6,70.9,24.4,170.0,73.0,25.3
177.2,84.2,26.8,175.6,86.8,28.2
170.9,72.0,24.7,169.7,63.5,22.1
174.1,72.8,24.0,173.2,72.5,24.1
173.6,64.7,21.5,172.6,70.4,23.6
169.3,58.4,20.4,168.4,63.3,22.3
169.8,59.7,20.7,167.8,59.0,21.0
175.7,72.5,23.5,174.2,69.5,22.9
177.2,61.3,19.5,176.0,60.6,19.6
181.2,72.2,22.0,180.5,67.0,20.5
185.3,82.6,24.1,184.0,84.2,24.9
163.6,51.9,19.4,161.9,53.0,20.2
176.1,65.7,21.2,175.2,63.5,20.7
167.2,67.9,24.3,166.1,62.8,22.8
197.0,93.6,24.1,193.8,85.3,22.7
170.1,53.2,18.4,169.4,60.8,21.2
178.5,62.5,19.6,177.7,62.0,19.6
178.3,61.6,19.4,176.9,58.0,18.5
167.7,66.1,23.5,167.8,67.9,24.1
169.5,58.7,20.4,167.5,55.9,19.9
171.2,86.9,29.6,170.9,88.2,30.2
175.6,96.8,31.4,173.8,95.6,31.6
170.7,73.3,25.2,169.8,77.1,26.7
177.5,77.3,24.5,176.8,79.1,25.3
182.6,91.7,27.5,181.6,88.6,26.9
182.2,59.3,17.9,180.4,55.9,17.2
178.0,79.8,25.2,176.2,69.3,22.3
176.6,57.5,18.4,174.2,56.8,18.7
186.0,73.9,21.4,185.0,73.9,21.6
170.3,51.2,17.7,168.0,55.0,19.5
179.0,51.1,15.9,177.9,55.0,17.4
174.1,65.2,21.5,172.5,68.2,22.9
175.6,74.5,24.2,174.1,75.4,24.9
177.0,79.1,25.2,175.2,77.1,25.1
168.4,60.2,21.2,168.2,63.6,22.5
175.4,68.4,22.2,173.3,68.8,22.9
172.5,67.0,22.5,170.7,70.5,24.2
180.5,71.0,21.8,179.3,69.7,21.7
180.9,73.9,22.6,179.9,72.7,22.5
175.3,58.5,19.0,173.4,62.5,20.8
166.9,66.0,23.7,165.9,59.3,21.5
178.6,74.3,23.3,177.1,71.7,22.9
183.4,67.6,20.1,180.9,74.7,22.8
170.8,61.5,21.1,169.1,60.5,21.1
168.9,67.7,23.7,168.3,65.6,23.2
177.6,81.9,26.0,175.1,81.1,26.5
171.8,58.4,19.8,170.8,62.3,21.3
176.7,58.8,18.8,175.7,62.4,20.2
183.0,76.4,22.8,181.2,69.3,21.1
176.7,74.9,24.0,176.1,73.0,23.5
179.3,57.4,17.9,178.5,56.9,17.8
173.0,55.6,18.6,171.6,59.7,20.3
172.7,64.4,21.6,172.0,56.0,18.9
168.7,54.5,19.1,166.4,52.9,19.1
171.6,49.7,16.9,168.7,49.8,17.5
160.6,47.3,18.3,159.5,54.8,21.5
173.0,66.5,22.2,171.9,63.2,21.4
179.6,73.3,22.7,177.3,65.1,20.7
183.5,75.3,22.4,181.3,73.2,22.3
178.6,74.9,23.5,177.3,75.2,23.9
170.1,57.3,19.8,168.7,60.0,21.1
161.8,66.8,25.5,160.3,63.4,24.7
168.2,73.1,25.8,167.6,70.2,25.0
174.0,63.5,21.0,173.2,65.1,21.7
170.5,72.0,24.8,168.9,79.0,27.7
185.1,80.5,23.5,183.3,77.0,22.9
178.0,66.9,21.1,177.6,66.5,21.1
182.7,88.5,26.5,180.8,97.7,29.9
165.5,99.0,36.1,165.3,93.6,34.3
180.5,73.6,22.6,179.5,76.2,23.7
178.8,79.4,24.8,178.0,79.5,25.1
174.4,79.8,26.2,173.0,86.0,28.7
169.1,64.2,22.5,167.4,59.4,21.2
173.1,89.5,29.9,172.6,86.6,29.1
173.6,90.4,30.0,171.4,91.4,31.1
171.5,60.0,20.4,171.0,57.6,19.7
180.5,66.6,20.4,178.2,65.3,20.5
179.3,66.0,20.5,177.6,65.4,20.7
174.0,59.9,19.8,171.8,60.4,20.5
167.5,68.3,24.3,166.8,69.7,25.1
175.7,79.9,25.9,174.3,75.3,24.8
176.7,92.8,29.7,175.6,90.8,29.5
173.5,87.2,29.0,171.7,93.9,31.9
167.8,54.6,19.4,167.0,55.7,20.0
172.4,60.5,20.4,170.7,56.1,19.2
172.7,57.1,19.1,171.3,59.0,20.1
177.3,53.1,16.9,175.1,53.9,17.6
177.3,73.9,23.5,175.9,72.9,23.6
166.9,54.6,19.6,165.6,56.2,20.5
172.5,58.5,19.7,171.0,58.7,20.1
178.4,87.6,27.5,177.7,89.6,28.4
180.6,89.5,27.4,180.0,87.7,27.1
176.0,59.0,19.0,173.6,55.4,18.4
169.4,74.1,25.8,167.9,72.0,25.5
178.2,98.9,31.1,176.3,90.2,29.0
171.2,83.0,28.3,170.0,85.3,29.5
172.3,74.4,25.1,171.0,71.8,24.6
173.3,64.8,21.6,172.4,67.5,22.7
180.4,71.6,22.0,179.6,67.1,20.8
170.6,73.4,25.2,169.1,70.4,24.6
167.1,59.0,21.1,165.2,61.1,22.4
185.7,61.1,17.7,182.9,59.2,17.7
164.4,88.0,32.6,164.2,89.3,33.1
169.4,58.2,20.3,167.5,56.3,20.0
174.5,76.2,25.0,173.5,74.1,24.6
175.0,68.7,22.4,174.5,69.1,22.7
179.1,78.9,24.6,178.3,82.7,26.0
179.8,83.8,25.9,178.6,80.4,25.2
176.8,62.1,19.9,175.7,63.5,20.6
169.8,76.6,26.6,169.4,81.0,28.2
168.9,58.6,20.5,167.9,56.7,20.1
170.0,71.1,24.6,168.7,70.5,24.8
186.6,69.2,19.9,184.4,69.2,20.3
168.9,91.5,32.1,167.5,87.7,31.3
177.3,64.4,20.5,175.6,64.8,21.0
173.0,65.7,22.0,171.1,63.2,21.6
168.1,51.7,18.3,166.2,54.3,19.7
172.4,91.7,30.9,171.9,91.7,31.1
170.5,61.5,21.2,169.2,60.9,21.3
169.6,50.6,17.6,167.2,52.7,18.8
170.2,50.4,17.4,167.2,50.2,18.0
169.4,60.5,21.1,168.9,60.2,21.1
173.2,68.3,22.8,171.9,69.1,23.4
164.6,59.4,21.9,164.5,55.3,20.4
186.7,82.3,23.6,184.7,82.1,24.1
176.3,90.9,29.2,174.8,86.7,28.4
184.7,69.1,20.3,183.0,72.2,21.6
167.8,53.4,19.0,166.2,51.1,18.5
170.9,66.2,22.7,168.9,60.5,21.2
178.6,65.8,20.6,178.0,70.7,22.3
172.5,67.9,22.8,171.3,77.0,26.3
172.2,87.4,29.5,170.5,79.3,27.3
175.2,87.9,28.6,173.9,86.0,28.4
181.8,96.8,29.3,180.5,103.3,31.7
162.0,56.7,21.6,161.6,65.9,25.2
176.9,77.2,24.7,174.7,75.0,24.6
182.4,81.9,24.6,181.4,86.4,26.3
166.3,59.0,21.3,165.0,55.8,20.5
180.0,77.5,23.9,178.6,76.2,23.9
163.0,66.3,25.0,161.6,67.8,25.9
172.1,59.1,20.0,169.8,56.6,19.6
174.7,77.8,25.5,173.7,87.9,29.1
160.0,85.4,33.4,162.1,81.7,31.1
175.1,66.5,21.7,174.7,64.1,21.0
169.5,58.9,20.5,168.2,53.0,18.7
170.4,53.7,18.5,167.6,51.4,18.3
175.0,69.7,22.8,172.9,68.5,22.9
169.1,57.2,20.0,167.3,53.3,19.0
180.6,89.5,27.4,179.5,83.9,26.0
183.1,68.1,20.3,182.1,71.4,21.5
162.1,67.3,25.6,161.9,70.8,27.0
176.3,72.8,23.4,174.9,74.6,24.4
179.5,73.4,22.8,177.6,67.8,21.5
182.9,74.9,22.4,180.7,69.6,21.3
176.7,79.9,25.6,174.2,69.5,22.9
173.3,64.6,21.5,172.1,58.1,19.6
176.2,76.6,24.7,175.5,75.1,24.4
172.6,69.2,23.2,171.4,67.3,22.9
177.6,80.8,25.6,177.2,79.8,25.4
179.0,57.4,17.9,177.1,66.6,21.2
181.1,70.9,21.6,180.0,72.0,22.2
168.3,71.4,25.2,167.5,63.6,22.7
173.3,67.8,22.6,172.1,70.5,23.8
173.8,71.5,23.7,172.5,69.6,23.4
164.4,58.2,21.5,162.9,60.8,22.9
180.8,63.9,19.5,178.9,65.0,20.3
170.7,52.5,18.0,170.1,58.2,20.1
177.5,83.5,26.5,175.5,85.6,27.8
170.2,77.1,26.6,170.1,72.8,25.2
172.8,61.8,20.7,172.5,60.2,20.2
178.5,61.9,19.4,177.8,60.2,19.1
172.2,67.2,22.7,170.0,62.8,21.7
167.9,67.3,23.9,166.8,65.6,23.6
175.6,93.1,30.2,173.6,94.3,31.3
180.3,75.1,23.1,179.5,73.7,22.9
175.9,87.7,28.3,175.3,86.2,28.0
175.2,55.1,18.0,174.1,58.5,19.3
181.7,56.6,17.1,178.7,53.8,16.9
171.5,86.8,29.5,170.0,87.9,30.4
168.4,62.5,22.0,166.9,65.0,23.4
178.2,88.0,27.7,176.7,87.6,28.0
166.1,80.7,29.3,165.7,76.8,28.0
181.7,59.3,18.0,179.3,58.8,18.3
169.5,96.2,33.5,167.6,96.0,34.2
177.8,69.5,22.0,177.1,68.7,21.9
170.3,80.4,27.7,170.2,86.0,29.7
179.6,64.6,20.0,179.0,63.5,19.8
178.9,85.9,26.8,177.2,79.5,25.3
189.9,97.1,26.9,188.0,91.7,25.9
175.4,65.5,21.3,173.9,58.4,19.3
179.5,80.3,24.9,177.5,85.8,27.2
171.6,84.8,28.8,170.4,85.5,29.5
175.4,72.4,23.5,173.8,65.7,21.7
181.8,60.3,18.2,180.5,64.6,19.8
178.5,69.3,21.7,177.8,66.0,20.9
169.5,65.6,22.8,168.6,58.0,20.4
174.8,66.4,21.7,173.4,68.1,22.7
171.0,59.0,20.2,169.2,58.3,20.4
194.1,91.5,24.3,190.7,84.2,23.2
171.5,61.9,21.0,171.4,71.5,24.3
180.6,74.8,22.9,179.6,73.3,22.7
171.6,70.0,23.8,170.2,64.6,22.3
178.1,83.5,26.3,175.9,80.1,25.9
181.8,63.2,19.1,180.0,64.6,19.9
178.2,67.7,21.3,176.0,65.6,21.2
169.8,64.2,22.3,168.9,58.1,20.4
179.3,71.7,22.3,177.3,69.0,22.0
173.4,69.8,23.2,173.2,72.4,24.2
178.5,61.5,19.3,176.4,64.2,20.6
183.2,67.2,20.0,181.8,69.5,21.0
168.9,76.3,26.7,167.5,73.9,26.3
169.0,84.6,29.6,167.5,82.6,29.4
169.8,68.7,23.8,168.2,56.5,20.0
172.7,63.6,21.3,171.7,63.6,21.6
179.9,63.4,19.6,178.3,56.1,17.6
173.2,78.6,26.2,172.6,81.5,27.4
171.0,99.9,34.2,169.3,98.2,34.3
178.4,79.6,25.0,176.8,80.8,25.8
169.1,78.0,27.3,169.3,88.3,30.8
180.1,64.2,19.8,178.6,64.6,20.3
180.6,66.3,20.3,180.1,67.7,20.9
168.3,92.1,32.5,167.9,95.5,33.9
173.0,72.9,24.4,171.8,69.1,23.4
185.3,88.6,25.8,184.1,88.2,26.0
184.0,68.1,20.1,181.8,66.0,20.0
174.8,75.0,24.5,173.6,75.0,24.9
177.0,58.5,18.7,175.7,60.6,19.6
185.0,62.7,18.3,183.2,64.1,19.1
167.4,64.4,23.0,167.2,63.8,22.8
173.6,72.5,24.1,173.1,71.1,23.7
179.1,92.5,28.8,177.5,89.8,28.5
174.2,61.6,20.3,172.2,60.5,20.4
172.9,72.2,24.2,172.3,71.8,24.2
178.1,69.4,21.9,177.6,66.2,21.0
183.7,69.2,20.5,182.5,76.3,22.9
170.8,62.9,21.6,168.8,63.7,22.4
166.4,66.5,24.0,166.3,63.8,23.1
177.3,85.1,27.1,174.7,93.8,30.7
180.5,67.2,20.6,178.5,68.6,21.5
178.8,70.7,22.1,176.6,67.9,21.8
176.6,66.6,21.4,174.8,66.6,21.8
171.4,57.7,19.6,170.1,60.5,20.9
178.6,94.7,29.7,177.3,87.7,27.9
169.3,69.7,24.3,169.0,76.5,26.8
178.2,83.3,26.2,176.7,86.3,27.7
183.4,75.8,22.5,181.5,67.8,20.6
171.1,93.0,31.8,170.2,95.1,32.8
181.1,119.9,36.6,179.8,118.7,36.7
171.6,94.2,32.0,170.5,104.3,35.9
179.7,74.6,23.1,178.8,70.5,22.1
182.4,83.9,25.2,180.0,85.8,26.5
175.9,82.2,26.6,173.5,76.5,25.4
169.1,55.6,19.4,168.1,58.3,20.7
175.4,65.2,21.2,174.1,68.3,22.5
180.2,89.6,27.6,178.5,87.4,27.4
176.9,82.0,26.2,175.5,79.7,25.9
174.0,83.6,27.6,173.2,79.7,26.5
179.2,81.0,25.2,178.2,71.4,22.5
175.3,64.4,21.0,174.6,70.1,23.0
171.0,75.0,25.6,169.0,71.9,25.2
168.7,79.8,28.0,167.7,81.8,29.1
173.4,56.3,18.7,172.3,55.8,18.8
172.9,81.5,27.3,170.7,75.0,25.8
178.0,81.2,25.6,176.1,77.9,25.1
169.0,73.9,25.9,169.3,78.0,27.2
171.0,66.4,22.7,169.2,62.3,21.8
165.2,53.3,19.5,164.9,58.5,21.5
170.9,81.1,27.8,170.6,81.5,28.0
162.4,89.1,33.8,162.7,89.4,33.8
171.4,68.6,23.4,170.6,72.5,24.9
176.6,65.7,21.1,174.7,62.6,20.5
184.9,104.9,30.7,182.2,100.7,30.3
169.1,64.2,22.5,168.1,65.8,23.3
168.4,69.2,24.4,166.7,61.5,22.1
172.7,71.1,23.8,171.9,70.5,23.8
183.9,73.1,21.6,182.5,68.7,20.6
180.1,68.5,21.1,179.1,69.2,21.6
175.4,56.1,18.2,172.6,53.8,18.1
177.1,77.1,24.6,176.1,71.4,23.0
166.1,67.3,24.4,164.8,70.6,26.0
177.5,90.9,28.9,176.5,97.0,31.1
185.0,78.3,22.9,182.9,73.8,22.1
178.4,71.0,22.3,176.7,68.2,21.8
177.4,79.0,25.1,176.9,71.6,22.9
177.5,86.4,27.4,176.0,81.3,26.3
182.7,76.9,23.0,181.0,80.3,24.5
177.9,87.5,27.6,177.6,90.5,28.7
179.8,76.1,23.5,178.6,82.4,25.8
164.9,52.6,19.3,161.6,48.4,18.5
184.7,66.0,19.3,182.8,61.6,18.4
171.6,53.5,18.2,169.8,56.7,19.7
166.6,59.7,21.5,165.8,62.7,22.8
172.3,55.8,18.8,170.4,58.4,20.1
176.9,55.2,17.6,175.6,66.2,21.5
169.6,76.0,26.4,168.2,74.4,26.3
171.4,51.3,17.5,168.8,61.3,21.5
179.3,105.9,32.9,177.5,102.4,32.5
182.3,70.7,21.3,180.9,68.8,21.0
173.1,71.9,24.0,172.2,63.3,21.3
174.2,59.9,19.7,172.6,62.6,21.0
172.9,67.2,22.5,172.0,68.9,23.3
178.7,70.9,22.2,177.9,66.9,21.1
179.8,70.9,21.9,177.9,68.0,21.5
170.9,58.3,20.0,169.6,58.6,20.4
167.5,54.7,19.5,165.1,52.2,19.1
170.8,84.1,28.8,170.3,88.8,30.6
179.3,64.4,20.0,178.0,65.6,20.7
176.7,97.0,31.1,175.1,90.8,29.6
175.1,66.0,21.5,173.4,66.7,22.2
174.3,79.2,26.1,173.4,85.3,28.4
172.9,104.3,34.9,172.4,103.2,34.7
174.9,76.7,25.1,174.4,75.5,24.8
181.8,79.2,24.0,180.9,71.6,21.9
177.5,60.4,19.2,176.5,56.3,18.1
166.3,52.8,19.1,165.3,53.2,19.5
172.8,76.7,25.7,172.0,75.6,25.5
178.3,63.4,19.9,176.7,60.9,19.5
175.9,94.4,30.5,173.4,93.7,31.2
186.6,74.9,21.5,184.9,73.4,21.5
186.7,124.6,35.7,183.9,120.9,35.7
178.8,69.4,21.7,177.7,67.5,21.4
176.4,59.0,19.0,174.4,58.5,19.2
169.3,61.6,21.5,168.1,68.4,24.2
165.3,60.5,22.1,164.0,63.2,23.5
179.0,69.1,21.6,177.8,68.9,21.8
176.3,61.7,19.9,175.6,57.4,18.6
177.1,86.9,27.7,175.1,82.6,26.9
175.4,59.3,19.3,173.4,59.7,19.8
165.9,68.8,25.0,165.5,65.7,24.0
172.4,50.1,16.9,170.9,52.3,17.9
174.2,53.0,17.5,172.3,53.9,18.1
174.1,76.0,25.1,172.5,80.6,27.1
173.4,78.7,26.2,173.3,86.5,28.8
176.7,66.4,21.3,175.2,62.3,20.3
166.4,72.0,26.0,164.7,62.4,23.0
182.1,94.4,28.5,179.6,84.0,26.0
171.6,70.9,24.1,171.1,75.3,25.7
175.3,74.3,24.2,174.2,84.1,27.7
176.2,58.4,18.8,173.7,56.6,18.8
173.6,68.7,22.8,172.1,68.9,23.3
168.9,58.2,20.4,167.9,57.7,20.5
171.5,61.9,21.0,169.3,58.4,20.4
167.7,53.2,18.9,167.2,54.9,19.6
164.0,66.3,24.7,164.2,70.3,26.1
178.8,55.0,17.2,177.1,57.4,18.3
168.5,69.9,24.6,168.2,65.0,23.0
172.5,54.9,18.4,169.8,59.9,20.8
178.7,54.7,17.1,176.5,61.0,19.6
174.8,47.3,15.5,173.5,49.3,16.4
175.6,67.0,21.7,173.9,68.9,22.8
185.0,74.1,21.7,183.0,79.1,23.6
167.7,73.4,26.1,166.2,62.7,22.7
178.3,65.4,20.6,176.5,67.7,21.7
171.4,74.8,25.5,170.5,66.2,22.8
180.8,85.4,26.1,179.4,82.7,25.7
172.9,67.3,22.5,171.5,104.2,35.4
174.4,82.3,27.1,172.2,94.2,31.8
180.1,93.9,28.9,178.5,99.8,31.3
180.6,63.4,19.4,178.8,61.8,19.3
174.3,68.7,22.6,173.1,69.0,23.0
171.5,93.0,31.6,170.9,85.9,29.4
163.6,67.2,25.1,161.8,66.7,25.5
175.1,89.4,29.2,173.7,86.5,28.7
175.6,82.3,26.7,174.3,89.1,29.3
172.8,62.9,21.1,171.1,66.5,22.7
178.8,52.6,16.5,176.4,51.9,16.7
172.8,75.7,25.4,171.0,74.9,25.6
176.4,70.4,22.6,175.1,64.2,20.9
175.4,57.9,18.8,174.4,63.6,20.9
176.6,80.2,25.7,174.9,77.5,25.3
175.1,71.1,23.2,172.6,63.4,21.3
177.5,63.0,20.0,175.2,65.1,21.2
183.1,70.2,20.9,181.7,72.7,22.0
183.7,76.5,22.7,182.2,75.9,22.9
182.9,92.9,27.8,181.7,94.4,28.6
174.2,62.3,20.5,172.7,69.0,23.1
182.3,72.7,21.9,181.5,75.7,23.0
175.4,62.0,20.2,174.0,60.1,19.8
178.5,107.7,33.8,178.1,102.4,32.3
171.4,56.5,19.2,170.5,58.6,20.1
174.7,79.2,26.0,174.1,72.6,24.0
169.5,72.6,25.3,169.0,68.0,23.8
178.7,70.4,22.0,177.5,66.7,21.2
164.3,64.0,23.7,163.5,59.8,22.4
177.7,64.6,20.5,176.6,66.1,21.2
173.8,65.2,21.6,173.3,69.6,23.2
174.4,61.9,20.4,173.8,67.8,22.5
181.5,61.6,18.7,180.5,59.1,18.1
183.4,61.0,18.1,182.6,65.4,19.6
174.8,64.8,21.2,172.7,62.3,20.9
184.4,79.6,23.4,182.6,81.3,24.4
174.7,60.0,19.7,172.6,60.3,20.3
176.4,68.1,21.9,174.9,71.7,23.5
171.4,54.8,18.7,170.6,55.7,19.1
170.4,57.1,19.7,169.5,52.6,18.3
162.1,52.0,19.8,160.2,49.7,19.4
175.2,71.5,23.3,174.0,71.6,23.7
171.2,61.1,20.8,170.4,63.0,21.7
179.0,95.5,29.8,177.8,99.9,31.6
178.4,77.5,24.4,176.6,71.5,22.9
165.1,59.7,21.9,163.0,54.7,20.6
168.9,67.5,23.7,168.5,69.1,24.3
177.8,91.4,28.9,176.9,88.9,28.4
178.3,55.4,17.4,177.3,53.7,17.1
170.9,61.1,20.9,169.5,56.0,19.5
175.5,64.7,21.0,173.6,63.4,21.1
172.3,71.5,24.1,171.6,74.0,25.1
182.4,68.4,20.6,180.6,72.9,22.4
170.5,92.2,31.7,169.5,89.2,31.0
175.3,60.4,19.7,173.3,58.5,19.5
166.4,50.0,18.1,165.1,50.4,18.5
166.6,56.6,20.4,164.9,53.9,19.8
167.0,71.4,25.6,166.0,67.2,24.4
175.0,78.2,25.5,172.9,81.5,27.2
179.0,60.2,18.8,177.1,58.5,18.7
171.4,84.3,28.7,170.4,83.1,28.6
172.3,84.0,28.3,171.7,88.5,30.0
178.3,66.4,20.9,177.3,67.5,21.5
165.4,61.5,22.5,164.2,62.6,23.2
172.2,67.7,22.8,170.3,64.4,22.2
166.7,62.3,22.4,165.5,63.5,23.2
174.2,67.7,22.3,173.3,68.0,22.6
181.7,86.2,26.1,179.6,91.9,28.5
168.4,49.3,17.4,166.8,52.2,18.8
173.8,64.0,21.2,172.3,62.6,21.1
180.3,87.4,26.9,178.1,90.2,28.4
172.0,83.5,28.2,170.8,88.8,30.4
184.5,68.5,20.1,182.9,63.6,19.0
164.5,52.4,19.4,163.1,52.5,19.7
173.4,67.9,22.6,171.8,68.1,23.1
172.7,63.7,21.4,170.8,64.6,22.2
173.7,61.3,20.3,173.3,65.4,21.8
174.8,68.2,22.3,174.6,64.9,21.3
176.4,91.5,29.4,175.5,83.6,27.1
162.6,53.2,20.1,160.9,50.1,19.4
169.6,57.0,19.8,167.4,56.7,20.2
184.0,84.5,25.0,182.1,91.6,27.6
180.3,87.0,26.8,178.0,74.6,23.5
179.0,73.4,22.9,177.4,76.4,24.3
171.7,66.4,22.5,170.8,66.0,22.6
162.8,65.7,24.8,162.4,75.4,28.6
172.5,79.4,26.7,170.4,79.0,27.2
173.7,79.3,26.3,173.8,85.7,28.4
182.9,93.4,27.9,180.6,90.0,27.6
179.0,74.0,23.1,177.1,74.5,23.7
168.1,90.2,31.9,167.4,90.8,32.4
179.0,50.8,15.9,177.5,62.7,19.9
174.7,68.8,22.5,173.7,65.0,21.6
184.9,82.6,24.2,183.1,76.9,22.9
177.4,82.5,26.2,175.3,84.7,27.6
172.4,46.7,15.7,169.6,48.7,16.9
174.3,100.0,32.9,173.8,89.0,29.5
177.3,80.3,25.5,175.9,76.0,24.5
168.7,80.3,28.2,167.2,88.3,31.6
171.3,62.7,21.4,170.1,60.8,21.0
174.3,58.8,19.4,173.5,60.4,20.0
180.3,77.8,23.9,179.5,74.4,23.1
177.2,66.3,21.1,175.2,65.9,21.5
178.2,68.7,21.6,177.2,67.7,21.6
165.2,61.1,22.4,163.4,60.6,22.7
164.2,60.0,22.3,162.7,62.1,23.5
177.0,68.0,21.7,175.4,67.9,22.1
174.6,68.7,22.5,173.5,60.7,20.2
175.2,70.2,22.9,173.1,72.4,24.2
174.3,57.3,18.9,173.1,55.5,18.5
178.3,66.6,20.9,176.3,59.9,19.3
163.1,83.5,31.4,163.4,77.6,29.0
175.2,81.6,26.6,174.2,69.0,22.7
173.2,67.8,22.6,171.5,65.1,22.1
172.5,61.5,20.7,171.7,59.3,20.1
168.8,51.7,18.1,167.8,53.9,19.2
174.0,75.6,25.0,173.6,77.5,25.7
168.9,54.9,19.2,167.4,56.6,20.2
176.1,63.5,20.5,175.6,60.9,19.8
169.6,72.9,25.3,168.2,63.9,22.6
172.2,98.6,33.3,170.2,93.3,32.2
177.1,70.3,22.4,176.7,66.6,21.3
175.3,66.2,21.5,174.1,67.1,22.1
165.0,52.8,19.4,163.1,53.6,20.1
174.0,66.3,21.9,173.0,65.6,21.9
179.7,84.8,26.3,178.8,88.3,27.6
175.9,65.4,21.1,173.9,65.5,21.6
181.6,84.2,25.5,179.3,83.0,25.8
178.1,57.6,18.2,176.0,63.3,20.4
185.0,70.0,20.5,183.3,90.7,27.0
172.4,58.0,19.5,170.9,61.7,21.1
173.8,72.8,24.1,172.3,76.2,25.7
182.4,69.6,20.9,181.8,70.0,21.2
171.2,61.4,20.9,169.1,55.8,19.5
163.9,53.2,19.8,163.8,54.4,20.3
175.0,62.1,20.3,173.8,61.2,20.3
176.6,65.0,20.8,175.3,62.3,20.3
171.1,72.5,24.8,169.5,79.0,27.5
178.2,63.0,19.8,176.4,61.9,19.9
169.1,54.5,19.1,168.0,57.7,20.4
176.5,105.1,33.7,175.8,104.2,33.7
167.0,81.6,29.3,166.7,86.7,31.2
171.8,68.1,23.1,171.3,65.7,22.4
168.8,65.9,23.1,167.7,65.7,23.4
178.2,66.6,21.0,176.3,61.7,19.9
173.4,57.1,19.0,171.5,56.2,19.1
186.3,77.1,22.2,184.1,76.4,22.5
171.5,83.1,28.3,170.2,84.8,29.3
164.1,78.2,29.0,164.4,76.2,28.2
179.5,80.4,25.0,178.5,79.2,24.8
171.0,60.3,20.6,170.0,61.9,21.4
182.7,72.1,21.6,180.5,70.8,21.7
170.1,60.2,20.8,169.3,58.5,20.4
171.6,80.1,27.2,170.1,83.1,28.7
163.5,64.3,24.1,162.4,68.6,26.0
172.9,69.3,23.2,171.6,67.8,23.0
179.5,80.2,24.9,178.6,71.9,22.5
181.0,108.4,33.1,179.7,103.5,32.1
175.6,68.3,22.1,173.7,68.8,22.8
166.1,54.8,19.9,165.3,52.9,19.3
177.4,69.0,21.9,175.5,69.1,22.4
166.5,56.5,20.4,164.8,54.2,20.0
179.8,102.6,31.7,178.8,95.6,29.9
165.2,70.6,25.9,164.8,64.7,23.8
168.5,49.0,17.3,166.1,52.6,19.0
180.1,84.5,26.1,178.7,87.0,27.2
171.5,54.6,18.6,170.9,58.8,20.1
173.5,74.3,24.7,172.3,76.3,25.7
179.4,65.9,20.5,178.7,67.0,21.0
167.4,69.0,24.6,166.8,58.1,20.9
168.4,52.8,18.6,167.2,54.0,19.3
169.0,103.9,36.4,168.1,102.5,36.3
178.3,72.2,22.7,176.6,75.5,24.2
179.6,64.2,19.9,178.2,64.9,20.4
178.8,80.4,25.1,176.7,78.6,25.2
173.5,76.4,25.4,172.2,81.1,27.4
175.6,69.6,22.6,174.0,68.3,22.5
171.1,53.3,18.2,169.2,57.7,20.2
176.3,51.9,16.7,175.1,54.6,17.8
183.5,90.4,26.8,181.1,87.1,26.6
175.0,77.9,25.4,173.0,75.5,25.2
172.6,66.5,22.3,171.2,63.1,21.5
170.4,54.9,18.9,168.8,59.5,20.9
170.6,58.8,20.2,169.2,59.9,20.9
185.4,95.3,27.7,183.3,90.3,26.9
167.6,70.7,25.2,167.7,68.8,24.5
176.6,63.6,20.4,175.7,64.3,20.8
179.9,66.3,20.5,178.3,65.4,20.6
186.2,74.2,21.4,184.7,73.9,21.7
173.8,63.3,21.0,173.7,65.0,21.5
185.1,84.3,24.6,183.9,83.0,24.5
177.1,64.1,20.4,176.0,78.3,25.3
174.6,75.4,24.7,173.7,75.3,25.0
178.2,66.4,20.9,177.8,66.5,21.0
177.2,58.8,18.7,174.9,58.2,19.0
174.0,102.6,33.9,172.4,105.2,35.4
183.8,67.7,20.0,182.0,70.5,21.3
168.3,69.0,24.4,167.4,65.8,23.5
167.3,85.3,30.5,166.3,80.4,29.1
180.2,67.3,20.7,179.2,62.2,19.4
172.5,77.0,25.9,171.8,67.5,22.9
167.4,62.9,22.4,167.7,62.4,22.2
174.6,67.3,22.1,172.4,68.0,22.9
175.4,87.9,28.6,174.6,62.2,20.4
178.2,60.0,18.9,175.8,58.5,18.9
185.1,83.0,24.2,183.4,82.9,24.6
180.1,68.5,21.1,178.9,62.0,19.4
169.7,65.5,22.7,169.1,67.3,23.5
183.2,61.9,18.4,182.0,61.7,18.6
187.3,107.8,30.7,185.4,104.1,30.3
177.7,60.5,19.2,176.4,60.7,19.5
176.3,67.0,21.6,175.6,73.7,23.9
174.3,72.6,23.9,173.9,71.6,23.7
180.1,84.9,26.2,178.7,73.5,23.0
172.4,70.3,23.7,171.2,68.1,23.2
176.6,66.5,21.3,175.5,62.6,20.3
166.0,66.3,24.1,166.4,64.9,23.4
167.0,67.0,24.0,167.1,72.7,26.0
172.9,55.7,18.6,170.7,53.6,18.4
172.5,62.5,21.0,172.2,59.8,20.2
170.1,58.2,20.1,168.2,57.6,20.4
173.0,76.7,25.6,172.3,75.9,25.6
173.9,67.4,22.3,172.4,73.6,24.8
168.2,74.3,26.3,167.9,73.2,26.0
168.6,80.5,28.3,167.8,76.4,27.1
162.9,60.4,22.8,162.4,60.9,23.1
178.3,73.0,23.0,177.3,67.0,21.3
173.7,69.6,23.1,173.4,74.5,24.8
169.4,74.4,25.9,168.9,70.3,24.6
172.8,55.6,18.6,171.8,60.5,20.5
177.3,68.2,21.7,175.6,62.5,20.3
170.7,70.0,24.0,169.9,79.2,27.4
173.6,78.2,25.9,172.0,73.0,24.7
167.8,53.7,19.1,165.4,51.2,18.7
170.2,64.7,22.3,169.4,64.4,22.5
175.0,73.9,24.1,173.7,68.7,22.8
172.5,61.3,20.6,171.0,59.0,20.2
173.9,79.2,26.2,172.0,87.3,29.5
183.3,80.6,24.0,181.6,80.4,24.4
175.7,63.0,20.4,175.1,68.3,22.3
181.2,86.8,26.4,178.7,81.1,25.4
175.4,78.4,25.5,174.6,79.6,26.1
175.3,65.2,21.2,174.4,59.0,19.4
173.1,89.2,29.8,171.5,97.4,33.1
172.7,63.3,21.2,170.6,62.9,21.6
181.0,63.6,19.4,179.9,61.9,19.1
178.2,66.6,21.0,176.1,68.8,22.2
173.6,63.8,21.2,171.6,61.7,21.0
183.9,62.2,18.4,182.1,60.0,18.1
187.6,77.6,22.0,184.4,73.5,21.6
173.9,71.1,23.5,172.8,70.9,23.7
168.5,66.2,23.3,167.1,61.8,22.1
183.0,75.0,22.4,181.6,79.4,24.1
178.8,91.4,28.6,177.7,92.0,29.2
180.9,66.7,20.4,178.9,66.0,20.6
176.0,93.4,30.2,174.0,92.8,30.7
176.2,71.7,23.1,174.1,69.2,22.8
176.7,68.0,21.8,175.8,63.3,20.5
166.7,61.4,22.1,166.0,60.4,21.9
176.3,78.1,25.1,174.7,82.5,27.1
166.2,59.8,21.6,165.3,63.1,23.1
174.3,55.6,18.3,172.1,56.5,19.1
172.7,64.6,21.7,171.7,63.9,21.7
182.8,68.2,20.4,181.4,67.4,20.5
173.2,79.7,26.6,172.4,74.4,25.0
167.5,70.8,25.2,167.6,71.8,25.5
177.7,76.2,24.1,175.7,74.6,24.2
178.3,67.5,21.2,175.9,67.6,21.8
179.2,104.9,32.7,176.5,108.5,34.8
184.7,82.7,24.2,183.7,82.4,24.4
170.2,66.8,23.1,168.6,62.5,22.0
164.5,62.7,23.2,163.4,60.9,22.8
182.8,71.2,21.3,181.4,68.2,20.7
177.0,93.3,29.8,175.0,91.1,29.8
186.3,82.1,23.7,184.7,74.9,22.0
169.1,65.0,22.7,167.8,57.3,20.3
171.1,77.9,26.6,170.3,76.8,26.5
175.1,55.4,18.1,172.8,61.0,20.4
175.7,77.1,25.0,174.3,75.5,24.8
171.4,76.4,26.0,169.6,76.1,26.4
170.2,69.9,24.1,169.1,69.0,24.1
181.8,71.0,21.5,179.7,77.1,23.9
173.0,75.3,25.2,172.6,71.5,24.0
182.0,73.6,22.2,180.1,72.3,22.3
173.5,93.8,31.2,172.2,102.4,34.5
169.0,64.4,22.5,167.3,60.9,21.8
179.3,85.3,26.5,177.8,98.2,31.1
175.1,69.9,22.8,173.1,70.0,23.3
166.3,51.6,18.7,165.6,52.9,19.3
182.3,59.0,17.8,180.4,71.3,21.9
172.4,80.9,27.2,171.5,70.4,23.9
180.6,90.0,27.6,179.3,90.9,28.3
184.6,98.0,28.8,183.3,93.3,27.8
173.0,76.7,25.6,171.7,80.3,27.2
175.7,59.0,19.1,174.2,62.2,20.5
187.7,95.6,27.1,184.9,101.4,29.7
185.4,80.0,23.3,183.9,80.9,23.9
169.4,57.8,20.1,167.9,64.2,22.8
169.6,53.0,18.4,167.2,51.4,18.4
176.1,64.2,20.7,175.7,61.7,20.0
176.8,78.0,25.0,175.1,82.8,27.0
177.0,74.7,23.8,175.6,74.2,24.1
186.5,83.4,24.0,184.4,84.7,24.9
167.9,67.1,23.8,167.3,62.1,22.2
166.4,72.8,26.3,165.2,70.4,25.8
176.6,58.0,18.6,174.0,57.3,18.9
181.8,69.5,21.0,179.5,70.6,21.9
167.3,61.9,22.1,166.0,70.4,25.5
171.2,60.3,20.6,170.6,59.4,20.4
164.2,59.8,22.2,162.3,54.8,20.8
172.8,73.7,24.7,171.1,67.2,22.9
173.9,57.3,18.9,171.6,54.7,18.6
179.2,74.0,23.0,178.1,62.5,19.7
172.7,54.4,18.2,171.1,56.3,19.2
179.1,80.1,25.0,177.8,77.9,24.6
169.7,88.0,30.6,169.6,87.4,30.4
177.4,74.2,23.6,176.9,79.1,25.3
170.0,46.8,16.2,167.8,52.1,18.5
172.1,100.4,33.9,171.0,99.2,33.9
171.1,83.0,28.4,169.9,83.4,28.9
180.1,58.1,17.9,177.5,58.8,18.7
181.5,76.4,23.2,180.6,76.8,23.6
168.6,83.9,29.5,167.4,77.4,27.6
165.9,57.5,20.9,163.8,53.9,20.1
178.3,73.4,23.1,176.5,67.6,21.7
174.9,76.4,25.0,173.0,76.8,25.6
183.6,77.1,22.9,180.9,77.3,23.6
171.3,82.4,28.1,170.2,78.4,27.1
176.3,65.0,20.9,174.6,65.5,21.5
170.8,72.1,24.7,169.3,69.0,24.1
183.3,64.7,19.3,181.6,65.9,20.0
169.9,73.5,25.5,168.6,71.2,25.1
166.7,70.8,25.5,166.6,73.3,26.4
166.1,66.4,24.1,166.5,60.8,22.0
182.0,67.1,20.3,180.2,63.8,19.6
175.4,58.4,19.0,174.0,62.5,20.6
166.9,77.0,27.6,166.9,79.1,28.4
182.2,117.9,35.5,180.3,103.6,31.8
180.1,75.3,23.2,178.2,80.2,25.3
185.3,78.6,22.9,183.8,73.4,21.7
174.2,74.4,24.5,172.9,81.9,27.4
173.7,74.0,24.5,172.1,69.3,23.4
168.1,62.2,22.0,167.7,59.7,21.2
171.8,62.2,21.1,170.3,64.2,22.1
175.0,85.4,27.9,173.1,84.6,28.2
173.0,63.7,21.3,171.7,58.9,20.0
171.3,78.3,26.7,170.7,67.6,23.2
177.0,57.9,18.5,175.9,57.8,18.7
167.2,81.6,29.2,166.4,76.8,27.7
175.5,55.1,17.9,174.4,58.1,19.1
169.2,58.0,20.3,167.7,57.9,20.6
173.8,86.5,28.6,172.1,89.9,30.4
169.7,80.9,28.1,168.0,82.1,29.1
177.8,79.6,25.2,175.7,86.6,28.1
177.6,68.0,21.6,175.5,72.1,23.4
180.9,92.6,28.3,179.7,96.8,30.0
173.9,58.0,19.2,172.5,63.2,21.2
179.0,95.5,29.8,177.0,90.4,28.9
171.8,75.4,25.5,169.9,78.6,27.2
167.1,55.6,19.9,166.3,55.0,19.9
174.5,53.7,17.6,171.6,55.7,18.9
182.7,79.7,23.9,179.9,83.0,25.7
167.3,61.3,21.9,166.2,62.7,22.7
179.1,62.9,19.6,177.8,64.4,20.4
173.6,93.1,30.9,171.2,78.7,26.8
171.2,66.7,22.8,170.0,62.4,21.6
172.0,59.7,20.2,170.6,63.5,21.8
169.3,61.1,21.3,168.2,63.5,22.5
183.1,91.7,27.4,182.0,86.7,26.2
167.2,76.8,27.5,167.2,68.0,24.3
170.2,50.9,17.6,169.1,55.3,19.3
175.0,64.3,21.0,173.5,58.0,19.3
177.7,77.0,24.4,176.3,80.3,25.9
175.4,58.0,18.9,173.5,54.1,18.0
179.6,55.0,17.1,178.1,55.0,17.3
167.0,56.1,20.1,166.9,59.0,21.2
172.3,57.2,19.3,170.0,54.5,18.9
184.6,72.3,21.2,183.6,66.9,19.8
176.5,70.2,22.5,175.2,75.2,24.5
174.7,53.6,17.6,174.1,59.0,19.5
172.2,64.9,21.9,171.5,68.8,23.4
172.5,59.7,20.1,171.0,60.5,20.7
175.2,70.2,22.9,173.4,68.4,22.8
169.8,73.5,25.5,169.5,80.6,28.1
177.8,85.6,27.1,175.8,85.6,27.7
176.5,67.8,21.8,175.7,65.7,21.3
172.3,69.3,23.3,170.9,73.7,25.2
178.8,74.4,23.3,178.4,72.0,22.6
181.7,64.3,19.5,180.5,65.5,20.1
179.2,85.8,26.7,178.5,85.9,26.9
182.9,67.5,20.2,182.0,67.0,20.2
175.0,53.4,17.4,172.1,55.5,18.7
167.4,58.5,20.9,166.3,58.1,21.0
180.6,86.3,26.5,179.5,80.6,25.0
171.3,81.3,27.7,169.5,76.0,26.5
179.2,56.2,17.5,177.9,58.1,18.3
183.5,74.2,22.0,181.4,69.9,21.2
169.5,69.6,24.2,167.8,65.0,23.1
175.3,73.2,23.8,174.0,76.6,25.3
182.6,84.9,25.5,180.1,77.8,24.0
179.1,76.3,23.8,177.3,77.0,24.5
186.1,86.8,25.1,183.2,88.7,26.4
175.5,88.3,28.7,174.6,83.5,27.4
174.5,67.9,22.3,173.7,66.6,22.1
173.7,66.2,21.9,172.3,59.6,20.1
171.6,64.5,21.9,170.7,66.0,22.6
173.5,81.9,27.2,172.0,75.7,25.6
164.4,63.4,23.5,163.1,62.4,23.4
172.0,70.2,23.7,172.3,67.7,22.8
180.2,70.1,21.6,179.5,70.0,21.7
175.0,86.3,28.2,174.1,88.2,29.1
176.7,57.2,18.3,174.5,62.4,20.5
168.0,51.2,18.1,166.3,55.1,19.9
173.0,52.1,17.4,171.2,56.4,19.2
178.3,71.2,22.4,177.9,69.5,22.0
173.5,72.5,24.1,172.1,69.1,23.3
169.9,61.0,21.1,169.0,59.9,21.0
167.9,76.7,27.2,167.7,78.1,27.8
168.9,85.8,30.1,167.9,79.8,28.3
173.8,66.3,21.9,172.2,61.6,20.8
175.2,55.1,18.0,173.4,56.1,18.7
170.8,74.5,25.5,170.3,75.1,25.9
159.8,75.8,29.7,160.7,76.2,29.5
171.3,66.1,22.5,170.0,64.0,22.1
182.3,81.1,24.4,180.9,79.3,24.2
183.7,58.5,17.3,181.9,58.7,17.7
167.8,55.8,19.8,167.6,64.4,22.9
184.4,98.4,28.9,182.3,100.9,30.4
172.9,75.0,25.1,172.4,83.0,27.9
171.1,91.0,31.1,170.8,93.3,32.0
175.0,82.6,27.0,173.8,86.6,28.7
185.8,95.8,27.8,183.1,98.2,29.3
175.2,63.0,20.5,173.8,64.7,21.4
173.4,93.0,30.9,172.0,92.2,31.2
187.8,64.4,18.3,185.6,65.8,19.1
171.9,73.0,24.7,170.0,68.7,23.8
172.0,78.5,26.5,169.9,71.8,24.9
169.5,74.8,26.0,169.1,72.6,25.4
175.2,60.3,19.6,173.6,78.4,26.0
176.2,74.0,23.8,174.1,77.2,25.5
169.1,54.7,19.1,166.9,58.7,21.1
181.1,63.7,19.4,178.6,60.6,19.0
177.5,114.3,36.3,176.3,114.3,36.7
175.9,64.1,20.7,174.1,61.8,20.4
174.8,56.1,18.4,172.5,51.7,17.4
177.3,78.2,24.9,176.2,80.3,25.9
176.7,78.8,25.2,175.1,84.4,27.5
174.7,76.7,25.1,173.1,73.5,24.5
172.0,76.4,25.8,170.9,76.0,26.0
168.0,51.2,18.1,166.6,49.1,17.7
167.1,78.5,28.1,166.2,73.4,26.5
174.5,62.3,20.5,172.4,61.7,20.8
176.0,76.1,24.6,174.3,77.2,25.4
182.2,71.3,21.5,180.2,71.8,22.1
167.2,70.4,25.2,167.4,62.4,22.3
176.6,70.9,22.7,175.1,67.4,22.0
179.1,83.6,26.1,177.0,84.4,26.9
169.9,72.5,25.1,168.0,72.8,25.8
170.2,70.4,24.3,168.4,69.8,24.6
171.8,67.3,22.8,170.8,65.9,22.6
172.3,72.3,24.4,171.0,64.3,22.0
171.4,64.4,21.9,169.7,62.4,21.7
176.6,95.1,30.5,174.8,95.3,31.2
166.4,59.5,21.5,165.9,60.9,22.1
179.9,72.7,22.5,177.8,74.4,23.5
171.2,59.3,20.2,169.6,57.5,20.0
173.9,80.6,26.7,172.6,81.3,27.3
172.9,61.9,20.7,172.4,62.6,21.1
169.3,73.8,25.7,167.9,65.2,23.1
176.7,80.7,25.8,176.1,83.9,27.1
176.8,62.4,20.0,175.4,59.3,19.3
173.7,75.7,25.1,172.1,76.5,25.8
175.2,56.6,18.4,173.0,57.5,19.2
168.6,77.6,27.3,168.0,77.2,27.3
170.6,65.5,22.5,169.0,66.0,23.1
174.8,82.7,27.1,173.3,83.0,27.6
176.1,97.2,31.3,174.5,94.3,31.0
168.4,63.1,22.3,167.8,64.5,22.9
182.7,92.1,27.6,180.8,91.4,28.0
171.3,50.5,17.2,169.4,48.5,16.9
180.6,89.6,27.5,179.2,84.7,26.4
169.9,75.0,26.0,168.7,74.5,26.2
174.9,60.0,19.6,174.4,57.1,18.8
169.3,91.0,31.7,168.0,93.0,33.0
179.3,88.9,27.7,177.2,95.4,30.4
180.6,85.1,26.1,178.6,90.5,28.4
176.7,64.1,20.5,175.3,59.5,19.4
173.6,76.6,25.4,172.9,77.3,25.8
169.1,62.3,21.8,168.3,59.4,21.0
165.1,54.5,20.0,163.2,51.3,19.3
177.7,83.4,26.4,176.8,77.9,24.9
175.0,81.2,26.5,173.9,84.4,27.9
175.3,89.8,29.2,173.8,84.6,28.0
174.3,75.3,24.8,173.1,76.6,25.6
190.9,96.9,26.6,189.2,97.8,27.3
163.4,50.6,19.0,162.4,53.3,20.2
174.4,97.5,32.1,173.7,99.7,33.1
172.1,65.2,22.0,170.2,63.2,21.8
181.1,76.9,23.4,178.6,82.5,25.9
173.9,90.9,30.1,172.0,88.3,29.8
175.3,78.4,25.5,174.7,75.5,24.7
181.9,66.3,20.0,179.8,62.2,19.2
170.5,77.0,26.5,169.1,78.8,27.6
175.1,74.4,24.3,174.2,74.5,24.5
177.7,84.2,26.7,176.5,82.5,26.5
172.3,78.6,26.5,170.5,81.0,27.9
175.2,83.9,27.3,174.6,80.7,26.4
175.8,82.1,26.6,174.9,80.8,26.4
174.4,72.8,23.9,173.7,64.8,21.5
178.8,82.3,25.7,178.0,79.7,25.1
164.0,58.0,21.6,162.2,49.4,18.8
173.2,72.9,24.3,171.6,72.6,24.7
172.0,74.7,25.3,170.7,71.6,24.6
183.3,91.4,27.2,181.4,93.7,28.5
178.1,74.9,23.6,177.1,72.2,23.0
170.3,58.7,20.2,168.0,54.9,19.5
179.3,72.7,22.6,177.7,69.7,22.1
175.0,107.3,35.0,173.6,109.1,36.2
174.5,98.9,32.5,172.2,94.4,31.8
183.8,70.8,21.0,182.2,74.9,22.6
179.2,78.9,24.6,178.2,74.2,23.4
174.1,91.7,30.3,172.4,91.4,30.8
168.2,71.7,25.3,166.9,69.3,24.9
173.2,60.3,20.1,171.6,64.0,21.7
175.8,88.0,28.5,174.0,89.5,29.6
165.5,67.6,24.7,164.9,75.4,27.7
172.6,69.0,23.2,170.9,71.0,24.3
170.0,84.5,29.2,168.6,74.6,26.2
171.3,69.9,23.8,170.8,69.8,24.0
183.4,70.1,20.8,182.2,72.1,21.7
186.7,82.6,23.7,184.2,78.0,23.0
173.1,72.4,24.2,171.4,70.3,23.9
176.4,72.0,23.1,174.5,65.4,21.5
177.2,73.3,23.3,175.6,75.4,24.5
188.9,115.9,32.5,185.4,113.6,33.1
182.9,76.4,22.8,181.5,80.0,24.3
175.9,59.4,19.2,174.1,60.9,20.1
170.7,76.0,26.1,169.4,78.7,27.4
169.3,79.4,27.7,168.3,80.3,28.3
181.1,82.9,25.3,180.2,81.8,25.2
176.4,59.2,19.0,174.3,66.4,21.9
174.2,67.5,22.2,173.0,68.6,22.9
176.6,55.7,17.9,174.3,56.6,18.6
171.1,71.4,24.4,170.2,68.7,23.7
172.2,59.8,20.2,170.6,67.7,23.3
170.5,55.2,19.0,168.3,56.1,19.8
179.0,71.1,22.2,176.9,71.6,22.9
164.3,89.2,33.0,164.1,90.1,33.5
174.8,71.3,23.3,173.3,70.8,23.6
181.1,117.9,35.9,178.9,112.6,35.2
170.2,65.8,22.7,168.2,66.3,23.4
188.7,71.6,20.1,186.9,79.8,22.8
171.6,69.9,23.7,170.7,73.7,25.3
162.1,51.6,19.6,161.9,56.4,21.5
175.5,77.3,25.1,173.8,81.3,26.9
174.3,61.2,20.1,172.7,59.9,20.1
172.2,81.8,27.6,171.6,87.6,29.7
180.4,71.2,21.9,179.0,68.3,21.3
175.5,66.8,21.7,174.8,70.4,23.0
180.4,93.0,28.6,179.3,93.5,29.1
179.3,67.8,21.1,177.8,65.7,20.8
177.2,58.3,18.6,175.4,55.8,18.1
170.0,65.9,22.8,167.5,60.2,21.5
180.9,90.1,27.5,178.6,85.7,26.8
172.6,83.5,28.0,172.2,81.4,27.5
167.8,78.7,28.0,167.4,83.2,29.7
183.9,69.9,20.7,182.6,70.2,21.1
169.6,62.7,21.8,167.9,63.0,22.4
182.2,67.4,20.3,180.2,67.6,20.8
179.3,66.6,20.7,177.7,64.5,20.4
177.3,53.5,17.0,175.2,62.3,20.3
166.8,82.6,29.7,167.0,83.4,29.9
181.9,91.9,27.8,179.7,89.6,27.7
179.5,73.4,22.8,177.6,67.8,21.5
173.5,68.6,22.8,172.4,67.1,22.6
176.9,55.7,17.8,174.9,57.8,18.9
170.8,55.7,19.1,168.5,52.3,18.4
171.2,51.0,17.4,169.7,52.4,18.2
176.5,64.6,20.7,176.2,69.2,22.3
172.2,63.0,21.2,171.7,58.8,19.9
175.0,109.5,35.8,173.1,105.6,35.3
175.2,65.5,21.3,174.2,71.8,23.7
177.5,59.2,18.8,176.2,58.8,18.9
174.2,60.9,20.1,172.1,56.8,19.2
178.5,63.8,20.0,176.8,64.7,20.7
173.7,57.1,18.9,171.6,56.2,19.1
169.0,66.2,23.2,168.6,68.0,23.9
183.7,71.6,21.2,182.1,73.0,22.0
172.1,75.2,25.4,171.7,77.3,26.2
158.9,50.9,20.2,158.9,54.1,21.4
174.0,65.7,21.7,172.0,62.7,21.2
184.1,103.7,30.6,182.8,97.6,29.2
170.1,57.8,20.0,168.7,59.8,21.0
185.3,69.9,20.4,183.8,63.2,18.7
173.7,105.2,34.9,172.5,105.4,35.4
163.8,61.8,23.0,164.0,67.0,24.9
178.1,69.1,21.8,176.1,70.7,22.8
171.7,53.7,18.2,170.3,55.4,19.1
190.4,88.7,24.5,187.8,85.2,24.1
171.5,57.0,19.4,170.5,56.4,19.4
181.7,71.2,21.6,180.4,69.0,21.2
172.2,59.3,20.0,171.2,60.1,20.5
174.6,75.2,24.7,173.9,82.0,27.1
179.7,70.2,21.7,178.2,72.4,22.8
176.4,52.0,16.7,175.4,63.2,20.5
173.1,73.5,24.5,171.0,79.9,27.3
176.1,70.0,22.6,174.6,74.0,24.3
177.0,65.5,20.9,175.2,61.2,19.9
172.8,83.0,27.8,171.6,82.0,27.9
177.1,58.6,18.7,176.3,61.6,19.8
178.1,62.5,19.7,176.9,55.6,17.8
174.3,62.1,20.4,172.1,63.7,21.5
169.4,68.4,23.8,168.6,69.0,24.3
174.7,53.2,17.4,173.3,56.1,18.7
171.4,54.9,18.7,170.1,58.2,20.1
179.1,61.1,19.0,178.4,65.5,20.6
177.5,78.5,24.9,175.9,86.3,27.9
173.7,72.8,24.1,171.9,72.4,24.5
176.5,78.3,25.1,175.2,70.8,23.1
169.5,52.6,18.3,167.2,50.5,18.1
173.3,111.6,37.2,172.2,94.3,31.8
174.7,65.8,21.6,173.6,65.5,21.7
176.7,69.8,22.4,175.9,79.1,25.6
170.7,56.6,19.4,168.8,55.7,19.5
171.9,68.6,23.2,169.9,78.6,27.2
174.9,56.5,18.5,174.3,57.6,19.0
180.6,70.6,21.6,179.0,74.2,23.2
171.4,65.4,22.3,169.5,57.8,20.1
166.3,60.7,21.9,164.4,59.4,22.0
183.6,107.5,31.9,181.4,107.5,32.7
170.0,71.1,24.6,168.1,72.2,25.6
178.3,69.4,21.8,177.0,66.1,21.1
178.2,89.9,28.3,176.5,88.0,28.2
184.7,76.8,22.5,183.7,74.7,22.1
178.6,90.4,28.3,176.7,93.8,30.1
175.7,64.8,21.0,174.7,60.8,19.9
179.4,76.4,23.7,177.8,79.5,25.2
182.9,80.2,24.0,180.7,84.9,26.0
170.1,56.0,19.4,167.9,59.8,21.2
171.1,83.6,28.6,169.7,82.1,28.5
170.6,54.0,18.6,170.0,59.9,20.7
164.9,55.2,20.3,163.7,54.8,20.4
171.8,76.9,26.1,170.7,79.3,27.2
171.7,57.8,19.6,170.0,57.7,20.0
171.4,54.6,18.6,170.9,56.5,19.3
175.2,93.4,30.4,174.0,88.9,29.3
178.3,71.8,22.6,176.3,65.4,21.1
185.4,115.3,33.5,182.3,105.3,31.7
171.9,82.1,27.8,171.3,85.8,29.2
188.5,67.9,19.1,185.8,61.6,17.8
173.2,88.7,29.6,171.7,85.4,28.9
181.5,59.0,17.9,180.3,56.3,17.3
173.0,87.4,29.2,172.6,90.3,30.3
172.5,68.7,23.1,171.6,66.7,22.6
174.0,67.1,22.2,172.4,69.9,23.5
178.8,72.3,22.6,178.2,74.6,23.5
175.3,102.7,33.4,173.9,99.9,33.0
169.4,76.8,26.8,167.7,73.6,26.2
164.4,50.5,18.7,163.8,51.0,19.0
172.4,94.7,31.9,171.3,86.6,29.5
173.1,69.3,23.1,172.0,73.8,24.9
185.0,97.2,28.4,182.8,96.6,28.9
173.1,50.9,17.0,171.0,57.0,19.5
174.6,63.8,20.9,173.8,71.5,23.7
184.2,71.3,21.0,182.9,75.3,22.5
179.7,74.4,23.0,178.2,78.3,24.7
175.0,81.2,26.5,173.2,86.8,28.9
170.1,66.5,23.0,168.1,61.0,21.6
169.8,79.1,27.4,169.4,74.5,26.0
180.2,70.8,21.8,178.0,73.2,23.1
167.4,54.8,19.6,167.1,56.7,20.3
170.8,81.2,27.8,169.8,76.7,26.6
179.7,64.2,19.9,178.0,59.6,18.8
173.5,86.8,28.8,172.5,80.1,26.9
180.4,88.6,27.2,178.4,83.8,26.3
177.5,59.5,18.9,176.2,57.5,18.5
164.8,53.6,19.7,163.4,54.8,20.5
172.2,74.2,25.0,170.6,67.4,23.2
172.9,62.3,20.8,172.1,61.1,20.7
165.8,57.5,20.9,164.7,59.7,22.0
177.3,57.2,18.2,174.8,54.6,17.9
167.6,57.0,20.3,167.2,58.0,20.8
181.3,97.3,29.6,178.9,91.5,28.6
174.4,66.4,21.8,173.2,64.4,21.5
175.6,99.6,32.3,174.9,90.6,29.6
177.3,76.2,24.2,176.6,72.6,23.3
171.0,68.0,23.3,168.9,64.0,22.4
166.6,62.3,22.4,165.5,65.5,23.9
178.2,67.3,21.2,176.9,61.7,19.7
184.3,102.5,30.2,182.4,103.6,31.2
172.2,64.5,21.8,171.9,65.7,22.2
177.2,66.3,21.1,176.2,70.9,22.9
169.6,59.6,20.7,168.1,62.3,22.0
165.8,52.5,19.1,163.8,55.4,20.6
169.3,69.3,24.2,169.3,73.1,25.5
175.3,62.4,20.3,173.4,60.3,20.0
173.9,80.1,26.5,172.7,77.6,26.0
169.6,89.6,31.1,168.3,100.6,35.5
176.0,110.2,35.6,175.1,107.9,35.2
170.2,53.8,18.6,168.0,56.9,20.2
170.5,52.4,18.0,168.7,52.1,18.3
183.6,60.7,18.0,181.7,62.2,18.8
163.5,58.1,21.7,163.6,63.3,23.7
181.4,77.1,23.4,179.1,72.7,22.6
170.9,71.0,24.3,169.7,66.1,22.9
165.7,43.4,15.8,163.9,46.7,17.4
183.4,75.3,22.4,182.2,72.7,21.9
190.3,117.4,32.4,186.6,114.8,33.0
177.5,125.6,39.9,176.4,117.1,37.6
173.7,89.3,29.6,172.0,90.9,30.7
173.1,69.9,23.3,173.0,70.4,23.5
173.2,47.5,15.8,170.4,50.1,17.3
170.6,68.0,23.4,169.4,70.9,24.7
172.0,89.7,30.3,171.1,88.8,30.4
175.1,58.2,19.0,174.8,63.5,20.8
172.4,74.0,24.9,170.6,71.9,24.7
175.5,75.8,24.6,173.8,73.6,24.4
172.0,92.1,31.1,171.0,102.9,35.2
172.9,54.6,18.3,170.9,57.4,19.7
181.6,91.4,27.7,179.6,89.6,27.8
174.6,83.4,27.4,173.7,88.5,29.4
171.4,64.0,21.8,171.5,67.7,23.0
177.7,78.3,24.8,176.9,76.6,24.5
180.3,72.2,22.2,178.1,79.9,25.2
172.0,74.7,25.3,171.3,68.3,23.3
170.1,88.0,30.4,168.3,79.5,28.1
174.0,68.8,22.7,173.4,62.3,20.7
165.7,75.4,27.5,165.5,78.1,28.5
178.2,59.6,18.8,177.0,57.4,18.3
179.5,69.1,21.4,178.1,73.4,23.2
172.7,60.1,20.2,171.3,58.1,19.8
164.8,72.8,26.8,164.3,78.3,29.0
172.5,59.4,20.0,170.7,59.0,20.2
168.6,68.4,24.1,166.6,63.8,23.0
173.6,70.2,23.3,172.7,63.5,21.3
178.6,73.1,22.9,176.8,71.5,22.9
173.5,62.5,20.8,172.0,65.9,22.3
176.2,65.6,21.1,175.1,64.6,21.1
178.3,77.6,24.4,176.9,75.5,24.1
171.4,76.6,26.1,169.7,66.8,23.2
182.7,79.1,23.7,180.2,76.1,23.4
173.3,81.2,27.0,172.7,68.4,22.9
172.2,80.3,27.1,171.9,81.8,27.7
175.8,62.3,20.2,175.0,62.4,20.3
169.7,63.6,22.1,169.1,63.3,22.1
167.3,60.0,21.4,166.0,49.3,17.9
170.4,71.1,24.5,168.7,69.5,24.4
169.0,85.1,29.8,168.0,83.4,29.5
177.1,113.4,36.2,175.6,108.8,35.3
184.3,101.4,29.9,181.7,98.1,29.7
180.4,98.2,30.2,177.6,103.9,32.9
162.2,51.6,19.6,160.9,55.1,21.3
177.6,74.0,23.5,176.3,86.8,27.9
181.2,72.5,22.1,179.4,73.9,23.0
171.2,62.8,21.4,169.4,57.6,20.1
176.9,108.9,34.8,175.5,109.7,35.6
174.9,75.2,24.6,173.1,65.3,21.8
174.7,64.6,21.2,173.1,60.3,20.1
170.5,71.4,24.6,168.3,66.2,23.4
189.4,69.1,19.3,187.1,64.3,18.4
170.6,53.1,18.2,168.7,54.6,19.2
172.1,60.4,20.4,170.1,54.9,19.0
182.4,84.5,25.4,180.4,85.2,26.2
173.3,77.6,25.8,171.1,79.4,27.1
170.9,69.0,23.6,170.1,72.7,25.1
180.2,74.7,23.0,177.9,74.0,23.4
175.4,95.7,31.1,174.6,88.6,29.1
170.7,68.2,23.4,169.9,71.1,24.6
176.4,61.5,19.8,175.7,62.1,20.1
174.2,73.2,24.1,172.9,64.9,21.7
168.5,69.2,24.4,167.5,60.0,21.4
161.3,53.9,20.7,160.4,53.0,20.6
178.0,69.3,21.9,175.7,58.0,18.8
175.5,75.4,24.5,174.9,77.7,25.4
186.1,104.9,30.3,184.0,101.6,30.0
172.3,66.1,22.3,170.6,65.6,22.6
166.8,73.6,26.5,166.0,71.3,25.9
178.6,66.2,20.8,177.6,64.3,20.4
177.4,64.6,20.5,175.7,62.2,20.2
178.3,79.1,24.9,176.6,75.8,24.3
165.1,81.1,29.8,164.3,72.5,26.9
174.7,98.8,32.4,172.6,92.4,31.0
184.0,71.7,21.2,183.1,65.8,19.6
173.1,56.0,18.7,171.5,60.8,20.7
175.5,64.6,21.0,174.6,65.6,21.5
177.3,105.4,33.5,176.3,100.5,32.3
165.2,49.6,18.2,163.2,50.5,18.9
170.2,88.5,30.6,169.8,81.0,28.1
169.7,81.1,28.2,168.6,82.8,29.1
175.8,77.1,24.9,174.4,75.7,24.9
175.6,73.4,23.8,174.6,63.8,20.9
168.0,56.3,19.9,166.1,59.7,21.6
177.8,82.9,26.2,177.0,88.8,28.4
186.0,98.1,28.4,184.3,92.2,27.1
171.5,62.0,21.1,170.9,62.5,21.4
181.3,81.9,24.9,179.3,84.3,26.2
177.8,60.0,19.0,176.2,63.0,20.3
176.4,63.5,20.4,174.1,61.9,20.4
185.7,111.1,32.2,182.9,105.7,31.6
180.1,73.5,22.7,178.9,78.0,24.4
184.8,120.0,35.1,182.8,105.7,31.6
172.7,64.5,21.6,171.6,67.1,22.8
174.4,75.7,24.9,172.6,84.4,28.3
173.2,54.2,18.1,172.2,57.0,19.2
171.7,77.1,26.2,171.0,83.7,28.6
174.4,83.5,27.5,172.0,78.9,26.7
170.0,62.7,21.7,169.0,65.2,22.8
181.7,71.9,21.8,180.2,70.9,21.8
181.2,84.6,25.8,179.9,92.3,28.5
182.3,113.5,34.2,181.0,103.5,31.6
179.6,58.0,18.0,178.0,57.5,18.1
171.2,60.4,20.6,170.4,55.4,19.1
169.4,62.9,21.9,168.5,60.8,21.4
168.0,67.9,24.1,167.6,59.0,21.0
159.9,57.3,22.4,159.5,56.7,22.3
177.0,75.2,24.0,175.6,70.3,22.8
173.6,79.9,26.5,171.5,83.6,28.4
178.8,109.2,34.2,177.7,112.9,35.7
187.1,93.2,26.6,185.4,82.9,24.1
173.4,76.9,25.6,172.0,68.7,23.2
168.7,62.4,21.9,168.1,56.0,19.8
170.5,71.4,24.6,169.4,67.5,23.5
176.3,90.6,29.1,175.3,100.3,32.6
173.0,76.0,25.4,172.0,77.9,26.3
186.5,86.3,24.8,184.7,79.9,23.4
170.6,68.9,23.7,169.1,70.9,24.8
175.5,68.9,22.4,174.7,67.5,22.1
181.7,70.4,21.3,180.4,66.4,20.4
165.0,76.3,28.0,164.1,75.0,27.9
180.9,73.5,22.5,179.8,71.2,22.0
170.8,62.8,21.5,170.5,64.7,22.3
179.6,82.5,25.6,177.5,76.2,24.2
171.2,68.5,23.4,169.5,74.0,25.7
173.9,66.1,21.9,172.8,70.1,23.5
175.1,45.4,14.8,172.8,88.8,29.7
170.2,54.6,18.8,168.4,57.1,20.1
190.7,76.0,20.9,188.3,75.3,21.2
170.5,86.3,29.7,170.4,83.0,28.6
178.8,74.4,23.3,177.6,77.9,24.7
169.7,64.1,22.3,168.6,59.6,21.0
176.7,84.5,27.1,175.1,84.8,27.6
181.2,91.8,28.0,179.5,89.9,27.9
172.6,70.0,23.5,170.6,62.5,21.5
178.7,60.5,18.9,177.7,61.9,19.6
170.6,82.0,28.2,169.5,74.0,25.7
177.3,71.7,22.8,175.3,68.2,22.2
179.3,67.1,20.9,177.4,61.7,19.6
166.2,69.6,25.2,165.2,65.0,23.8
171.4,75.5,25.7,169.5,79.6,27.7
178.2,74.8,23.6,177.7,67.4,21.3
174.1,72.4,23.9,172.4,71.7,24.1
184.9,76.9,22.5,182.9,79.1,23.6
173.4,58.8,19.6,172.0,57.4,19.4
165.3,52.5,19.2,163.7,49.4,18.4
173.1,62.2,20.8,172.1,64.7,21.9
171.1,71.5,24.4,170.2,69.4,24.0
175.5,68.2,22.1,174.3,81.2,26.7
176.0,68.2,22.0,175.5,71.1,23.1
186.5,91.1,26.2,184.4,84.5,24.8
179.2,67.2,20.9,177.4,65.5,20.8
170.3,79.3,27.3,170.0,80.6,27.9
173.3,53.2,17.7,171.6,53.5,18.2
179.8,94.8,29.3,177.9,94.6,29.9
169.2,74.0,25.8,168.3,73.7,26.0
167.1,69.4,24.9,165.9,65.6,23.8
181.4,87.2,26.5,179.4,80.4,25.0
174.2,69.3,22.8,172.5,73.1,24.6
173.3,66.6,22.2,171.1,58.7,20.1
173.7,72.4,24.0,172.3,70.7,23.8
168.8,51.7,18.1,168.0,56.4,20.0
183.6,77.1,22.9,182.0,76.9,23.2
178.5,79.2,24.9,177.4,78.5,24.9
176.1,67.8,21.9,175.3,68.2,22.2
173.6,72.1,23.9,171.6,72.7,24.7
171.4,97.6,33.2,169.8,95.7,33.2
175.8,85.4,27.6,174.7,82.5,27.0
171.9,55.9,18.9,171.3,56.2,19.2
166.8,64.9,23.3,164.9,60.7,22.3
175.0,72.1,23.5,173.8,65.6,21.7
183.2,77.4,23.1,180.8,73.6,22.5
172.1,67.7,22.9,171.2,74.4,25.4
176.1,76.6,24.7,174.2,78.5,25.8
175.5,61.9,20.1,174.0,62.9,20.8
172.9,72.0,24.1,171.1,67.0,22.9
176.7,79.7,25.5,174.6,69.6,22.8
175.9,54.3,17.5,174.8,59.3,19.4
174.8,67.0,21.9,172.7,68.0,22.8
179.2,65.8,20.5,176.9,62.8,20.1
178.8,64.6,20.2,176.4,59.0,19.0
177.8,71.1,22.5,175.8,67.0,21.7
177.6,64.3,20.4,175.6,63.1,20.5
180.4,63.8,19.6,178.0,64.9,20.5
172.2,68.3,23.0,172.1,74.7,25.2
175.6,66.9,21.7,175.0,67.9,22.2
171.5,76.2,25.9,171.3,69.5,23.7
173.1,97.9,32.7,171.4,101.3,34.5
185.7,90.0,26.1,184.2,91.8,27.0
162.5,74.3,28.1,161.4,63.8,24.5
173.1,87.2,29.1,171.1,83.0,28.4
172.9,93.0,31.1,172.1,92.7,31.3
170.2,63.4,21.9,169.2,66.5,23.2
175.4,75.9,24.7,175.1,78.9,25.7
174.9,62.4,20.4,173.5,63.1,21.0
170.9,64.8,22.2,169.8,62.6,21.7
170.8,68.4,23.4,169.2,67.9,23.7
183.2,80.9,24.1,180.7,84.5,25.9
177.5,57.6,18.3,176.3,58.8,18.9
169.1,68.7,24.0,168.5,75.3,26.5
178.5,75.5,23.7,176.6,78.5,25.2
188.9,69.1,19.4,186.2,70.1,20.2
175.0,67.2,21.9,174.2,63.6,20.9
171.7,58.3,19.8,170.9,60.4,20.7
179.7,68.9,21.3,178.1,70.4,22.2
174.0,62.8,20.7,171.8,62.3,21.1
174.1,78.8,26.0,172.5,86.5,29.1
165.5,60.0,21.9,164.2,60.6,22.5
171.4,67.2,22.9,170.3,59.3,20.5
181.7,73.5,22.3,179.9,76.5,23.6
176.8,51.0,16.3,175.3,53.5,17.4
180.4,60.5,18.6,179.0,62.4,19.5
182.7,62.5,18.7,180.7,58.8,18.0
171.9,71.9,24.3,170.0,62.4,21.6
172.3,62.3,21.0,170.2,62.4,21.5
175.9,68.3,22.1,174.3,66.7,22.0
170.9,82.6,28.3,171.1,85.8,29.3
185.6,57.8,16.8,182.6,59.8,17.9
168.9,49.2,17.2,166.9,52.3,18.8
183.6,71.4,21.2,181.7,72.1,21.8
166.9,56.3,20.2,165.7,51.8,18.9
184.3,109.4,32.2,181.6,104.8,31.8
167.5,53.1,18.9,167.0,57.2,20.5
176.8,52.6,16.8,175.8,56.7,18.3
175.5,94.9,30.8,173.8,97.1,32.1
165.7,59.9,21.8,165.8,57.0,20.7
171.8,60.0,20.3,170.0,56.3,19.5
187.5,69.3,19.7,186.2,70.4,20.3
173.9,58.8,19.4,172.1,64.7,21.8
176.4,64.7,20.8,175.0,65.7,21.4
179.9,72.5,22.4,178.7,69.5,21.8
171.3,64.8,22.1,169.5,65.1,22.7
169.0,70.5,24.7,168.1,67.1,23.7
176.7,78.6,25.2,175.2,76.3,24.9
172.4,87.9,29.6,170.6,86.1,29.6
177.4,60.2,19.1,175.4,60.1,19.5
166.8,57.4,20.6,166.2,56.8,20.6
169.3,70.6,24.6,168.3,71.0,25.1
175.4,84.1,27.3,174.5,85.4,28.1
183.0,69.1,20.6,180.8,74.4,22.8
181.4,95.9,29.1,179.4,98.8,30.7
176.5,76.5,24.6,174.9,69.8,22.8
173.2,66.4,22.1,173.0,66.1,22.1
176.4,65.2,21.0,174.8,63.4,20.7
169.8,73.6,25.5,168.9,77.0,27.0
169.8,58.2,20.2,168.5,56.6,19.9
173.7,62.3,20.6,171.6,55.9,19.0
170.5,81.6,28.1,169.6,83.6,29.1
176.4,80.0,25.7,175.6,84.9,27.5
173.7,54.5,18.1,171.9,57.3,19.4
180.0,104.1,32.1,177.6,99.3,31.5
177.7,76.6,24.3,175.7,66.0,21.4
178.3,65.9,20.7,177.6,68.4,21.7
167.1,61.0,21.8,166.7,56.3,20.3
169.9,52.2,18.1,167.6,49.9,17.7
179.3,67.9,21.1,177.8,62.9,19.9
181.8,85.5,25.9,180.6,80.7,24.7
173.4,82.6,27.5,171.5,84.1,28.6
171.9,75.5,25.6,170.0,70.9,24.6
176.6,118.8,38.1,175.5,103.4,33.6
169.3,49.1,17.1,168.4,50.6,17.8
171.6,65.8,22.3,170.0,65.5,22.6
181.2,81.6,24.9,178.9,79.3,24.8
172.7,78.1,26.2,171.8,80.3,27.2
174.2,89.8,29.6,172.1,79.7,26.9
163.4,70.9,26.6,162.6,62.9,23.8
175.2,65.7,21.4,174.0,58.9,19.5
181.8,81.2,24.6,179.3,85.0,26.4
177.8,85.1,26.9,175.7,83.5,27.1
170.7,73.0,25.1,169.7,66.9,23.2
172.5,60.3,20.3,169.9,57.5,19.9
182.8,57.1,17.1,180.8,60.8,18.6
172.8,74.7,25.0,171.1,73.2,25.0
176.7,84.7,27.1,175.4,82.5,26.8
167.7,73.2,26.0,167.1,70.9,25.4
168.5,66.4,23.4,168.0,64.9,23.0
179.0,83.1,25.9,178.0,87.1,27.5
174.6,71.8,23.6,174.0,70.3,23.2
161.8,63.3,24.2,161.4,62.8,24.1
185.1,62.1,18.1,183.5,59.9,17.8
172.0,78.0,26.4,171.5,71.1,24.2
165.5,46.5,17.0,163.5,49.0,18.3
177.4,82.1,26.1,176.7,88.9,28.5
175.9,73.7,23.8,175.6,73.6,23.9
183.5,88.0,26.1,182.1,92.4,27.9
172.7,89.4,30.0,171.6,88.3,30.0
164.0,82.0,30.5,163.9,76.7,28.6
168.9,76.0,26.6,168.2,74.8,26.4
160.3,62.0,24.1,160.5,58.9,22.9
170.8,75.6,25.9,170.0,76.4,26.4
183.0,71.8,21.4,181.1,66.5,20.3
173.8,60.2,19.9,172.5,62.7,21.1
178.5,85.6,26.9,177.2,86.6,27.6
175.3,62.4,20.3,173.1,63.4,21.2
163.5,83.9,31.4,164.3,88.8,32.9
175.7,99.6,32.3,174.3,97.0,31.9
178.6,73.2,22.9,176.1,79.8,25.7
172.6,59.6,20.0,170.4,56.9,19.6
178.2,75.1,23.6,178.0,68.6,21.7
172.7,71.5,24.0,171.4,65.6,22.3
174.8,71.1,23.3,174.4,76.9,25.3
172.9,80.9,27.1,172.6,75.4,25.3
172.6,73.6,24.7,171.4,72.2,24.6
172.9,51.1,17.1,171.7,54.4,18.4
182.8,69.4,20.8,181.5,67.7,20.5
177.8,99.9,31.6,176.6,103.4,33.1
176.3,56.8,18.3,173.9,59.5,19.7
177.0,51.4,16.4,175.0,55.8,18.2
175.0,61.9,20.2,174.1,64.3,21.2
172.5,70.7,23.8,172.0,70.3,23.8
173.5,62.0,20.6,172.3,60.7,20.4
177.0,94.3,30.1,175.4,98.3,32.0
181.0,54.4,16.6,178.5,59.1,18.5
176.4,71.1,22.8,175.1,67.7,22.1
182.2,100.8,30.4,180.7,101.1,31.0
182.1,79.4,23.9,180.0,73.1,22.6
177.5,73.5,23.3,175.5,73.9,24.0
169.8,59.7,20.7,167.8,59.0,21.0
170.6,56.8,19.5,168.8,56.0,19.7
164.2,53.0,19.7,162.1,52.6,20.0
172.0,94.1,31.8,170.7,100.4,34.4
179.2,87.8,27.3,176.8,90.3,28.9
166.1,76.9,27.9,166.1,72.3,26.2
170.9,75.4,25.8,169.6,76.6,26.6
164.9,56.3,20.7,162.9,57.7,21.7
174.7,54.5,17.9,173.1,54.7,18.3
175.5,71.9,23.3,173.9,66.4,22.0
173.6,57.0,18.9,171.8,59.1,20.0
183.3,63.1,18.8,182.8,69.6,20.8
172.7,61.1,20.5,172.2,67.0,22.6
168.3,50.9,18.0,166.7,53.7,19.3
173.7,53.4,17.7,171.2,57.1,19.5
172.5,56.9,19.1,171.1,57.6,19.7
187.3,78.2,22.3,184.7,73.8,21.6
163.7,49.8,18.6,162.5,52.7,20.0
171.1,58.6,20.0,169.6,59.3,20.6
163.7,73.9,27.6,163.5,73.4,27.5
167.2,57.5,20.6,166.8,60.5,21.7
172.2,56.8,19.2,170.3,55.4,19.1
168.3,69.2,24.4,167.1,66.0,23.7
179.6,70.0,21.7,177.9,80.2,25.3
175.3,64.4,21.0,173.9,65.3,21.6
184.5,86.0,25.3,182.1,89.0,26.8
186.9,87.2,25.0,184.2,75.7,22.3
181.5,77.6,23.6,179.0,78.5,24.5
167.8,83.2,29.5,166.7,83.9,30.2
172.9,84.3,28.2,170.7,81.2,27.9
173.5,100.5,33.4,172.7,99.2,33.3
176.1,69.1,22.3,174.1,59.8,19.7
181.2,77.1,23.5,178.8,65.3,20.4
173.4,56.6,18.8,171.5,57.1,19.4
170.2,85.0,29.3,169.1,85.9,30.0
171.3,66.4,22.6,170.0,63.4,21.9
181.2,96.3,29.3,178.8,93.0,29.1
168.0,49.6,17.6,165.6,52.1,19.0
176.8,68.7,22.0,175.0,64.7,21.1
179.8,73.2,22.6,179.0,73.4,22.9
172.1,76.5,25.8,171.5,71.9,24.4
182.1,93.5,28.2,180.6,97.3,29.8
169.8,70.5,24.5,168.8,63.7,22.4
170.3,61.5,21.2,170.0,61.3,21.2
167.8,76.1,27.0,166.8,79.2,28.5
179.6,76.4,23.7,178.6,69.9,21.9
169.7,74.1,25.7,169.5,73.4,25.6
186.4,94.4,27.2,183.3,92.7,27.6
177.6,60.6,19.2,175.5,64.9,21.1
178.3,83.5,26.3,177.4,84.4,26.8
171.6,62.2,21.1,170.4,62.9,21.6
172.8,51.9,17.4,170.9,49.8,17.1
178.8,63.3,19.8,177.8,66.9,21.2
171.2,59.3,20.2,169.3,60.8,21.2
173.8,94.8,31.4,172.3,92.3,31.1
172.8,62.8,21.0,170.3,55.7,19.2
176.5,62.4,20.0,175.2,62.9,20.5
170.8,68.5,23.5,170.0,70.9,24.5
174.4,81.8,26.9,172.5,78.6,26.4
166.9,61.7,22.1,167.4,65.6,23.4
177.2,76.9,24.5,175.9,71.4,23.1
177.0,89.2,28.5,174.9,91.5,29.9
186.5,60.5,17.4,183.7,63.2,18.7
178.3,81.3,25.6,177.7,75.7,24.0
182.6,70.7,21.2,181.5,71.0,21.5
172.5,56.5,19.0,170.7,51.4,17.6
178.9,60.8,19.0,177.6,62.8,19.9
177.7,72.2,22.9,176.4,67.2,21.6
172.6,58.5,19.6,170.0,57.7,20.0
171.6,102.1,34.7,170.3,104.6,36.1
177.2,84.4,26.9,176.0,84.0,27.1
166.2,69.1,25.0,164.5,69.4,25.6
171.3,55.9,19.1,169.9,51.6,17.9
163.0,53.3,20.1,162.1,55.1,21.0
179.1,75.2,23.4,177.6,76.0,24.1
168.8,91.3,32.0,168.1,102.5,36.3
185.8,102.8,29.8,182.7,102.1,30.6
169.1,57.0,19.9,167.4,61.1,21.8
183.8,84.7,25.1,181.5,73.8,22.4
167.5,68.2,24.3,165.8,66.6,24.2
175.5,79.6,25.8,173.7,83.2,27.6
172.6,85.5,28.7,170.6,74.4,25.5
182.8,103.2,30.9,180.8,104.7,32.0
175.7,61.5,19.9,173.5,56.4,18.7
186.1,69.6,20.1,183.8,75.6,22.4
178.8,70.6,22.1,178.1,68.2,21.5
181.4,93.8,28.5,179.0,94.1,29.4
174.5,83.3,27.4,174.1,86.4,28.5
171.8,61.6,20.9,170.4,59.4,20.5
168.8,77.5,27.2,168.8,76.5,26.9
169.4,67.6,23.6,167.6,59.6,21.2
174.0,75.3,24.9,173.6,72.4,24.0
169.3,52.5,18.3,167.8,53.9,19.2
175.2,78.0,25.4,173.0,70.3,23.5
176.6,75.0,24.0,174.8,73.2,24.0
174.9,71.7,23.4,174.1,76.1,25.1
180.1,80.8,24.9,178.7,78.4,24.5
175.7,111.5,36.1,174.3,103.6,34.1
177.4,56.9,18.1,176.9,65.7,21.0
168.2,54.9,19.4,166.8,52.4,18.8
173.6,83.0,27.5,172.9,83.7,28.0
168.0,74.9,26.5,167.9,73.8,26.2
174.2,61.8,20.4,172.2,72.3,24.4
174.4,67.0,22.0,172.6,61.3,20.6
168.8,59.6,20.9,167.6,56.2,20.0
167.3,63.4,22.7,165.7,55.5,20.2
165.4,66.7,24.4,163.7,62.0,23.1
176.0,75.2,24.3,175.0,70.1,22.9
174.0,77.5,25.6,172.3,73.7,24.8
170.4,54.1,18.6,168.2,55.0,19.4
173.1,59.7,19.9,171.4,58.0,19.8
174.4,53.9,17.7,172.8,51.1,17.1
164.8,65.6,24.2,164.2,66.4,24.6
176.9,75.4,24.1,175.3,77.0,25.0
167.9,56.4,20.0,166.7,54.7,19.7
178.0,61.5,19.4,175.6,54.8,17.8
172.4,99.0,33.3,170.4,97.8,33.7
173.5,57.3,19.0,171.4,53.7,18.3
171.3,70.4,24.0,170.3,70.3,24.2
174.9,86.7,28.3,172.9,83.0,27.8
170.3,59.6,20.6,169.3,62.4,21.8
173.0,66.0,22.1,172.6,68.4,23.0
171.3,53.9,18.4,169.5,61.6,21.4
175.0,64.2,21.0,173.1,62.5,20.9
167.5,49.1,17.5,165.0,50.5,18.6
171.6,72.8,24.7,171.0,71.7,24.5
175.8,89.9,29.1,173.8,83.6,27.7
174.2,66.1,21.8,172.2,61.7,20.8
190.1,94.4,26.1,187.4,105.9,30.1
169.9,51.0,17.7,168.0,54.5,19.3
171.3,69.8,23.8,170.5,66.5,22.9
169.8,78.8,27.3,168.7,80.9,28.4
170.6,81.4,28.0,169.2,78.4,27.4
185.0,97.0,28.3,183.5,94.4,28.0
173.6,59.7,19.8,171.4,57.1,19.4
179.5,81.2,25.2,177.4,79.9,25.4
175.5,63.7,20.7,175.2,58.9,19.2
170.0,59.4,20.6,169.1,63.5,22.2
171.9,82.8,28.0,170.1,76.3,26.4
174.2,57.3,18.9,172.6,58.1,19.5
173.4,49.6,16.5,172.1,51.2,17.3
173.5,81.3,27.0,171.8,75.1,25.4
172.1,65.8,22.2,171.2,63.4,21.6
160.0,68.9,26.9,159.2,64.1,25.3
174.0,76.2,25.2,172.4,75.5,25.4
172.4,69.2,23.3,171.4,74.7,25.4
174.0,76.9,25.4,172.3,73.8,24.9
172.3,61.1,20.6,170.1,61.9,21.4
172.4,62.0,20.9,170.3,60.0,20.7
177.8,54.9,17.4,176.0,62.5,20.2
174.8,62.5,20.5,174.3,62.8,20.7
175.1,86.3,28.1,173.8,84.5,28.0
172.6,94.7,31.8,172.3,94.4,31.8
177.9,77.3,24.4,175.6,76.9,25.0
166.8,79.0,28.4,167.0,69.0,24.7
174.1,85.8,28.3,173.2,70.2,23.4
171.0,65.6,22.4,168.9,60.4,21.2
180.3,92.0,28.3,179.5,86.2,26.8
164.0,60.6,22.5,163.7,64.0,23.9
178.2,59.2,18.6,177.5,66.0,20.9
167.6,78.5,27.9,167.7,78.2,27.8
180.2,75.7,23.3,178.6,78.2,24.5
172.7,77.5,26.0,171.7,73.1,24.8
182.4,89.8,27.0,181.6,94.6,28.7
181.0,107.7,32.9,178.7,106.6,33.4
175.5,78.3,25.4,173.7,80.8,26.8
175.2,65.4,21.3,174.0,64.3,21.2
175.1,50.0,16.3,172.9,50.4,16.9
181.4,71.0,21.6,179.2,65.4,20.4
176.5,96.0,30.8,174.8,96.3,31.5
176.7,59.6,19.1,176.1,62.7,20.2
172.6,83.4,28.0,171.9,90.1,30.5
186.4,99.1,28.5,184.1,92.9,27.4
164.4,50.1,18.5,162.2,50.7,19.3
179.2,86.4,26.9,177.0,88.5,28.2
181.4,115.0,34.9,179.6,112.3,34.8
177.4,56.4,17.9,176.1,59.2,19.1
165.0,62.9,23.1,164.3,66.1,24.5
167.5,104.3,37.2,168.5,103.8,36.6
170.5,59.9,20.6,169.2,57.9,20.2
169.4,52.6,18.3,167.2,53.3,19.1
177.4,77.6,24.7,176.1,85.4,27.6
164.4,54.0,20.0,162.8,51.3,19.4
177.8,72.4,22.9,176.8,79.0,25.3
174.6,72.0,23.6,173.7,70.0,23.2
171.7,91.0,30.9,171.0,92.1,31.5
171.9,58.8,19.9,171.2,59.7,20.4
175.9,88.7,28.7,175.0,89.8,29.3
177.0,82.5,26.3,176.4,82.4,26.5
177.5,71.6,22.7,176.8,70.0,22.4
176.8,81.5,26.1,175.6,80.4,26.1
180.3,76.0,23.4,177.8,76.1,24.1
175.7,72.4,23.5,174.8,66.8,21.8
180.7,70.3,21.5,178.9,74.3,23.2
184.9,119.5,35.0,183.0,108.6,32.4
167.1,54.0,19.3,166.3,52.2,18.8
174.7,59.4,19.5,172.7,59.9,20.1
177.7,73.0,23.1,176.0,71.4,23.0
178.7,107.5,33.7,176.4,98.8,31.7
178.3,57.5,18.1,176.7,57.1,18.3
169.9,59.3,20.5,168.5,60.0,21.2
167.7,69.0,24.5,166.6,67.1,24.2
178.2,66.2,20.8,176.6,68.7,22.0
173.3,66.2,22.0,172.2,66.3,22.4
177.2,95.2,30.3,175.0,93.5,30.5
167.6,64.0,22.8,166.0,58.9,21.4
179.7,68.5,21.2,177.2,73.3,23.4
179.6,51.7,16.0,177.9,55.1,17.4
171.1,53.8,18.4,170.3,61.2,21.1
170.1,63.8,22.1,168.3,60.6,21.4
175.9,81.5,26.3,175.4,75.5,24.5
169.6,62.0,21.6,168.0,63.7,22.6
175.7,63.5,20.6,173.8,60.1,19.9
165.0,65.3,24.0,163.4,62.7,23.5
169.8,53.3,18.5,168.2,52.8,18.7
181.4,63.7,19.4,178.7,58.6,18.3
177.9,68.0,21.5,175.9,73.1,23.6
174.1,74.3,24.5,172.9,75.2,25.2
173.1,74.6,24.9,172.5,68.5,23.0
170.5,58.9,20.3,170.7,60.2,20.7
175.0,73.5,24.0,173.0,72.3,24.2
179.8,62.3,19.3,177.6,63.3,20.1
177.4,51.1,16.2,176.3,53.4,17.2
174.1,64.8,21.4,173.3,72.5,24.1
179.3,73.5,22.9,178.4,68.7,21.6
165.4,62.2,22.7,164.5,60.6,22.4
178.7,66.3,20.8,177.4,69.5,22.1
169.3,67.5,23.5,167.8,67.0,23.8
169.4,55.0,19.2,167.9,54.1,19.2
178.2,68.7,21.6,177.0,71.4,22.8
172.2,69.0,23.3,170.7,61.5,21.1
173.9,64.5,21.3,172.7,66.7,22.4
188.6,112.7,31.7,184.7,111.6,32.7
178.7,81.1,25.4,178.0,77.2,24.4
176.4,90.0,28.9,175.4,84.2,27.4
171.1,57.0,19.5,168.9,56.4,19.8
186.2,97.3,28.1,184.8,92.5,27.1
175.6,86.2,28.0,173.6,91.9,30.5
178.5,65.0,20.4,177.4,65.3,20.8
174.6,65.0,21.3,173.8,59.5,19.7
173.2,61.2,20.4,171.1,62.1,21.2
184.9,71.7,21.0,183.1,71.2,21.2
174.4,91.3,30.0,173.3,92.1,30.7
177.1,70.7,22.5,175.1,74.3,24.2
177.4,55.6,17.7,175.4,54.9,17.8
180.7,75.5,23.1,178.1,78.6,24.8
179.6,86.2,26.7,178.1,88.1,27.8
174.5,63.6,20.9,173.4,66.5,22.1
179.2,74.1,23.1,177.4,77.8,24.7
175.0,86.5,28.2,174.1,89.7,29.6
183.1,67.5,20.1,182.5,75.1,22.5
168.0,61.9,21.9,167.2,59.6,21.3
181.0,77.6,23.7,179.0,68.0,21.2
179.3,72.3,22.5,177.3,70.3,22.4
169.3,89.1,31.1,169.9,86.9,30.1
166.4,64.5,23.3,165.1,68.3,25.1
180.6,77.8,23.9,179.0,77.8,24.3
184.0,60.0,17.7,183.1,61.1,18.2
169.1,82.1,28.7,167.6,89.1,31.7
167.3,73.2,26.2,167.5,72.9,26.0
168.1,62.1,22.0,167.3,69.1,24.7
180.3,62.2,19.1,177.9,62.6,19.8
166.1,84.1,30.5,165.4,85.0,31.1
172.4,54.1,18.2,171.2,53.7,18.3
170.0,79.5,27.5,169.7,80.4,27.9
175.3,76.0,24.7,174.7,76.0,24.9
167.7,59.8,21.3,166.5,57.0,20.6
174.3,57.0,18.8,172.5,57.5,19.3
175.6,77.1,25.0,174.4,79.4,26.1
176.9,67.5,21.6,176.1,59.2,19.1
175.0,81.3,26.5,173.6,82.6,27.4
182.2,85.0,25.6,179.8,90.6,28.0
175.1,68.2,22.2,174.3,69.5,22.9
181.0,66.8,20.4,180.3,71.3,21.9
176.7,58.2,18.6,174.6,62.3,20.4
176.6,68.1,21.8,175.5,65.9,21.4
169.0,74.6,26.1,168.5,74.4,26.2
170.9,59.0,20.2,170.3,64.1,22.1
176.5,67.4,21.6,175.3,65.3,21.2
177.5,55.2,17.5,176.2,59.3,19.1
175.8,72.6,23.5,174.3,75.0,24.7
174.3,70.4,23.2,173.1,67.3,22.5
173.4,89.2,29.7,171.9,91.8,31.1
168.0,53.3,18.9,165.6,53.0,19.3
177.8,59.9,18.9,175.7,58.3,18.9
178.7,75.1,23.5,178.2,71.4,22.5
175.4,69.4,22.6,173.7,65.3,21.6
171.8,64.5,21.9,170.9,59.1,20.2
171.0,66.7,22.8,170.1,63.4,21.9
171.0,60.4,20.7,169.1,55.2,19.3
171.9,80.4,27.2,169.9,74.7,25.8
169.2,68.7,24.0,168.1,62.3,22.0
172.8,64.0,21.4,171.7,61.6,20.9
172.5,61.2,20.6,171.1,61.7,21.1
179.3,54.8,17.0,178.2,59.7,18.8
177.9,109.2,34.5,177.2,109.6,34.9
174.5,97.8,32.1,173.3,87.7,29.2
171.5,61.7,21.0,170.7,60.7,20.8
166.0,65.6,23.8,164.4,62.6,23.2
179.4,76.1,23.6,178.4,68.8,21.6
170.2,67.7,23.4,169.0,68.6,24.0
170.0,53.6,18.5,167.6,50.6,18.0
161.0,45.8,17.7,159.6,48.3,19.0
172.5,73.8,24.8,172.0,79.3,26.8
180.4,108.3,33.3,178.7,105.6,33.1
177.0,55.1,17.6,175.6,55.2,17.9
168.0,68.8,24.4,167.9,67.9,24.1
174.0,77.0,25.4,173.6,79.0,26.2
169.2,62.7,21.9,168.2,59.7,21.1
175.2,83.2,27.1,174.3,80.5,26.5
174.5,53.1,17.4,173.9,52.5,17.4
171.1,59.5,20.3,169.5,59.5,20.7
180.0,70.5,21.8,177.4,73.8,23.4
177.5,67.3,21.4,176.6,65.7,21.1
169.2,52.1,18.2,166.2,50.8,18.4
173.2,50.2,16.7,171.1,55.8,19.1
171.3,80.0,27.3,170.8,83.4,28.6
187.4,87.6,24.9,184.9,81.9,24.0
173.4,81.1,27.0,171.7,87.6,29.7
178.6,71.5,22.4,176.9,70.7,22.6
172.9,52.7,17.6,171.1,53.3,18.2
174.3,49.6,16.3,173.0,55.3,18.5
169.8,77.6,26.9,169.2,78.8,27.5
177.4,84.4,26.8,175.6,81.2,26.3
178.1,79.4,25.0,176.1,76.3,24.6
173.3,73.2,24.4,171.9,76.0,25.7
172.7,53.7,18.0,170.8,55.5,19.0
173.4,54.5,18.1,170.5,52.1,17.9
171.7,55.9,19.0,170.1,60.0,20.7
165.9,55.2,20.1,165.1,59.7,21.9
177.5,88.4,28.1,176.2,88.9,28.6
174.4,63.0,20.7,173.3,60.6,20.2
161.3,57.2,22.0,160.7,58.8,22.8
173.3,59.5,19.8,172.8,57.4,19.2
179.0,68.8,21.5,177.2,66.0,21.0
180.8,81.4,24.9,180.4,75.7,23.3
171.6,62.6,21.3,169.0,59.4,20.8
168.6,70.0,24.6,168.3,69.3,24.5
177.4,77.8,24.7,175.3,76.7,24.9
174.6,57.4,18.8,172.9,57.9,19.4
172.2,90.9,30.7,171.9,93.8,31.7
175.6,81.7,26.5,174.8,76.6,25.1
183.7,87.2,25.8,181.1,87.5,26.7
174.8,79.1,25.9,172.9,74.0,24.7
177.5,81.0,25.7,175.5,78.4,25.5
173.4,85.4,28.4,171.9,81.3,27.5
172.5,62.0,20.8,171.2,62.2,21.2
178.3,53.9,17.0,176.9,55.0,17.6
180.8,74.2,22.7,179.0,74.6,23.3
172.2,74.2,25.0,170.9,75.5,25.8
168.9,56.5,19.8,167.0,56.9,20.4
169.6,72.0,25.0,168.1,69.9,24.7
178.8,97.9,30.6,176.6,95.1,30.5
175.1,90.0,29.4,172.5,95.4,32.1
181.1,63.6,19.4,179.7,62.3,19.3
176.3,71.0,22.8,175.0,70.7,23.1
183.5,89.2,26.5,182.7,76.5,22.9
189.6,78.7,21.9,187.5,75.1,21.4
176.3,82.4,26.5,176.1,78.2,25.2
178.5,68.2,21.4,177.5,64.7,20.5
164.6,50.1,18.5,163.4,54.8,20.5
174.4,66.7,21.9,173.7,67.8,22.5
174.8,54.6,17.9,172.7,55.7,18.7
171.4,53.7,18.3,169.8,57.8,20.1
176.5,62.9,20.2,174.9,59.6,19.5
177.8,67.2,21.3,177.4,70.4,22.4
164.4,82.0,30.3,164.7,76.2,28.1
166.7,51.5,18.5,165.3,50.6,18.5
169.4,67.2,23.4,168.1,70.1,24.8
169.8,76.5,26.5,169.0,69.0,24.2
165.1,55.1,20.2,164.3,55.5,20.6
173.7,94.3,31.3,172.4,96.3,32.4
165.6,53.1,19.4,163.3,51.8,19.4
176.4,78.1,25.1,174.0,80.1,26.5
172.8,92.0,30.8,172.3,90.0,30.3
180.6,84.4,25.9,180.0,88.3,27.3
171.0,58.2,19.9,168.7,61.1,21.4
178.9,90.5,28.3,177.0,85.8,27.4
175.1,88.3,28.8,174.5,86.1,28.3
170.8,55.5,19.0,168.7,58.6,20.6
174.2,62.0,20.4,173.6,70.9,23.5
179.3,74.6,23.2,178.0,71.8,22.7
169.4,54.4,19.0,167.8,52.5,18.6
178.3,65.7,20.7,177.4,60.3,19.2
184.3,80.9,23.8,182.5,73.1,22.0
176.8,58.9,18.8,174.1,59.0,19.5
172.3,84.4,28.4,171.4,83.1,28.3
177.9,66.1,20.9,175.7,67.4,21.8
173.6,57.7,19.1,171.0,55.3,18.9
177.4,105.2,33.4,175.5,97.9,31.8
180.1,78.5,24.2,178.7,80.2,25.1
168.1,85.3,30.2,166.7,83.9,30.2
178.4,74.8,23.5,177.8,72.1,22.8
169.1,74.2,25.9,168.3,75.4,26.6
177.4,67.8,21.5,175.9,66.1,21.4
169.4,81.4,28.4,167.8,80.7,28.6
173.9,68.7,22.7,171.9,59.3,20.1
176.8,70.6,22.6,174.6,68.3,22.4
174.6,68.3,22.4,173.4,65.5,21.8
170.6,65.7,22.6,170.1,64.0,22.1
178.2,78.4,24.7,176.9,79.0,25.2
175.7,66.6,21.6,174.5,65.9,21.7
171.8,73.8,25.0,171.5,67.0,22.8
175.7,65.3,21.2,174.5,61.1,20.1
176.6,56.9,18.2,175.6,65.9,21.4
168.6,72.5,25.5,167.4,73.1,26.1
174.4,69.5,22.9,173.2,74.8,24.9
171.6,101.5,34.5,170.3,101.1,34.8
176.4,72.8,23.4,174.4,69.5,22.8
170.5,82.3,28.3,170.3,80.4,27.7
180.2,115.0,35.4,178.8,109.7,34.3
167.4,53.7,19.2,165.0,57.6,21.2
172.5,63.4,21.3,170.4,61.2,21.1
176.9,67.1,21.4,176.4,67.0,21.5
168.7,64.4,22.6,168.0,65.0,23.0
168.0,62.0,22.0,167.1,62.7,22.4
173.3,75.5,25.1,171.9,75.6,25.6
171.1,56.2,19.2,169.2,57.0,19.9
183.2,72.3,21.5,181.3,69.7,21.2
161.4,46.9,18.0,160.3,47.6,18.5
172.6,64.5,21.7,171.8,65.2,22.1
173.3,66.8,22.2,171.3,73.1,24.9
175.5,92.5,30.0,173.4,92.9,30.9
172.3,67.0,22.6,171.3,66.8,22.8
164.5,55.4,20.5,163.0,53.4,20.1
178.3,62.7,19.7,176.6,63.2,20.3
169.5,68.0,23.7,168.3,69.3,24.4
177.0,76.7,24.5,175.8,74.7,24.2
175.9,76.5,24.7,174.1,71.1,23.5
170.4,76.8,26.4,169.1,74.8,26.2
170.4,56.9,19.6,168.7,62.1,21.8
181.2,78.9,24.0,179.0,76.7,23.9
177.7,82.0,26.0,176.5,86.3,27.7
174.8,62.8,20.6,173.5,59.7,19.8
180.0,72.9,22.5,179.2,70.8,22.1
171.2,68.9,23.5,169.8,65.5,22.7
165.3,73.5,26.9,164.6,66.3,24.5
181.3,92.4,28.1,179.3,95.2,29.6
177.9,69.4,21.9,175.8,70.9,23.0
176.2,74.6,24.0,176.0,73.2,23.6
175.4,66.9,21.7,173.4,62.7,20.9
181.9,81.7,24.7,180.6,82.4,25.2
164.1,54.4,20.2,163.1,57.1,21.4
175.6,83.8,27.2,174.0,81.5,26.9
169.3,62.2,21.7,167.2,61.2,21.9
170.8,71.5,24.5,169.1,71.1,24.9
171.4,66.5,22.6,170.0,72.6,25.1
181.7,72.1,21.8,179.3,72.5,22.6
174.1,52.4,17.3,172.7,52.0,17.4
188.4,69.1,19.5,186.0,73.9,21.4
168.8,69.1,24.3,168.6,72.2,25.4
182.0,99.9,30.2,179.5,100.3,31.1
182.1,70.0,21.1,180.7,71.8,22.0
177.1,92.8,29.6,176.0,93.7,30.2
170.3,57.0,19.7,168.5,56.7,20.0
174.9,99.0,32.4,172.9,97.5,32.6
187.7,83.5,23.7,185.1,75.6,22.1
177.5,74.7,23.7,176.9,68.6,21.9
181.0,72.0,22.0,178.5,77.1,24.2
175.0,85.4,27.9,173.7,83.4,27.6
180.7,70.7,21.7,179.3,66.5,20.7
169.3,66.6,23.2,168.3,60.8,21.5
172.8,69.6,23.3,172.0,67.5,22.8
174.8,67.8,22.2,173.3,64.4,21.4
181.1,76.3,23.3,179.5,69.3,21.5
168.2,51.5,18.2,165.9,51.4,18.7
185.4,79.6,23.2,183.5,72.1,21.4
168.4,46.5,16.4,166.3,47.5,17.2
173.9,89.3,29.5,173.1,82.2,27.4
178.8,94.2,29.5,177.4,96.9,30.8
171.8,54.6,18.5,169.6,52.0,18.1
164.2,58.0,21.5,163.3,54.8,20.5
172.5,66.1,22.2,171.8,59.2,20.1
160.2,75.0,29.2,161.1,76.0,29.3
170.2,54.4,18.8,169.5,55.8,19.4
172.3,75.2,25.3,171.5,72.9,24.8
171.6,76.3,25.9,170.7,76.8,26.4
171.7,72.9,24.7,171.0,72.8,24.9
180.1,97.5,30.1,177.4,98.2,31.2
172.6,79.0,26.5,171.8,75.8,25.7
167.1,63.9,22.9,165.8,68.2,24.8
168.3,60.1,21.2,167.2,59.6,21.3
176.4,70.2,22.6,175.4,68.0,22.1
179.7,84.2,26.1,178.0,80.2,25.3
176.1,74.2,23.9,175.1,67.1,21.9
173.9,57.6,19.0,174.0,63.2,20.9
173.4,83.6,27.8,172.0,83.3,28.2
182.2,58.1,17.5,181.2,61.1,18.6
172.2,59.3,20.0,170.7,66.8,22.9
175.9,78.5,25.4,174.4,73.0,24.0
171.7,84.9,28.8,170.9,81.4,27.8
171.4,114.8,39.1,172.1,108.8,36.7
177.4,90.8,28.9,175.0,97.3,31.8
183.7,78.8,23.4,181.2,81.8,24.9
184.9,73.8,21.6,182.9,64.0,19.1
171.8,51.8,17.6,170.1,51.8,17.9
177.1,65.4,20.9,176.6,62.6,20.1
171.5,64.8,22.0,170.1,67.5,23.3
174.8,64.6,21.1,173.2,80.4,26.8
175.7,55.2,17.9,174.0,56.3,18.6
179.8,63.1,19.5,177.2,60.4,19.2
173.3,64.4,21.4,171.3,57.0,19.4
175.8,69.6,22.5,174.7,67.8,22.2
169.0,69.0,24.2,168.8,68.2,24.0
176.5,64.8,20.8,174.1,61.2,20.2
183.6,98.9,29.3,182.2,98.2,29.6
165.8,60.9,22.2,164.6,59.2,21.9
166.6,62.6,22.6,166.7,65.9,23.7
178.1,72.0,22.7,177.0,77.3,24.7
177.2,70.2,22.4,176.1,71.9,23.2
175.4,70.2,22.8,174.1,69.5,22.9
181.9,76.4,23.1,180.7,75.9,23.2
173.7,56.4,18.7,171.9,64.6,21.9
178.7,63.5,19.9,177.1,62.6,19.9
176.8,105.1,33.6,174.7,98.3,32.2
181.1,95.5,29.1,180.0,93.8,29.0
172.5,93.2,31.3,172.4,88.6,29.8
173.6,62.7,20.8,172.7,60.5,20.3
163.2,50.5,19.0,161.9,50.9,19.4
170.9,58.8,20.1,170.1,60.5,20.9
167.0,65.4,23.5,165.0,51.8,19.0
180.8,90.6,27.7,178.6,92.2,28.9
172.7,66.8,22.4,171.9,68.0,23.0
181.0,82.9,25.3,178.7,79.4,24.9
171.7,52.9,17.9,171.2,57.4,19.6
182.4,89.5,26.9,180.9,83.9,25.6
181.2,59.0,18.0,178.9,58.6,18.3
181.0,79.1,24.1,179.8,66.5,20.6
177.7,64.3,20.4,177.3,64.9,20.6
168.5,83.2,29.3,168.3,77.8,27.5
172.5,72.0,24.2,172.1,70.8,23.9
176.0,63.4,20.5,174.3,55.5,18.3
178.6,84.3,26.4,177.3,85.4,27.2
168.9,57.8,20.3,166.9,54.6,19.6
176.9,77.7,24.8,176.2,71.9,23.2
174.8,61.5,20.1,173.7,60.2,19.9
168.7,59.3,20.8,168.0,57.6,20.4
169.8,67.6,23.4,168.6,67.8,23.8
176.6,70.2,22.5,175.3,70.1,22.8
167.7,66.2,23.5,166.5,60.0,21.6
172.7,69.8,23.4,172.1,62.1,21.0
178.7,63.4,19.9,176.6,59.5,19.1
177.8,74.3,23.5,176.2,65.6,21.1
171.7,64.7,21.9,169.7,65.1,22.6
174.9,67.3,22.0,173.7,73.4,24.3
168.2,48.4,17.1,166.3,50.7,18.3
181.4,74.4,22.6,180.5,72.4,22.2
174.6,82.4,27.0,173.7,85.7,28.4
181.6,94.9,28.8,180.5,88.2,27.1
172.4,65.4,22.0,171.8,66.8,22.6
171.7,72.5,24.6,171.0,60.8,20.8
171.1,68.3,23.3,169.4,67.2,23.4
180.7,95.2,29.2,179.7,88.9,27.5
166.9,54.6,19.6,164.8,54.7,20.2
176.7,66.8,21.4,175.2,64.2,20.9
176.0,87.6,28.3,175.2,82.6,26.9
176.5,58.1,18.7,175.4,59.4,19.3
173.6,59.6,19.8,171.9,56.8,19.2
179.0,60.6,18.9,176.8,63.2,20.2
172.9,80.8,27.0,171.1,75.0,25.6
175.7,53.4,17.3,173.0,51.2,17.1
172.1,83.4,28.2,171.4,83.3,28.3
174.5,69.6,22.9,173.5,66.9,22.2
178.6,62.1,19.5,177.4,67.5,21.4
167.9,59.2,21.0,166.5,56.6,20.4
172.5,61.5,20.7,171.3,58.2,19.8
170.3,58.0,20.0,168.2,60.2,21.3
175.3,72.2,23.5,174.6,74.1,24.3
176.5,96.7,31.0,174.6,93.7,30.7
182.3,65.6,19.7,180.4,66.6,20.5
176.7,78.2,25.0,175.9,79.2,25.6
177.6,59.3,18.8,175.2,59.0,19.2
173.8,63.1,20.9,172.8,66.8,22.4
170.3,63.2,21.8,169.1,62.5,21.9
171.2,62.1,21.2,168.9,60.8,21.3
168.9,47.0,16.5,167.3,50.6,18.1
171.0,70.6,24.1,169.9,73.9,25.6
172.3,59.4,20.0,171.6,63.7,21.6
171.9,96.3,32.6,170.1,100.8,34.8
159.4,54.7,21.5,158.6,54.2,21.5
185.0,96.3,28.1,182.1,86.7,26.1
174.1,62.7,20.7,173.2,58.4,19.5
176.4,75.0,24.1,175.7,76.1,24.6
173.2,57.2,19.1,171.6,58.9,20.0
174.2,79.9,26.3,173.1,74.7,24.9
173.4,70.2,23.3,171.6,70.5,23.9
186.5,65.3,18.8,184.3,69.8,20.6
174.5,86.0,28.2,172.9,89.1,29.8
170.7,81.1,27.8,170.8,85.5,29.3
190.5,74.0,20.4,188.3,72.6,20.5
181.7,95.7,29.0,179.5,97.9,30.4
173.4,89.5,29.8,172.7,85.5,28.7
168.2,78.5,27.7,166.4,75.0,27.1
170.7,97.5,33.5,169.4,98.9,34.4
178.0,78.9,24.9,176.7,85.1,27.2
177.7,77.1,24.4,175.3,76.9,25.0
186.4,82.6,23.8,184.5,82.6,24.3
184.0,85.6,25.3,182.9,79.2,23.7
170.8,63.6,21.8,168.7,58.7,20.6
172.0,66.6,22.5,171.7,60.3,20.5
168.8,49.7,17.4,166.1,50.8,18.4
183.3,77.6,23.1,182.4,75.8,22.8
189.2,89.9,25.1,186.4,87.1,25.1
179.2,70.8,22.0,176.9,73.7,23.6
177.4,69.0,21.9,176.9,67.0,21.4
174.1,88.6,29.2,172.2,88.3,29.8
178.0,62.8,19.8,176.7,59.0,18.9
185.5,70.3,20.4,183.6,69.5,20.6
179.8,91.0,28.1,179.3,93.6,29.1
175.8,61.9,20.0,174.8,64.6,21.1
176.0,91.3,29.5,174.7,87.3,28.6
173.2,66.1,22.0,172.6,60.3,20.2
175.3,92.3,30.0,174.1,87.1,28.7
167.5,69.1,24.6,167.6,72.8,25.9
177.0,60.9,19.4,174.8,54.6,17.9
181.0,70.0,21.4,178.5,97.5,30.6
165.6,63.8,23.3,164.9,55.9,20.6
172.6,64.9,21.8,171.1,65.7,22.4
171.1,64.4,22.0,169.9,65.2,22.6
177.7,66.8,21.2,176.8,66.1,21.1
173.6,84.0,27.9,172.1,90.9,30.7
180.5,90.7,27.8,178.3,94.7,29.8
178.2,85.9,27.1,176.3,84.5,27.2
163.4,67.3,25.2,162.5,56.3,21.3
175.3,79.6,25.9,175.1,75.8,24.7
177.2,81.8,26.1,176.1,78.3,25.2
179.8,65.5,20.3,179.1,64.2,20.0
172.0,65.2,22.0,170.9,65.8,22.5
178.6,104.2,32.7,177.0,110.2,35.2
182.2,99.6,30.0,179.2,97.8,30.5
174.4,65.2,21.4,174.0,61.0,20.2
166.1,55.4,20.1,164.6,54.7,20.2
175.9,60.1,19.4,174.5,60.8,20.0
170.9,78.3,26.8,169.4,75.9,26.4
171.4,65.5,22.3,170.3,62.6,21.6
179.9,91.6,28.3,178.0,89.3,28.2
167.3,64.4,23.0,167.6,65.2,23.2
178.6,80.2,25.1,176.3,84.0,27.0
173.7,81.0,26.8,173.6,80.1,26.6
175.1,75.5,24.6,174.3,72.0,23.7
171.8,59.0,20.0,169.4,58.0,20.2
172.7,48.1,16.1,169.8,51.2,17.8
164.3,64.8,24.0,162.6,65.0,24.6
175.0,74.0,24.2,173.9,75.0,24.8
180.0,78.5,24.2,179.1,78.4,24.4
165.1,59.6,21.9,164.7,59.8,22.0
169.0,76.6,26.8,167.6,71.8,25.6
175.6,57.8,18.7,173.5,62.8,20.9
175.5,72.5,23.5,173.5,73.3,24.4
172.2,70.3,23.7,170.9,76.1,26.1
177.3,112.8,35.9,176.4,112.6,36.2
179.8,63.3,19.6,178.5,64.2,20.1
186.7,107.3,30.8,186.0,92.3,26.7
180.2,72.3,22.3,178.7,73.3,23.0
183.7,60.7,18.0,181.7,63.1,19.1
184.5,81.5,23.9,182.4,78.9,23.7
175.1,53.6,17.5,172.9,53.3,17.8
173.7,63.4,21.0,172.3,70.3,23.7
172.8,81.9,27.4,171.3,83.8,28.6
183.8,59.0,17.5,182.0,81.8,24.7
169.6,64.0,22.2,168.3,61.3,21.6
174.1,89.9,29.7,172.6,92.3,31.0
170.2,70.5,24.3,168.4,63.7,22.5
170.6,82.2,28.2,169.7,72.5,25.2
183.7,78.8,23.4,182.5,71.3,21.4
179.4,62.8,19.5,177.7,57.9,18.3
174.8,93.8,30.7,174.3,87.6,28.8
175.2,79.6,25.9,174.6,79.4,26.0
175.9,61.1,19.7,174.2,56.2,18.5
174.3,65.8,21.7,173.3,64.2,21.4
171.5,74.4,25.3,169.7,74.2,25.8
181.2,123.3,37.6,178.9,114.3,35.7
174.6,59.9,19.6,173.5,58.1,19.3
168.2,57.2,20.2,166.8,58.4,21.0
168.4,56.3,19.9,166.5,52.9,19.1
180.1,78.3,24.1,177.4,77.2,24.5
169.3,60.1,21.0,168.3,56.0,19.8
173.9,45.6,15.1,172.4,50.5,17.0
172.8,88.2,29.5,170.7,80.9,27.8
181.4,106.1,32.2,178.6,104.3,32.7
170.3,73.8,25.4,169.1,71.3,24.9
178.3,97.1,30.5,176.5,96.6,31.0
166.0,64.8,23.5,165.2,65.8,24.1
182.4,90.7,27.3,180.0,91.3,28.2
171.1,102.4,35.0,170.3,103.2,35.6
181.2,75.3,22.9,180.1,79.4,24.5
175.1,76.9,25.1,174.3,78.4,25.8
181.3,53.1,16.2,180.1,60.4,18.6
173.8,56.2,18.6,172.0,51.9,17.6
177.5,70.5,22.4,175.8,70.8,22.9
172.8,83.2,27.9,172.3,82.0,27.6
182.6,95.8,28.7,181.3,97.5,29.6
175.5,90.5,29.4,173.5,81.7,27.1
177.4,63.1,20.1,176.1,61.9,20.0
181.2,84.5,25.7,179.7,76.7,23.8
172.0,69.6,23.5,170.3,74.2,25.6
173.6,60.9,20.2,171.5,60.5,20.6
176.3,60.3,19.4,175.3,58.5,19.0
177.8,55.2,17.5,176.7,61.5,19.7
170.5,83.9,28.9,169.8,78.7,27.3
173.1,70.3,23.5,171.5,66.9,22.7
170.6,56.1,19.3,169.0,58.1,20.3
173.7,72.9,24.2,172.3,71.6,24.1
181.9,62.2,18.8,180.5,67.0,20.6
187.0,80.5,23.0,185.0,72.0,21.1
170.5,80.8,27.8,169.2,77.1,26.9
178.7,60.9,19.1,176.3,57.0,18.3
185.1,59.5,17.4,182.2,58.0,17.5
186.1,107.9,31.2,183.6,103.4,30.7
165.0,48.1,17.7,162.7,53.0,20.0
163.8,62.0,23.1,163.6,63.1,23.6
168.2,71.3,25.2,168.2,69.5,24.6
176.8,86.8,27.8,175.5,92.0,29.9
172.0,64.2,21.7,170.4,61.6,21.2
175.9,62.5,20.2,174.6,66.3,21.8
180.4,91.1,28.0,177.7,85.6,27.1
173.1,77.5,25.9,172.4,65.6,22.1
178.7,63.8,20.0,177.0,65.1,20.8
168.8,56.2,19.7,166.7,56.4,20.3
168.5,72.0,25.4,167.5,67.9,24.2
175.8,73.9,23.9,174.9,67.2,22.0
177.4,88.2,28.0,176.3,87.5,28.1
180.0,79.6,24.6,178.1,77.6,24.5
174.4,86.8,28.5,172.6,97.1,32.6
182.5,72.2,21.7,181.1,80.5,24.6
169.3,61.2,21.4,167.9,65.0,23.1
171.9,54.9,18.6,171.2,54.9,18.7
172.7,52.8,17.7,170.5,54.6,18.8
173.3,66.5,22.1,173.1,69.3,23.1
172.3,75.1,25.3,170.8,64.5,22.1
172.3,69.6,23.4,170.9,60.4,20.7
181.8,71.5,21.6,180.7,78.4,24.0
174.1,75.9,25.0,173.4,79.6,26.5
183.1,85.7,25.6,181.7,85.7,26.0
176.3,59.4,19.1,175.3,61.6,20.0
176.9,61.1,19.5,174.5,62.5,20.5
168.1,70.3,24.9,168.0,72.6,25.7
180.2,72.3,22.3,179.0,73.1,22.8
183.6,83.8,24.9,182.0,70.3,21.2
176.7,72.3,23.2,174.8,65.6,21.5
182.5,71.5,21.5,181.2,73.0,22.2
179.3,84.9,26.4,177.7,76.4,24.2
176.2,64.0,20.6,175.9,67.3,21.8
170.8,56.0,19.2,170.1,60.7,21.0
169.6,59.0,20.5,168.7,64.7,22.7
173.0,64.1,21.4,171.1,59.3,20.2
175.3,79.0,25.7,175.1,82.1,26.8
171.0,72.5,24.8,169.9,67.1,23.2
168.0,55.0,19.5,167.5,53.1,18.9
180.2,58.3,18.0,178.7,64.1,20.1
188.5,75.5,21.2,185.9,72.4,20.9
174.3,64.0,21.1,173.8,62.8,20.8
178.5,83.3,26.1,176.5,80.3,25.8
173.0,82.3,27.5,171.6,81.0,27.5
173.6,100.8,33.4,172.4,102.4,34.4
177.2,88.9,28.3,175.9,85.3,27.6
172.2,78.2,26.4,171.9,83.4,28.2
172.3,68.4,23.0,170.3,67.1,23.1
168.8,96.2,33.8,168.0,98.2,34.8
173.8,104.7,34.7,173.1,106.5,35.5
173.8,61.7,20.4,172.4,53.8,18.1
179.5,92.5,28.7,178.7,88.5,27.7
169.5,99.3,34.6,168.2,93.7,33.1
177.0,59.0,18.8,175.7,61.4,19.9
171.8,58.7,19.9,170.7,63.3,21.7
177.2,90.9,28.9,176.6,86.6,27.8
175.6,62.6,20.3,173.8,64.2,21.3
181.6,95.8,29.0,179.2,93.8,29.2
175.6,62.7,20.3,174.0,62.4,20.6
170.7,56.6,19.4,168.3,54.5,19.2
163.5,63.0,23.6,163.7,61.2,22.8
182.6,67.9,20.4,180.2,68.5,21.1
175.2,71.7,23.4,173.2,71.4,23.8
167.8,90.6,32.2,166.4,88.3,31.9
173.5,93.4,31.0,172.2,97.3,32.8
177.0,64.9,20.7,175.2,75.5,24.6
183.1,74.3,22.2,180.6,68.0,20.8
167.8,85.2,30.3,166.6,82.6,29.8
164.2,53.9,20.0,163.2,53.9,20.3
188.1,79.3,22.4,186.2,74.7,21.5
172.8,58.4,19.6,172.5,61.3,20.6
182.4,67.0,20.1,180.3,70.4,21.7
181.8,71.7,21.7,180.0,69.4,21.4
170.5,61.0,21.0,168.4,58.0,20.5
181.6,84.5,25.6,179.2,84.7,26.4
166.9,74.6,26.8,166.2,71.2,25.8
166.4,49.2,17.8,165.0,54.3,19.9
176.3,91.0,29.3,174.2,85.7,28.2
169.3,79.7,27.8,167.9,72.3,25.6
171.9,60.1,20.3,171.1,56.1,19.2
180.4,71.7,22.0,178.0,72.4,22.8
168.7,55.7,19.6,167.5,55.8,19.9
163.5,58.5,21.9,161.8,57.7,22.1
176.9,64.0,20.5,175.0,62.3,20.3
172.1,50.1,16.9,170.8,53.8,18.4
175.0,81.9,26.7,174.8,73.0,23.9
172.3,73.4,24.7,172.3,72.3,24.4
175.6,79.4,25.7,175.3,80.4,26.2
166.3,53.3,19.3,163.5,50.3,18.8
180.1,73.9,22.8,177.8,68.9,21.8
170.3,70.7,24.4,169.5,62.5,21.8
167.9,79.8,28.3,167.4,82.2,29.3
172.4,73.7,24.8,171.2,68.7,23.4
173.8,53.5,17.7,172.6,57.5,19.3
182.5,94.5,28.4,181.6,96.7,29.3
178.9,77.9,24.3,177.3,80.8,25.7
171.3,87.7,29.9,169.9,90.2,31.3
169.5,47.3,16.5,167.9,53.0,18.8
178.6,68.5,21.5,177.3,69.1,22.0
176.4,73.7,23.7,174.5,73.3,24.1
174.6,64.0,21.0,173.5,56.9,18.9
174.0,62.3,20.6,173.5,68.6,22.8
160.2,77.1,30.0,160.6,82.1,31.8
172.3,90.6,30.5,171.4,82.7,28.2
181.8,63.8,19.3,180.9,69.7,21.3
170.5,69.8,24.0,169.8,69.0,23.9
177.8,79.0,25.0,175.6,76.1,24.7
176.9,65.3,20.9,175.6,63.9,20.7
179.6,83.4,25.9,177.5,77.3,24.5
181.2,60.6,18.5,180.8,62.6,19.2
168.2,87.7,31.0,167.4,82.7,29.5
172.2,80.1,27.0,171.0,74.6,25.5
175.6,51.9,16.8,173.6,59.4,19.7
177.3,66.7,21.2,175.9,59.0,19.1
172.0,76.4,25.8,169.7,59.4,20.6
181.0,91.9,28.1,179.6,85.2,26.4
167.4,58.2,20.8,166.1,54.6,19.8
177.8,62.7,19.8,176.3,64.8,20.9
174.7,61.1,20.0,172.9,69.7,23.3
176.0,65.2,21.0,174.8,65.5,21.4
170.9,59.2,20.3,169.3,59.3,20.7
173.7,72.2,23.9,173.3,75.0,25.0
184.6,70.7,20.7,183.6,68.5,20.3
169.3,62.8,21.9,167.1,53.9,19.3
169.5,80.7,28.1,168.8,72.2,25.4
176.8,52.8,16.9,175.7,53.9,17.4
170.8,97.6,33.5,169.2,95.6,33.4
177.1,49.6,15.8,174.4,55.0,18.1
169.2,60.7,21.2,167.7,56.9,20.2
181.7,76.3,23.1,180.4,76.9,23.6
171.7,66.1,22.4,170.5,70.9,24.4
180.1,70.7,21.8,179.0,74.8,23.4
181.3,80.5,24.5,179.2,79.6,24.8
165.4,51.1,18.7,163.6,50.6,18.9
185.1,98.1,28.6,182.9,91.9,27.5
180.6,66.9,20.5,178.9,66.4,20.7
174.2,73.7,24.3,172.5,73.4,24.7
178.7,76.0,23.8,178.1,74.1,23.4
177.3,67.9,21.6,176.5,65.5,21.0
173.2,66.1,22.0,172.6,60.3,20.2
182.4,92.0,27.7,180.0,85.3,26.3
181.3,87.9,26.7,179.0,89.8,28.0
176.2,69.7,22.5,175.2,77.8,25.4
173.8,57.5,19.0,171.7,58.6,19.9
173.9,66.7,22.1,171.7,62.8,21.3
167.5,53.7,19.1,166.7,55.6,20.0
174.9,86.8,28.4,173.5,76.4,25.4
176.2,69.3,22.3,175.0,66.8,21.8
175.8,81.6,26.4,174.2,85.5,28.2
171.8,55.6,18.8,170.8,66.4,22.8
187.6,83.5,23.7,184.9,78.8,23.0
174.1,91.1,30.1,173.1,96.8,32.3
178.2,76.6,24.1,176.9,79.0,25.2
171.3,86.4,29.4,170.5,93.9,32.3
170.8,62.9,21.6,168.6,59.5,20.9
167.0,53.2,19.1,164.8,52.3,19.3
173.6,92.0,30.5,171.5,90.6,30.8
163.5,62.7,23.5,162.5,65.8,24.9
172.3,58.3,19.6,170.5,56.5,19.4
182.7,82.7,24.8,181.9,84.4,25.5
172.4,65.2,21.9,171.8,69.2,23.4
170.4,68.4,23.6,169.9,70.4,24.4
170.6,91.9,31.6,169.7,99.0,34.4
173.1,85.1,28.4,172.2,84.0,28.3
181.2,59.0,18.0,178.9,58.6,18.3
170.9,58.5,20.0,168.5,52.0,18.3
186.5,63.5,18.3,184.9,68.5,20.0
170.4,72.1,24.8,170.6,71.7,24.6
165.9,54.7,19.9,164.6,58.0,21.4
172.6,58.1,19.5,171.9,57.4,19.4
167.0,69.4,24.9,166.8,72.9,26.2
170.0,81.7,28.3,168.6,81.9,28.8
182.1,72.6,21.9,180.6,70.8,21.7
170.7,70.7,24.3,169.7,73.8,25.6
177.4,74.5,23.7,175.9,82.2,26.6
175.3,52.7,17.1,173.7,52.3,17.3
175.9,93.1,30.1,174.9,87.0,28.5
172.1,62.9,21.2,170.2,64.3,22.2
171.3,66.4,22.6,170.0,63.4,21.9
178.9,87.3,27.3,177.8,88.6,28.0
185.3,61.7,18.0,182.7,68.2,20.4
169.1,62.6,21.9,167.3,61.9,22.1
171.1,83.3,28.5,169.4,74.6,26.0
168.8,54.7,19.2,167.8,58.0,20.6
172.4,95.1,32.0,171.0,99.7,34.1
182.7,83.2,24.9,181.4,86.1,26.2
174.5,66.4,21.8,173.9,63.4,21.0
175.7,62.5,20.2,174.7,62.4,20.5
169.7,62.5,21.7,168.2,58.9,20.8
175.3,63.4,20.6,174.1,67.0,22.1
171.5,92.1,31.3,171.2,89.0,30.4
171.2,64.6,22.0,170.7,58.3,20.0
167.5,47.8,17.0,165.9,49.7,18.0
188.8,90.6,25.4,186.6,81.8,23.5
171.6,60.5,20.5,170.9,62.3,21.4
162.1,62.3,23.7,160.7,64.3,24.9
175.5,60.7,19.7,174.3,67.2,22.1
172.0,66.1,22.3,170.5,66.4,22.9
172.3,76.9,25.9,169.6,75.8,26.3
176.4,70.4,22.6,174.6,78.9,25.9
175.6,65.8,21.3,174.4,68.5,22.5
166.8,90.4,32.5,166.4,89.5,32.3
164.4,56.5,20.9,163.7,53.4,19.9
175.4,87.9,28.6,174.8,87.3,28.6
171.1,62.8,21.5,169.9,61.3,21.2
178.0,88.7,28.0,175.7,91.3,29.6
171.4,65.6,22.3,169.5,69.3,24.1
177.2,79.0,25.2,175.7,85.3,27.6
162.5,68.3,25.9,161.6,72.1,27.6
184.8,74.5,21.8,182.1,79.6,24.0
178.4,70.9,22.3,177.2,63.9,20.3
176.2,77.5,25.0,175.3,78.5,25.5
186.0,73.3,21.2,183.9,68.2,20.2
179.7,61.1,18.9,178.3,60.5,19.0
178.0,103.2,32.6,176.1,100.9,32.6
167.8,69.6,24.7,167.5,68.2,24.3
172.3,82.1,27.7,171.0,76.2,26.1
165.9,66.2,24.1,165.7,67.4,24.5
175.4,87.7,28.5,173.8,83.8,27.7
182.5,82.2,24.7,181.2,78.8,24.0
166.6,47.4,17.1,165.7,47.6,17.3
186.9,124.5,35.6,183.6,122.3,36.3
168.5,74.9,26.4,168.0,72.2,25.6
178.8,83.9,26.2,176.9,80.9,25.9
173.8,51.7,17.1,172.3,54.8,18.5
168.2,51.3,18.1,166.5,51.7,18.6
174.1,108.2,35.7,173.5,111.3,37.0
180.0,72.9,22.5,178.6,64.1,20.1
175.8,75.9,24.6,175.5,68.5,22.2
171.0,73.8,25.2,170.3,70.8,24.4
176.5,93.3,29.9,174.3,97.3,32.0
163.3,53.0,19.9,161.3,49.6,19.1
172.5,50.6,17.0,170.7,54.0,18.5
170.9,66.3,22.7,170.4,66.9,23.1
179.8,67.3,20.8,178.3,65.2,20.5
172.4,68.5,23.0,171.5,63.7,21.7
188.6,87.6,24.6,186.3,88.9,25.6
179.6,78.3,24.3,177.4,81.4,25.9
180.2,91.7,28.2,177.3,97.9,31.2
175.2,64.0,20.9,173.1,63.9,21.3
171.1,97.7,33.4,169.3,97.0,33.8
164.5,56.5,20.9,163.0,61.5,23.2
168.9,57.3,20.1,168.2,57.2,20.2
177.3,65.1,20.7,176.1,61.7,19.9
164.8,45.6,16.8,162.1,50.1,19.1
182.2,110.6,33.3,179.6,107.1,33.2
175.8,90.0,29.1,175.6,86.4,28.0
178.1,108.0,34.0,175.5,107.4,34.9
185.8,67.6,19.6,184.4,65.0,19.1
176.8,75.9,24.3,175.3,75.3,24.5
176.5,98.7,31.7,174.3,94.7,31.2
173.9,82.2,27.2,171.9,82.5,27.9
176.2,87.6,28.2,173.9,90.9,30.0
177.8,98.9,31.3,177.1,82.7,26.4
172.8,67.8,22.7,172.2,70.5,23.8
180.2,99.2,30.5,178.5,101.8,32.0
178.6,87.0,27.3,177.6,94.1,29.8
170.0,72.3,25.0,168.9,72.2,25.3
170.3,51.1,17.6,168.6,54.0,19.0
166.7,59.1,21.3,165.1,57.5,21.1
170.5,65.1,22.4,170.1,66.4,23.0
175.9,54.5,17.6,173.6,57.0,18.9
186.7,81.4,23.4,184.7,76.6,22.5
179.6,88.1,27.3,178.2,93.2,29.3
171.7,61.2,20.8,170.7,59.9,20.6
166.9,61.0,21.9,165.7,61.7,22.5
166.1,63.6,23.1,165.3,60.6,22.2
178.8,98.0,30.7,176.4,97.9,31.4
177.9,72.1,22.8,177.4,66.2,21.0
174.1,83.3,27.5,173.6,79.8,26.5
176.4,63.8,20.5,175.1,62.7,20.5
178.7,77.1,24.1,177.4,77.3,24.6
170.5,85.5,29.4,168.7,92.3,32.4
168.2,60.6,21.4,166.6,60.9,22.0
174.3,84.5,27.8,172.1,90.4,30.5
185.1,93.1,27.2,183.2,85.9,25.6
173.7,62.9,20.8,172.5,61.5,20.7
175.9,84.9,27.4,174.0,86.7,28.6
185.5,82.9,24.1,183.1,85.4,25.5
176.0,64.8,20.9,174.7,63.3,20.7
174.0,66.0,21.8,172.7,72.5,24.3
171.3,53.4,18.2,170.2,52.3,18.1
169.9,69.7,24.1,168.1,72.7,25.7
179.0,70.4,22.0,176.9,68.5,21.9
178.9,89.2,27.9,176.8,83.7,26.8
167.9,77.5,27.5,166.6,82.4,29.7
173.3,61.5,20.5,172.7,66.1,22.2
174.3,69.3,22.8,172.4,62.9,21.2
171.7,59.2,20.1,169.8,62.2,21.6
182.7,87.1,26.1,181.0,82.4,25.2
174.1,73.1,24.1,172.2,75.7,25.5
171.7,63.1,21.4,170.5,64.5,22.2
173.5,67.9,22.6,172.1,65.9,22.3
191.7,94.1,25.6,188.6,79.1,22.2
176.0,87.1,28.1,175.4,84.0,27.3
171.4,59.8,20.4,170.8,61.6,21.1
177.5,64.8,20.6,174.5,83.7,27.5
182.3,64.9,19.5,181.1,65.9,20.1
168.7,55.7,19.6,168.3,56.8,20.1
188.4,63.8,18.0,186.7,67.5,19.3
176.0,74.5,24.1,174.8,67.7,22.2
175.1,82.0,26.7,173.6,84.0,27.9
177.2,58.9,18.8,176.3,56.9,18.3
172.3,68.8,23.2,170.9,68.9,23.6
174.0,92.0,30.4,172.5,96.1,32.3
176.6,66.5,21.3,175.4,66.2,21.5
180.1,89.5,27.6,178.7,85.6,26.8
177.1,84.1,26.8,176.0,86.3,27.9
167.9,61.6,21.9,166.9,57.4,20.6
174.8,59.2,19.4,173.0,56.8,19.0
183.8,79.5,23.5,181.9,70.5,21.3
179.4,70.7,22.0,177.4,66.4,21.1
183.2,75.1,22.4,181.1,77.9,23.7
173.4,76.4,25.4,171.2,76.3,26.0
183.7,107.0,31.7,181.4,107.5,32.7
169.3,80.7,28.2,168.3,77.7,27.4
179.5,98.0,30.4,176.9,96.4,30.8
177.4,66.0,21.0,175.9,68.7,22.2
171.2,66.7,22.8,169.4,62.1,21.6
164.4,55.9,20.7,163.2,60.2,22.6
178.1,75.6,23.8,176.4,79.2,25.4
178.1,65.4,20.6,175.7,57.6,18.7
167.9,69.1,24.5,167.5,72.9,26.0
179.7,66.2,20.5,178.0,62.1,19.6
176.9,76.0,24.3,176.0,65.8,21.2
182.7,105.8,31.7,181.7,90.6,27.5
171.6,61.6,20.9,171.0,60.8,20.8
176.7,66.6,21.3,176.1,64.1,20.7
176.8,64.0,20.5,175.7,63.4,20.5
180.8,58.7,18.0,178.3,56.7,17.9
167.2,66.1,23.6,165.3,63.8,23.4
174.6,66.5,21.8,173.4,66.0,21.9
168.2,70.0,24.7,167.9,69.3,24.6
173.1,60.1,20.1,171.6,57.1,19.4
176.4,82.3,26.4,175.2,78.3,25.5
174.4,60.5,19.9,172.0,57.1,19.3
185.5,79.7,23.2,183.3,90.4,26.9
181.7,73.6,22.3,179.8,71.6,22.1
172.1,56.0,18.9,170.1,56.1,19.4
175.9,82.2,26.6,174.7,81.5,26.7
173.9,75.6,25.0,173.0,74.0,24.7
163.5,56.6,21.2,162.4,56.2,21.3
172.1,75.3,25.4,170.2,78.2,27.0
175.4,96.2,31.3,173.8,95.2,31.5
181.0,75.6,23.1,179.2,74.5,23.2
172.8,49.7,16.6,170.8,53.1,18.2
167.5,72.3,25.8,167.2,70.0,25.0
175.8,68.4,22.1,175.4,66.5,21.6
167.8,57.4,20.4,166.2,50.2,18.2
187.0,74.4,21.3,184.9,68.1,19.9
170.0,72.0,24.9,168.9,71.5,25.1
169.6,88.1,30.6,168.9,83.5,29.3
165.6,66.2,24.1,163.9,69.6,25.9
177.5,67.7,21.5,176.9,73.0,23.3
174.5,86.8,28.5,173.3,87.3,29.1
176.6,78.0,25.0,176.1,74.9,24.2
180.6,73.2,22.4,178.5,75.5,23.7
172.6,66.7,22.4,172.4,67.2,22.6
171.8,57.5,19.5,170.4,53.5,18.4
169.9,53.2,18.4,168.5,55.6,19.6
174.7,106.8,35.0,172.7,103.8,34.8
172.7,58.5,19.6,170.7,64.6,22.2
168.6,69.2,24.3,168.1,71.1,25.2
177.2,62.0,19.7,175.0,60.6,19.8
178.8,93.5,29.2,177.6,84.2,26.7
168.2,64.6,22.8,167.9,66.3,23.5
171.1,70.8,24.2,169.3,63.4,22.1
173.7,94.8,31.4,171.7,91.3,31.0
170.4,68.8,23.7,169.1,73.2,25.6
184.3,81.9,24.1,182.6,86.2,25.9
168.9,72.3,25.3,168.0,65.3,23.1
170.4,69.6,24.0,169.1,71.7,25.1
190.1,77.5,21.4,187.4,81.0,23.1
168.4,77.3,27.3,167.9,66.6,23.6
184.6,112.9,33.1,182.5,112.9,33.9
173.5,59.0,19.6,171.6,57.4,19.5
171.4,57.3,19.5,169.5,62.9,21.9
171.1,61.8,21.1,169.2,58.2,20.3
174.8,90.6,29.7,172.5,85.5,28.7
174.6,86.5,28.4,173.2,82.0,27.3
173.0,64.2,21.5,170.7,59.3,20.3
168.0,63.7,22.6,167.6,62.2,22.2
179.4,67.4,20.9,177.8,64.2,20.3
173.8,56.3,18.6,171.0,53.3,18.2
168.8,86.4,30.3,167.3,95.3,34.0
181.1,68.3,20.8,178.7,69.4,21.7
186.1,67.6,19.5,184.1,68.4,20.2
168.1,58.5,20.7,166.9,64.7,23.2
173.8,58.7,19.4,172.7,59.3,19.9
180.0,82.8,25.6,179.0,79.5,24.8
173.4,80.7,26.8,171.9,80.4,27.2
171.4,62.5,21.3,169.6,64.7,22.5
172.1,83.6,28.2,171.3,84.7,28.9
169.4,56.2,19.6,167.6,50.8,18.1
177.7,65.5,20.7,177.3,65.2,20.8
175.7,98.7,32.0,174.7,102.4,33.5
174.0,74.9,24.7,173.1,81.2,27.1
172.3,61.3,20.6,171.6,64.0,21.7
176.3,81.3,26.2,175.7,79.9,25.9
174.1,59.8,19.7,173.3,64.5,21.5
176.4,62.6,20.1,174.3,58.4,19.2
168.9,70.9,24.9,168.6,84.6,29.8
171.0,63.0,21.5,170.4,61.3,21.1
170.9,88.6,30.3,170.0,91.2,31.6
170.7,48.4,16.6,169.5,54.8,19.1
171.6,71.2,24.2,170.9,68.9,23.6
173.8,90.0,29.8,172.3,87.0,29.3
163.1,51.2,19.2,161.1,52.4,20.2
171.7,72.6,24.6,169.7,73.9,25.7
174.2,81.9,27.0,173.4,76.6,25.5
185.9,72.8,21.1,183.6,73.9,21.9
181.3,81.2,24.7,179.1,74.5,23.2
184.5,70.1,20.6,182.9,67.9,20.3
174.0,66.5,22.0,172.3,64.9,21.9
171.9,59.2,20.0,169.8,61.8,21.5
174.9,103.5,33.8,174.4,115.0,37.8
167.2,53.4,19.1,164.8,52.3,19.3
181.2,100.2,30.5,179.6,102.6,31.8
169.7,59.4,20.6,168.7,59.5,20.9
174.2,63.3,20.9,173.5,61.5,20.4
173.4,68.6,22.8,170.6,56.7,19.5
176.9,57.2,18.3,174.7,67.4,22.1
173.2,62.7,20.9,171.1,60.7,20.7
166.8,55.5,19.9,164.8,53.8,19.8
168.7,56.5,19.9,167.1,54.1,19.4
171.9,68.2,23.1,171.5,68.0,23.1
173.6,68.1,22.6,172.6,73.2,24.6
167.0,50.5,18.1,164.8,50.3,18.5
177.4,60.2,19.1,175.4,60.1,19.5
169.7,63.9,22.2,168.5,64.2,22.6
172.8,91.8,30.7,171.3,94.4,32.2
168.6,74.0,26.0,167.4,67.5,24.1
175.2,72.7,23.7,173.8,69.7,23.1
174.8,68.6,22.5,174.6,76.0,24.9
190.1,74.6,20.6,188.1,71.3,20.2
178.5,84.5,26.5,176.4,83.7,26.9
174.1,70.1,23.1,172.4,68.4,23.0
171.9,67.5,22.8,171.4,63.8,21.7
166.6,48.2,17.4,166.0,54.7,19.8
177.6,77.5,24.6,176.9,77.0,24.6
169.6,65.7,22.8,168.0,57.5,20.4
174.5,74.9,24.6,173.6,79.9,26.5
186.8,77.1,22.1,184.3,79.0,23.3
165.5,80.5,29.4,165.4,81.4,29.7
165.8,60.0,21.8,164.6,61.4,22.7
179.3,66.9,20.8,178.1,64.6,20.4
169.1,55.8,19.5,167.8,53.8,19.1
173.1,73.3,24.5,172.8,74.6,25.0
174.5,61.9,20.3,173.0,58.5,19.5
161.1,56.3,21.7,159.9,50.0,19.6
178.5,69.3,21.7,176.5,68.8,22.1
173.7,89.9,29.8,173.0,78.1,26.1
169.8,65.4,22.7,168.6,64.8,22.8
183.4,104.5,31.1,181.8,103.9,31.5
170.8,60.7,20.8,170.4,61.9,21.3
163.1,54.6,20.5,161.1,52.3,20.1
173.4,71.6,23.8,171.6,75.2,25.5
170.4,59.9,20.6,169.1,58.4,20.4
175.5,82.0,26.6,173.3,91.0,30.3
169.3,64.1,22.4,168.0,65.5,23.2
170.9,84.6,29.0,170.5,88.7,30.5
196.7,73.8,19.1,194.7,76.5,20.2
175.2,74.8,24.4,173.7,71.5,23.7
177.8,81.1,25.7,176.5,70.1,22.5
186.4,72.8,21.0,185.3,76.0,22.1
168.4,56.0,19.7,166.6,54.8,19.7
180.0,63.6,19.6,178.6,62.4,19.5
173.1,67.5,22.5,171.9,73.2,24.8
183.5,69.2,20.6,181.5,70.0,21.2
165.8,62.4,22.7,164.3,56.5,20.9
174.7,63.8,20.9,173.4,64.3,21.4
165.1,86.5,31.7,165.2,87.2,31.9
167.7,62.5,22.2,166.6,62.0,22.3
180.9,72.1,22.0,178.9,62.5,19.5
176.3,57.0,18.3,173.9,55.2,18.3
172.0,75.5,25.5,170.7,72.1,24.7
173.0,62.1,20.7,172.5,58.1,19.5
173.7,79.5,26.3,173.2,82.7,27.6
190.1,85.6,23.7,187.7,85.7,24.3
172.2,83.4,28.1,170.7,84.0,28.8
174.5,63.8,21.0,172.0,63.7,21.5
181.5,80.3,24.4,180.1,76.3,23.5
168.1,63.4,22.4,167.0,59.5,21.3
177.2,56.8,18.1,174.5,61.4,20.2
176.2,69.6,22.4,174.4,60.5,19.9
169.6,73.9,25.7,169.0,77.1,27.0
178.3,69.4,21.8,177.8,72.4,22.9
172.7,77.8,26.1,171.9,81.2,27.5
168.5,95.0,33.5,168.4,99.7,35.1
179.2,67.2,20.9,178.5,68.5,21.5
162.6,65.8,24.9,162.0,63.4,24.2
171.8,63.3,21.4,171.2,59.9,20.5
170.1,73.0,25.2,168.6,73.7,25.9
182.5,74.8,22.5,180.3,69.0,21.2
171.7,67.4,22.9,171.4,71.1,24.2
183.6,96.2,28.5,181.9,97.4,29.4
172.0,60.2,20.3,170.8,61.8,21.2
177.0,60.4,19.3,174.5,65.8,21.6
180.8,71.4,21.8,180.2,63.4,19.5
166.7,61.7,22.2,164.7,58.7,21.6
182.0,67.3,20.3,181.2,76.0,23.1
171.3,62.6,21.3,169.3,63.1,22.0
180.2,63.3,19.5,177.7,64.9,20.6
173.8,51.0,16.9,172.4,53.4,18.0
170.1,69.6,24.1,168.5,71.2,25.1
173.5,68.3,22.7,172.7,73.2,24.5
168.3,62.5,22.1,167.2,63.0,22.5
176.7,85.3,27.3,175.7,83.1,26.9
181.5,95.4,29.0,179.1,85.4,26.6
175.2,71.4,23.3,173.0,65.3,21.8
177.6,79.5,25.2,177.1,67.8,21.6
166.7,51.5,18.5,165.3,50.6,18.5
175.3,78.1,25.4,173.9,70.5,23.3
179.6,60.5,18.8,177.8,57.3,18.1
176.3,99.8,32.1,174.2,98.0,32.3
175.1,104.3,34.0,172.5,94.9,31.9
179.9,84.0,26.0,179.0,73.1,22.8
170.2,59.8,20.6,169.4,61.2,21.3
181.1,82.7,25.2,179.0,80.9,25.3
165.4,55.0,20.1,164.6,52.7,19.5
179.7,64.3,19.9,178.7,72.4,22.7
178.8,97.2,30.4,177.3,96.4,30.7
180.6,59.5,18.2,179.1,60.2,18.8
173.5,77.6,25.8,172.8,80.7,27.0
177.5,85.1,27.0,176.8,80.6,25.8
169.6,70.0,24.3,168.1,66.2,23.4
179.3,79.4,24.7,177.3,74.9,23.8
178.9,88.3,27.6,176.7,84.7,27.1
173.8,64.9,21.5,172.3,61.5,20.7
184.1,95.3,28.1,181.3,99.1,30.2
173.6,77.0,25.6,171.8,74.4,25.2
169.6,69.9,24.3,168.1,66.8,23.6
173.6,59.8,19.8,172.5,62.3,20.9
179.3,70.9,22.1,177.3,65.7,20.9
166.5,62.8,22.7,164.7,59.2,21.8
181.9,64.1,19.4,180.3,63.3,19.5
174.9,71.1,23.2,173.8,59.2,19.6
171.3,68.6,23.4,169.7,73.3,25.5
176.1,82.3,26.5,174.2,80.2,26.4
167.2,49.4,17.7,165.1,53.7,19.7
172.3,57.6,19.4,170.3,59.3,20.4
171.5,64.4,21.9,170.5,66.2,22.7
167.2,71.6,25.6,166.5,69.6,25.1
180.2,87.8,27.0,179.2,91.5,28.5
172.4,73.5,24.7,169.9,76.2,26.4
170.4,89.4,30.8,170.1,89.9,31.1
179.2,98.4,30.6,177.3,105.7,33.6
173.1,77.1,25.7,171.7,80.9,27.4
175.7,98.8,32.0,174.7,92.7,30.4
170.9,77.5,26.5,169.7,75.8,26.3
167.1,64.6,23.1,166.7,67.6,24.3
179.8,92.8,28.7,178.5,92.3,29.0
185.3,87.5,25.5,184.0,88.8,26.2
167.9,55.3,19.6,166.1,60.7,22.0
165.5,65.9,24.1,164.6,62.4,23.0
169.9,78.6,27.2,168.4,85.6,30.2
168.1,71.2,25.2,166.6,69.0,24.9
176.6,66.4,21.3,174.2,61.2,20.2
170.4,51.7,17.8,168.9,49.3,17.3
167.9,54.4,19.3,165.4,54.1,19.8
173.5,64.9,21.6,172.8,73.4,24.6
175.3,95.8,31.2,174.1,101.0,33.3
173.5,73.1,24.3,172.8,76.2,25.5
166.0,60.5,22.0,165.4,59.7,21.8
183.7,94.0,27.9,183.3,90.4,26.9
175.8,73.7,23.8,175.0,71.2,23.3
168.7,59.8,21.0,167.3,63.3,22.6
168.7,70.0,24.6,168.3,68.0,24.0
163.3,49.2,18.4,160.8,46.6,18.0
180.8,93.7,28.7,178.6,96.4,30.2
167.5,56.0,20.0,166.6,58.2,21.0
183.1,62.2,18.6,181.7,61.1,18.5
172.2,70.7,23.8,171.4,72.0,24.5
178.8,86.4,27.0,177.1,81.3,25.9
178.0,73.0,23.0,177.4,71.4,22.7
171.6,56.7,19.3,169.5,54.0,18.8
178.7,87.0,27.2,177.1,83.3,26.5
175.5,69.3,22.5,174.0,75.8,25.0
178.6,73.8,23.1,177.2,68.5,21.8
166.5,55.4,20.0,165.8,53.1,19.3
171.0,65.2,22.3,169.0,66.1,23.1
175.5,78.0,25.3,174.9,77.2,25.3
176.2,90.7,29.2,174.3,84.5,27.8
163.7,71.9,26.8,163.4,67.9,25.4
175.6,54.0,17.5,173.6,64.7,21.4
171.3,48.7,16.6,169.9,53.1,18.4
174.9,66.0,21.6,173.7,67.7,22.4
164.0,47.9,17.8,162.3,49.0,18.6
169.9,52.2,18.1,167.6,49.9,17.7
176.4,62.1,20.0,174.2,61.4,20.2
170.6,75.9,26.1,169.8,78.9,27.3
178.2,74.7,23.5,177.5,81.4,25.8
171.9,78.4,26.5,170.5,75.7,26.0
166.4,63.9,23.1,166.6,64.9,23.4
177.4,78.2,24.8,176.7,80.7,25.8
178.1,71.2,22.4,176.1,70.5,22.7
170.9,94.2,32.3,171.0,88.9,30.4
171.7,50.9,17.3,168.8,50.5,17.7
172.0,66.9,22.6,170.9,62.7,21.5
168.7,65.5,23.0,166.8,61.1,21.9
172.2,80.5,27.1,171.2,85.0,29.0
178.8,70.2,22.0,177.1,69.1,22.0
176.4,65.4,21.0,174.3,64.8,21.3
179.3,74.6,23.2,178.0,71.8,22.7
162.9,42.7,16.1,161.2,47.9,18.4
173.3,72.2,24.0,172.4,68.1,22.9
173.1,56.7,18.9,170.9,56.4,19.3
165.2,57.1,20.9,163.2,53.6,20.1
176.1,81.7,26.3,175.0,82.2,26.9
182.9,78.0,23.3,181.9,82.6,25.0
174.4,66.1,21.7,172.6,72.4,24.3
177.8,75.1,23.8,175.7,78.0,25.3
165.1,65.4,24.0,164.0,65.7,24.4
176.7,77.8,24.9,174.9,72.6,23.7
168.7,59.9,21.0,167.8,65.0,23.1
175.6,57.7,18.7,174.7,60.7,19.9
171.3,72.5,24.7,171.3,68.3,23.3
172.4,78.5,26.4,171.4,77.8,26.5
164.8,57.6,21.2,164.7,59.5,22.0
164.9,57.5,21.1,161.8,51.4,19.6
170.0,68.7,23.8,168.5,65.1,22.9
177.6,87.8,27.8,175.8,87.0,28.2
172.8,86.4,28.9,171.8,84.5,28.6
177.6,77.4,24.5,175.4,75.6,24.6
177.6,83.3,26.4,175.9,87.8,28.4
167.1,64.6,23.1,165.7,61.9,22.5
178.2,87.3,27.5,176.3,93.4,30.1
174.1,69.9,23.1,173.3,65.1,21.7
170.5,57.0,19.6,169.5,62.3,21.7
176.2,53.7,17.3,174.3,58.7,19.3
173.8,69.7,23.1,172.9,67.6,22.6
168.7,61.7,21.7,167.9,56.6,20.1
174.4,76.4,25.1,173.8,82.1,27.2
179.0,84.1,26.2,177.2,82.7,26.3
170.8,56.2,19.3,169.2,54.1,18.9
175.2,73.8,24.0,173.3,68.3,22.7
175.1,68.4,22.3,173.5,60.7,20.2
168.3,83.4,29.4,167.0,80.1,28.7
171.4,68.2,23.2,169.9,62.1,21.5
172.2,73.4,24.8,171.0,75.4,25.8
167.6,49.9,17.8,166.6,54.1,19.5
172.5,77.2,25.9,170.6,65.8,22.6
172.9,68.9,23.0,171.7,64.1,21.7
175.8,52.8,17.1,173.1,53.8,18.0
167.2,57.0,20.4,167.1,57.1,20.5
171.9,64.8,21.9,171.0,68.5,23.4
179.7,94.9,29.4,178.0,94.2,29.8
169.9,64.6,22.4,167.9,62.6,22.2
178.7,76.4,23.9,177.5,74.1,23.5
168.6,60.6,21.3,168.0,60.0,21.3
166.1,71.5,25.9,166.2,64.2,23.2
177.7,85.5,27.1,176.0,77.4,25.0
182.7,85.6,25.6,181.3,76.8,23.4
179.2,71.8,22.4,177.9,66.6,21.0
179.4,70.4,21.9,177.1,64.9,20.7
169.1,56.6,19.8,167.3,55.3,19.8
179.2,94.5,29.4,177.7,85.5,27.1
172.7,79.8,26.8,171.0,82.9,28.4
176.3,69.4,22.3,174.7,64.7,21.2
187.7,67.2,19.1,185.4,70.2,20.4
181.0,77.1,23.5,180.0,79.3,24.5
178.9,93.4,29.2,176.5,91.2,29.3
176.9,83.8,26.8,175.2,86.5,28.2
171.8,67.1,22.7,170.7,64.3,22.1
169.3,74.9,26.1,168.9,76.9,27.0
172.9,55.8,18.7,171.5,52.7,17.9
171.6,75.1,25.5,169.8,76.0,26.4
173.9,72.7,24.0,173.5,70.4,23.4
168.0,58.2,20.6,165.7,53.1,19.3
180.3,100.5,30.9,179.4,95.3,29.6
185.7,93.3,27.1,184.2,99.4,29.3
173.1,83.2,27.8,172.0,80.4,27.2
171.7,65.2,22.1,170.2,64.1,22.1
169.1,58.2,20.4,167.8,56.5,20.1
175.5,74.9,24.3,174.3,74.6,24.6
169.9,72.3,25.0,169.9,68.8,23.8
178.3,69.0,21.7,177.7,64.0,20.3
172.2,57.6,19.4,171.5,58.3,19.8
174.3,70.8,23.3,172.0,63.9,21.6
166.9,71.8,25.8,167.0,76.7,27.5
182.0,104.7,31.6,180.2,104.5,32.2
175.2,60.0,19.5,172.9,54.2,18.1
166.4,76.0,27.4,165.4,74.0,27.1
171.7,62.0,21.0,171.3,67.6,23.1
171.5,69.1,23.5,170.3,67.8,23.4
182.8,76.3,22.8,180.6,76.9,23.6
176.8,104.7,33.5,175.7,98.9,32.1
175.4,63.8,20.7,173.8,70.8,23.4
181.8,66.0,20.0,180.1,67.6,20.8
174.1,60.5,20.0,173.2,65.0,21.7
176.6,91.6,29.4,173.7,96.3,31.9
181.0,71.7,21.9,178.9,65.7,20.5
188.2,88.3,24.9,184.9,88.2,25.8
171.8,88.4,30.0,169.9,87.6,30.3
171.2,67.2,22.9,171.1,67.0,22.9
172.1,65.0,21.9,171.0,63.8,21.8
166.5,76.0,27.4,165.1,75.2,27.6
173.8,73.0,24.2,172.0,74.7,25.2
172.3,61.4,20.7,170.2,61.4,21.2
183.7,73.9,21.9,181.2,75.2,22.9
172.4,62.0,20.9,170.3,60.6,20.9
170.5,104.0,35.8,170.3,99.1,34.2
165.0,48.1,17.7,162.3,48.2,18.3
178.7,71.4,22.4,176.8,71.5,22.9
174.1,74.0,24.4,172.2,75.5,25.4
171.7,56.6,19.2,169.5,60.5,21.1
174.3,67.1,22.1,174.1,65.8,21.7
180.6,113.1,34.7,178.7,112.2,35.1
178.4,102.3,32.1,177.8,102.7,32.5
186.3,109.5,31.5,184.1,111.6,32.9
179.4,57.7,17.9,177.4,58.7,18.7
179.8,68.7,21.3,178.1,76.0,24.0
173.6,69.4,23.0,173.4,67.9,22.6
177.1,76.0,24.2,175.8,72.3,23.4
173.8,67.7,22.4,171.7,63.3,21.5
175.8,62.0,20.1,173.8,64.5,21.4
180.8,57.9,17.7,178.4,62.3,19.6
176.4,77.3,24.8,176.0,70.9,22.9
172.0,75.0,25.4,170.5,72.7,25.0
171.1,66.3,22.6,169.0,65.8,23.0
178.6,66.7,20.9,177.2,67.0,21.3
180.7,90.0,27.6,179.5,84.9,26.3
174.5,53.7,17.6,173.2,54.4,18.1
180.4,72.9,22.4,179.8,72.5,22.4
177.3,78.1,24.8,175.3,74.7,24.3
177.3,57.9,18.4,174.9,54.1,17.7
179.9,62.3,19.2,177.8,60.1,19.0
178.3,72.5,22.8,177.3,76.2,24.2
166.8,55.3,19.9,165.7,50.5,18.4
173.7,92.5,30.7,172.1,100.7,34.0
181.6,115.2,34.9,178.7,111.9,35.0
168.6,61.4,21.6,167.7,67.7,24.1
175.4,57.2,18.6,174.7,57.6,18.9
161.2,63.7,24.5,160.7,63.7,24.6
177.0,69.7,22.2,175.9,72.7,23.5
175.1,57.3,18.7,173.3,58.5,19.5
172.5,86.1,28.9,171.7,79.1,26.8
180.0,79.7,24.6,178.1,79.1,24.9
175.9,74.1,23.9,174.9,77.1,25.2
174.2,95.6,31.5,172.6,99.3,33.3
178.3,110.4,34.7,177.2,110.8,35.3
189.7,87.9,24.4,187.0,90.3,25.8
176.5,84.6,27.2,174.2,81.3,26.8
167.2,64.2,23.0,166.3,62.4,22.5
174.5,65.5,21.5,173.6,75.3,25.0
169.2,65.4,22.8,168.3,68.6,24.2
179.8,73.9,22.9,179.1,79.1,24.6
174.7,81.7,26.8,173.9,87.1,28.8
178.3,72.2,22.7,177.6,73.0,23.1
178.1,73.6,23.2,177.1,77.9,24.9
172.8,50.2,16.8,170.1,52.4,18.1
167.1,93.5,33.5,166.6,82.9,29.9
171.3,75.6,25.8,170.0,77.2,26.7
171.7,67.3,22.8,170.6,64.4,22.1
175.7,65.0,21.1,175.5,63.9,20.7
175.9,74.5,24.1,175.1,67.6,22.1
182.8,88.1,26.4,181.8,81.7,24.7
179.6,98.0,30.4,177.8,86.6,27.4
173.0,73.6,24.6,172.2,81.0,27.3
174.5,77.7,25.5,172.8,76.2,25.5
173.4,67.9,22.6,173.1,72.6,24.2
174.1,99.0,32.7,172.5,91.8,30.9
174.3,73.1,24.1,172.9,74.2,24.8
171.6,74.5,25.3,170.4,72.8,25.1
171.6,64.8,22.0,171.2,60.8,20.7
176.9,78.8,25.2,175.9,78.9,25.5
175.1,69.2,22.6,173.9,69.7,23.1
179.5,72.0,22.3,177.6,71.5,22.7
162.5,59.3,22.5,162.4,58.7,22.2
175.2,63.3,20.6,173.4,64.2,21.4
161.3,61.2,23.5,160.6,64.4,25.0
178.9,65.8,20.6,177.2,62.2,19.8
171.0,62.1,21.2,169.9,54.6,18.9
184.7,107.0,31.4,182.5,108.2,32.5
171.4,78.0,26.6,171.7,92.6,31.4
171.7,68.2,23.1,170.8,59.3,20.3
176.9,72.0,23.0,174.8,69.9,22.9
177.2,61.4,19.6,174.9,66.0,21.6
167.7,99.7,35.5,166.5,97.5,35.1
170.8,65.0,22.3,170.5,68.6,23.6
181.2,65.8,20.0,179.3,68.8,21.4
169.8,100.5,34.9,168.4,97.3,34.3
170.4,56.0,19.3,168.2,52.5,18.6
181.5,110.5,33.5,178.8,107.4,33.6
182.6,98.9,29.7,180.8,88.9,27.2
181.2,79.7,24.3,180.1,71.1,21.9
172.2,61.7,20.8,170.9,63.9,21.9
174.7,81.4,26.7,173.6,69.6,23.1
186.4,102.9,29.6,183.7,105.9,31.4
165.0,73.3,26.9,164.6,67.9,25.1
171.1,55.1,18.8,170.2,54.5,18.8
180.9,112.8,34.5,178.7,104.0,32.6
180.3,83.6,25.7,179.7,79.1,24.5
168.1,50.9,18.0,166.1,48.4,17.6
174.6,74.8,24.5,173.4,72.6,24.1
175.5,92.4,30.0,173.6,98.4,32.6
165.8,51.8,18.8,165.3,54.0,19.8
182.8,59.0,17.7,181.2,61.9,18.9
167.8,61.8,21.9,166.8,65.9,23.7
167.2,55.4,19.8,166.3,55.4,20.1
177.8,71.2,22.5,176.5,68.9,22.1
178.4,63.0,19.8,177.5,64.4,20.4
176.2,94.9,30.6,174.2,94.7,31.2
173.0,65.1,21.8,172.0,68.5,23.2
183.6,67.9,20.1,182.1,61.6,18.6
171.1,62.9,21.5,169.5,60.6,21.1
175.5,80.6,26.2,174.0,79.5,26.2
177.0,64.1,20.5,175.3,59.3,19.3
180.8,103.5,31.7,178.3,101.4,31.9
166.1,57.3,20.8,164.9,59.0,21.7
182.4,67.0,20.1,180.9,65.7,20.1
171.8,73.7,25.0,171.6,73.4,24.9
176.3,81.2,26.1,174.1,69.2,22.8
176.3,81.0,26.1,175.3,82.6,26.9
182.6,58.0,17.4,181.3,64.0,19.5
175.4,100.0,32.5,174.3,100.9,33.2
171.7,66.2,22.5,170.5,77.2,26.6
172.8,61.8,20.7,171.9,62.1,21.0
178.3,65.9,20.7,177.3,68.7,21.9
173.5,59.7,19.8,173.1,63.0,21.0
175.3,81.6,26.6,174.1,71.2,23.5
177.8,100.4,31.8,175.1,97.9,31.9
172.5,56.7,19.1,171.1,56.5,19.3
176.0,95.5,30.8,174.8,94.7,31.0
166.4,80.8,29.2,164.2,79.5,29.5
176.7,59.4,19.0,175.0,59.1,19.3
179.9,71.4,22.1,178.4,72.3,22.7
178.5,72.8,22.8,176.9,75.2,24.0
176.1,55.4,17.9,173.9,56.9,18.8
167.8,63.9,22.7,166.7,60.3,21.7
183.6,76.3,22.6,182.8,72.2,21.6
169.8,93.3,32.4,170.1,89.1,30.8
174.5,65.8,21.6,173.6,62.9,20.9
181.1,73.9,22.5,179.3,76.0,23.6
167.2,52.1,18.6,166.9,54.3,19.5
182.3,77.0,23.2,180.5,76.3,23.4
170.8,68.7,23.5,168.8,65.4,22.9
180.0,67.0,20.7,178.6,64.8,20.3
173.1,65.7,21.9,171.2,70.9,24.2
173.0,72.8,24.3,172.5,73.0,24.5
170.8,47.6,16.3,168.1,49.0,17.3
178.4,76.4,24.0,176.4,78.9,25.4
179.8,60.0,18.6,178.0,65.6,20.7
170.8,88.9,30.5,169.5,85.7,29.9
186.2,77.8,22.4,184.1,75.6,22.3
190.3,101.0,27.9,188.7,94.5,26.5
185.1,83.5,24.4,182.7,92.7,27.8
171.8,95.4,32.3,171.4,94.5,32.2
173.6,79.9,26.5,172.4,79.6,26.8
174.7,82.1,26.9,173.3,89.7,29.9
178.3,65.0,20.4,176.5,79.9,25.6
169.3,56.8,19.8,168.4,60.9,21.5
172.6,57.0,19.1,170.7,56.5,19.4
170.8,64.8,22.2,169.1,62.1,21.7
168.6,58.2,20.5,168.1,59.1,20.9
172.2,65.3,22.0,170.4,66.2,22.8
179.4,74.7,23.2,177.3,77.2,24.5
174.2,63.5,20.9,173.4,69.2,23.0
174.5,66.1,21.7,172.2,73.6,24.8
184.4,92.2,27.1,183.5,90.1,26.8
171.4,64.5,22.0,170.7,62.4,21.4
168.7,57.3,20.1,167.3,59.2,21.2
171.0,74.9,25.6,171.3,69.9,23.8
179.0,81.8,25.5,178.0,99.1,31.3
178.1,81.9,25.8,176.0,81.7,26.4
179.7,79.1,24.5,177.1,82.3,26.2
169.0,52.1,18.2,167.6,54.6,19.4
186.3,62.9,18.1,183.4,70.7,21.0
171.6,70.0,23.8,170.9,74.3,25.4
184.4,84.6,24.9,182.9,90.1,26.9
164.1,45.4,16.9,162.0,48.4,18.5
172.1,65.9,22.2,171.5,64.9,22.1
174.1,78.9,26.0,172.3,86.3,29.1
171.9,83.5,28.3,170.1,81.5,28.1
173.2,57.1,19.0,171.9,56.9,19.3
186.3,74.0,21.3,185.3,79.7,23.2
169.2,68.2,23.8,167.8,66.3,23.5
167.4,70.1,25.0,167.2,70.3,25.1
179.6,78.5,24.3,178.2,75.9,23.9
177.3,110.7,35.2,175.6,102.9,33.4
178.3,60.0,18.9,176.1,52.6,17.0
173.0,62.9,21.0,171.4,61.1,20.8
171.4,62.6,21.3,170.5,56.3,19.3
169.4,59.3,20.7,167.6,59.7,21.3
161.3,57.5,22.1,160.9,54.2,21.0
175.0,65.5,21.4,172.5,63.0,21.2
178.1,73.4,23.1,176.4,75.3,24.2
176.3,83.8,27.0,174.1,88.7,29.3
170.8,57.4,19.7,170.3,56.0,19.3
173.7,68.8,22.8,172.8,63.0,21.1
174.9,98.0,32.0,172.5,96.1,32.3
175.7,67.8,22.0,175.3,65.3,21.2
168.5,57.1,20.1,166.9,56.0,20.1
178.1,71.3,22.5,176.4,73.7,23.7
186.4,87.7,25.2,184.8,87.9,25.8
176.8,87.2,27.9,175.5,88.4,28.7
167.8,83.2,29.5,166.8,84.2,30.2
167.0,58.7,21.0,166.5,60.0,21.6
166.0,57.4,20.8,165.6,58.9,21.5
175.1,60.0,19.6,174.8,63.6,20.8
173.3,72.3,24.1,171.7,70.1,23.8
178.2,102.2,32.2,176.1,88.6,28.6
179.2,64.9,20.2,178.7,63.1,19.8
175.8,89.0,28.8,173.5,91.3,30.3
171.2,81.6,27.8,169.9,81.8,28.3
169.5,60.1,20.9,168.2,62.2,22.0
180.8,74.8,22.9,179.2,69.3,21.6
169.4,48.6,16.9,168.8,51.2,18.0
168.5,62.7,22.1,168.0,61.5,21.8
169.1,59.7,20.9,168.1,58.5,20.7
169.4,69.1,24.1,168.3,67.1,23.7
179.5,73.4,22.8,177.6,67.8,21.5
169.4,62.1,21.6,167.9,64.7,23.0
174.8,73.3,24.0,173.7,71.1,23.6
177.9,80.0,25.3,176.4,81.7,26.3
173.4,60.8,20.2,172.1,61.3,20.7
180.5,71.7,22.0,178.4,68.2,21.4
182.2,80.6,24.3,179.8,82.0,25.4
186.0,91.3,26.4,184.0,92.5,27.3
174.3,63.8,21.0,173.0,62.8,21.0
185.3,69.5,20.2,183.3,67.5,20.1
176.1,77.1,24.9,174.1,81.3,26.8
175.8,74.9,24.2,174.5,73.0,24.0
183.9,59.3,17.5,181.7,58.3,17.6
166.5,61.0,22.0,167.5,63.4,22.6
185.5,66.6,19.4,184.4,66.7,19.6
165.9,77.8,28.3,165.4,81.4,29.8
182.3,75.7,22.8,181.2,76.1,23.2
176.9,72.2,23.1,175.9,71.6,23.1
174.5,55.3,18.2,171.7,54.6,18.5
174.0,61.5,20.3,172.7,61.8,20.7
178.7,67.7,21.2,177.6,63.7,20.2
178.3,90.6,28.5,176.9,92.8,29.7
181.0,72.9,22.3,178.8,71.9,22.5
176.2,98.5,31.7,173.9,91.7,30.3
170.7,47.0,16.1,168.4,51.3,18.1
170.5,69.0,23.7,170.1,68.3,23.6
177.3,87.7,27.9,176.7,87.2,27.9
164.6,72.4,26.7,164.5,72.3,26.7
183.5,94.9,28.2,181.5,95.2,28.9
167.7,46.2,16.4,166.8,47.8,17.2
180.2,89.8,27.7,178.7,89.1,27.9
188.6,67.5,19.0,185.7,70.0,20.3
170.4,62.7,21.6,170.0,65.5,22.7
168.9,57.7,20.2,168.0,61.6,21.8
185.0,88.5,25.9,182.8,89.3,26.7
169.0,63.7,22.3,168.1,65.5,23.2
173.9,52.9,17.5,171.8,57.3,19.4
170.5,55.5,19.1,167.8,49.9,17.7
172.5,74.9,25.2,170.7,81.9,28.1
175.2,79.4,25.9,174.2,81.1,26.7
182.8,57.9,17.3,181.4,59.1,18.0
172.4,85.9,28.9,171.7,94.5,32.1
172.1,64.0,21.6,170.6,60.4,20.8
167.8,57.8,20.5,165.9,56.3,20.5
174.4,62.0,20.4,172.6,64.0,21.5
178.1,77.6,24.5,176.2,81.7,26.3
186.0,72.3,20.9,184.3,67.0,19.7
182.6,112.3,33.7,180.4,107.1,32.9
167.6,62.3,22.2,165.6,60.3,22.0
177.9,82.1,25.9,176.4,82.6,26.5
180.5,69.9,21.5,179.7,67.8,21.0
173.5,107.8,35.8,171.1,102.6,35.0
179.9,58.6,18.1,178.2,61.1,19.2
171.1,88.9,30.4,170.6,87.0,29.9
171.4,57.1,19.4,170.6,58.3,20.1
181.1,102.1,31.1,179.2,97.1,30.2
169.7,58.9,20.5,166.8,50.0,18.0
168.2,64.0,22.6,166.8,61.4,22.0
175.4,62.8,20.4,173.7,59.2,19.6
182.1,106.2,32.0,180.1,101.8,31.4
190.0,94.1,26.1,187.9,93.2,26.4
173.0,53.3,17.8,171.9,56.6,19.2
168.2,55.5,19.6,167.1,57.1,20.5
176.7,94.5,30.3,175.8,96.2,31.1
159.4,62.6,24.6,159.4,61.6,24.2
178.8,68.9,21.6,177.8,73.7,23.3
172.2,62.8,21.2,171.1,62.4,21.3
170.7,67.2,23.1,169.5,73.1,25.4
168.8,56.9,20.0,168.2,58.2,20.6
182.6,78.5,23.5,181.8,79.8,24.1
172.3,52.3,17.6,170.1,54.2,18.8
177.6,63.0,20.0,176.2,67.0,21.6
177.3,93.0,29.6,175.1,91.7,29.9
174.7,77.5,25.4,173.8,81.1,26.8
173.4,76.9,25.6,172.8,67.6,22.7
175.4,60.2,19.6,173.4,61.4,20.4
168.8,48.3,17.0,167.3,54.1,19.3
167.3,62.6,22.4,166.0,63.5,23.1
176.9,88.0,28.1,175.5,92.9,30.1
183.4,81.9,24.3,180.8,84.4,25.8
173.1,71.0,23.7,171.6,75.1,25.5
183.4,76.5,22.7,181.5,77.7,23.6
177.2,74.2,23.6,175.9,72.0,23.3
179.9,66.1,20.4,178.1,71.8,22.7
163.0,53.4,20.1,162.4,56.4,21.4
182.4,120.3,36.2,180.9,116.9,35.7
176.4,70.1,22.5,175.7,71.7,23.2
164.4,64.2,23.8,164.1,62.4,23.2
174.8,82.3,26.9,173.2,69.9,23.3
180.1,69.5,21.4,178.2,67.4,21.2
183.0,58.8,17.6,180.7,64.7,19.8
174.6,60.8,19.9,173.6,63.5,21.1
177.3,79.2,25.2,175.0,68.2,22.3
178.2,65.3,20.6,177.5,59.7,18.9
176.9,57.9,18.5,175.4,59.4,19.3
170.6,57.6,19.8,169.0,56.3,19.7
166.6,56.6,20.4,164.9,53.9,19.8
175.0,70.2,22.9,174.2,65.1,21.4
175.1,56.7,18.5,174.5,57.2,18.8
174.5,57.2,18.8,172.2,55.1,18.6
172.3,75.0,25.3,171.5,75.5,25.6
171.5,59.7,20.3,170.2,60.7,21.0
178.8,73.0,22.8,176.6,73.8,23.7
166.0,82.6,30.0,165.6,73.4,26.8
171.4,72.2,24.6,170.7,72.4,24.9
174.6,57.9,19.0,172.8,55.2,18.5
178.0,64.1,20.2,176.4,64.6,20.8
175.8,56.5,18.3,175.3,57.7,18.8
171.8,71.5,24.2,170.7,64.9,22.3
176.0,71.8,23.2,173.7,74.7,24.7
174.8,77.7,25.4,172.9,77.8,26.0
173.9,66.1,21.9,173.3,67.3,22.4
166.4,60.7,21.9,164.7,57.4,21.2
172.0,52.8,17.8,170.0,53.3,18.5
169.0,53.0,18.6,168.0,51.8,18.4
171.5,67.4,22.9,170.4,65.8,22.7
181.8,73.7,22.3,180.7,69.7,21.3
166.5,64.6,23.3,166.0,62.6,22.7
173.8,75.1,24.9,173.0,78.5,26.2
173.0,73.9,24.7,171.9,76.0,25.7
178.4,71.9,22.6,176.1,64.3,20.7
176.9,70.8,22.6,174.7,63.6,20.8
175.3,68.8,22.4,174.2,63.7,21.0
175.4,76.0,24.7,173.7,74.0,24.5
172.8,74.7,25.0,171.8,67.2,22.8
168.4,63.9,22.5,167.7,63.4,22.5
179.5,102.2,31.7,178.2,100.4,31.6
181.1,62.7,19.1,179.2,64.2,20.0
167.3,57.4,20.5,166.4,59.0,21.3
163.5,86.0,32.2,164.3,87.7,32.5
172.1,55.5,18.7,169.8,53.3,18.5
171.9,69.7,23.6,170.7,65.6,22.5
179.9,68.5,21.2,179.2,66.3,20.6
179.5,77.8,24.1,178.0,73.8,23.3
178.2,54.2,17.1,175.7,58.6,19.0
178.3,62.9,19.8,177.1,65.8,21.0
174.8,86.0,28.1,172.9,89.3,29.9
178.6,60.7,19.0,176.8,57.9,18.5
169.5,69.4,24.2,167.9,73.2,26.0
169.5,89.6,31.2,169.0,89.0,31.1
167.6,51.9,18.5,165.9,50.9,18.5
165.8,56.8,20.7,162.7,50.8,19.2
179.2,56.9,17.7,178.0,57.0,18.0
174.0,79.1,26.1,172.3,70.7,23.8
175.4,79.1,25.7,174.0,82.4,27.2
176.3,81.3,26.2,174.7,84.7,27.7
169.7,50.8,17.6,168.5,55.2,19.4
176.3,68.1,21.9,174.8,66.9,21.9
172.3,65.1,21.9,171.2,68.3,23.3
180.0,73.9,22.8,178.7,76.8,24.0
182.1,87.7,26.4,180.5,79.4,24.4
180.8,103.8,31.8,178.7,104.2,32.6
186.6,90.6,26.0,185.4,87.2,25.4
176.3,100.2,32.2,173.9,96.3,31.8
176.5,66.6,21.4,174.6,70.8,23.2
171.2,61.3,20.9,170.2,49.3,17.0
174.3,68.0,22.4,173.2,69.1,23.0
171.3,65.6,22.4,169.6,64.4,22.4
185.7,74.1,21.5,183.8,70.3,20.8
164.7,54.1,19.9,163.5,59.5,22.3
177.4,76.3,24.2,176.5,78.0,25.0
172.4,59.4,20.0,171.4,59.0,20.1
170.7,72.5,24.9,169.2,73.4,25.6
174.2,76.3,25.1,174.0,81.3,26.9
164.2,81.1,30.1,164.1,72.9,27.1
183.0,94.0,28.1,181.2,91.7,27.9
181.5,100.5,30.5,179.3,94.3,29.3
179.2,82.8,25.8,177.5,79.2,25.1
186.6,107.0,30.7,183.8,93.6,27.7
187.3,132.7,37.8,185.2,123.4,35.9
171.4,72.2,24.6,170.9,71.2,24.4
165.5,60.0,21.9,164.6,59.8,22.1
166.0,60.6,22.0,165.1,57.1,20.9
174.8,60.6,19.8,173.5,67.9,22.5
169.2,94.6,33.0,168.1,87.2,30.8
185.0,70.1,20.5,183.5,72.3,21.5
173.5,58.6,19.5,171.6,58.0,19.7
167.7,56.2,20.0,166.0,55.4,20.1
174.7,81.2,26.6,173.7,85.9,28.5
166.6,55.0,19.8,164.5,49.6,18.3
174.2,68.5,22.6,172.6,68.7,23.1
177.6,69.6,22.1,175.4,67.6,22.0
175.8,70.6,22.8,174.6,72.2,23.7
176.4,59.5,19.1,174.9,57.3,18.7
180.5,79.2,24.3,179.1,81.4,25.4
168.2,50.6,17.9,166.0,50.6,18.3
182.8,109.6,32.8,179.5,108.9,33.8
170.2,61.9,21.4,168.5,61.1,21.5
177.0,73.5,23.5,176.0,75.1,24.2
175.1,57.8,18.9,173.0,57.5,19.2
174.9,59.1,19.3,173.3,60.4,20.1
173.5,68.3,22.7,171.4,65.6,22.3
173.1,91.1,30.4,171.2,90.7,30.9
173.2,75.6,25.2,172.2,72.1,24.3
176.8,55.4,17.7,176.1,65.7,21.2
170.5,63.4,21.8,169.1,59.1,20.7
173.3,76.6,25.5,172.2,77.9,26.3
184.4,69.7,20.5,183.6,67.9,20.2
170.3,75.2,25.9,169.7,74.7,26.0
179.6,108.1,33.5,177.3,111.1,35.3
176.3,61.3,19.7,175.0,65.8,21.5
171.6,65.7,22.3,170.2,65.8,22.7
184.5,98.2,28.8,182.7,87.4,26.2
179.5,60.5,18.8,177.5,67.7,21.5
172.4,79.4,26.7,170.3,79.4,27.4
172.9,89.2,29.8,171.8,89.6,30.4
181.1,98.5,30.0,179.4,96.9,30.1
174.6,64.7,21.2,173.2,69.9,23.3
180.5,81.6,25.0,179.8,85.9,26.6
175.0,62.2,20.3,174.7,63.4,20.8
175.0,82.9,27.1,174.2,88.9,29.3
173.6,98.8,32.8,172.6,87.4,29.4
174.1,62.1,20.5,172.5,57.8,19.4
179.5,79.6,24.7,178.0,82.3,26.0
177.9,75.6,23.9,175.8,77.8,25.2
171.4,57.7,19.6,170.5,61.2,21.1
172.8,53.6,18.0,172.1,56.7,19.1
174.5,67.3,22.1,172.7,68.4,22.9
175.6,80.8,26.2,173.9,75.9,25.1
176.6,76.6,24.6,176.2,70.2,22.6
169.9,59.4,20.6,168.0,59.8,21.2
171.4,71.5,24.3,171.1,67.4,23.1
172.1,74.8,25.3,170.9,70.8,24.3
177.9,75.4,23.8,175.9,79.2,25.6
163.0,58.3,21.9,162.1,57.3,21.8
185.8,95.9,27.8,183.5,93.4,27.7
170.4,56.3,19.4,169.1,56.6,19.8
175.4,74.5,24.2,173.9,65.7,21.7
170.4,93.5,32.2,168.6,91.9,32.3
181.1,85.7,26.1,179.1,78.6,24.5
169.6,63.4,22.0,168.1,67.6,23.9
179.5,77.2,24.0,177.9,73.0,23.0
174.9,57.7,18.9,173.4,58.0,19.3
171.7,72.9,24.7,171.0,72.8,24.9
168.0,65.9,23.3,167.3,61.8,22.1
168.6,81.6,28.7,167.9,68.5,24.3
170.7,88.0,30.2,170.2,89.0,30.7
168.1,50.7,17.9,166.9,49.2,17.7
171.9,57.9,19.6,171.1,59.0,20.2
172.8,60.1,20.1,171.7,61.1,20.7
168.9,60.6,21.2,167.6,55.9,19.9
179.4,75.3,23.4,177.9,79.1,25.0
163.7,66.8,24.9,163.5,71.8,26.9
174.0,90.5,29.9,172.1,94.0,31.7
179.7,79.1,24.5,178.1,82.2,25.9
176.3,70.6,22.7,176.1,74.9,24.1
172.7,67.7,22.7,171.4,64.8,22.0
180.9,92.3,28.2,180.1,92.9,28.7
176.4,85.0,27.3,175.8,85.1,27.5
173.7,68.0,22.5,172.5,76.5,25.7
172.0,74.4,25.1,171.3,71.6,24.4
169.9,91.3,31.6,170.0,89.5,31.0
179.7,77.7,24.1,179.1,73.0,22.8
169.0,57.0,20.0,167.4,64.4,23.0
177.0,89.4,28.5,176.2,88.7,28.6
169.1,74.0,25.9,169.0,78.4,27.5
172.4,64.9,21.8,171.7,60.9,20.6
169.4,68.8,24.0,167.9,68.0,24.1
186.0,86.0,24.9,183.8,86.6,25.6
173.4,56.2,18.7,171.9,59.1,20.0
171.9,62.4,21.1,170.5,64.7,22.3
166.8,72.0,25.9,165.8,69.8,25.4
176.7,68.0,21.8,175.6,73.8,23.9
178.2,77.1,24.3,175.8,79.6,25.8
176.4,99.3,31.9,174.5,100.2,32.9
183.5,73.6,21.9,181.4,78.4,23.8
169.4,70.7,24.6,168.3,68.9,24.3
173.3,82.3,27.4,171.2,84.6,28.9
179.2,64.9,20.2,177.9,68.4,21.6
176.1,69.6,22.4,174.0,67.9,22.4
178.8,68.6,21.5,176.9,66.3,21.2
179.0,82.4,25.7,177.3,85.1,27.1
172.3,80.5,27.1,170.8,82.7,28.4
189.0,101.4,28.4,186.1,96.5,27.9
184.1,71.2,21.0,183.3,71.3,21.2
167.9,70.3,24.9,165.6,79.2,28.9
185.4,90.5,26.3,183.2,81.3,24.2
182.1,89.6,27.0,180.0,84.7,26.1
162.2,62.3,23.7,161.8,59.5,22.7
168.8,53.6,18.8,167.8,57.0,20.2
165.1,61.9,22.7,164.7,58.8,21.7
184.6,69.5,20.4,182.4,73.0,22.0
169.0,72.3,25.3,168.0,74.4,26.4
171.9,70.6,23.9,170.4,68.6,23.6
172.9,89.8,30.0,171.7,88.7,30.1
165.7,60.3,22.0,165.1,59.0,21.6
175.6,53.8,17.4,173.6,56.2,18.7
170.9,63.9,21.9,169.7,64.3,22.3
182.0,77.0,23.2,179.9,76.3,23.6
175.1,77.2,25.2,173.6,79.6,26.4
173.5,101.9,33.9,172.5,100.6,33.8
177.1,72.2,23.0,176.1,70.0,22.6
176.8,69.8,22.3,175.1,66.4,21.7
173.5,84.5,28.1,171.4,83.7,28.5
176.5,61.2,19.6,175.1,60.9,19.8
173.6,79.3,26.3,172.6,78.3,26.3
188.0,76.7,21.7,186.6,73.8,21.2
165.6,54.7,19.9,164.3,54.5,20.2
176.1,71.9,23.2,173.9,75.6,25.0
178.9,78.0,24.4,177.5,63.8,20.2
175.6,68.7,22.3,173.5,57.2,19.0
180.4,59.7,18.3,179.8,60.7,18.8
175.9,59.3,19.2,174.2,62.4,20.6
174.1,67.8,22.4,173.3,69.5,23.1
180.1,85.4,26.3,178.3,84.6,26.6
181.8,66.8,20.2,180.0,66.9,20.6
170.5,65.1,22.4,170.2,65.4,22.6
168.9,73.7,25.8,168.8,85.1,29.9
177.8,60.0,19.0,176.8,61.9,19.8
179.3,69.3,21.6,178.5,72.3,22.7
170.9,61.3,21.0,169.0,60.5,21.2
179.0,67.0,20.9,177.1,63.2,20.2
178.2,62.2,19.6,176.1,62.3,20.1
176.8,58.5,18.7,174.9,59.5,19.5
178.8,100.5,31.4,176.5,101.6,32.6
175.2,67.2,21.9,174.2,64.4,21.2
188.3,100.5,28.3,185.1,104.9,30.6
167.3,58.6,20.9,166.0,59.6,21.6
170.0,68.0,23.5,169.1,66.5,23.3
179.2,82.7,25.8,177.9,87.7,27.7
181.9,67.0,20.2,181.0,71.8,21.9
177.8,76.9,24.3,176.4,76.1,24.4
173.2,71.2,23.7,172.3,68.6,23.1
172.2,70.7,23.8,170.9,69.0,23.6
174.6,58.2,19.1,173.8,63.6,21.1
173.9,72.2,23.9,171.9,70.1,23.7
187.2,60.0,17.1,185.9,60.8,17.6
174.4,71.5,23.5,173.2,63.4,21.1
169.8,80.6,28.0,168.8,79.5,27.9
180.8,68.4,20.9,179.7,69.6,21.6
175.0,64.3,21.0,173.9,61.7,20.4
188.2,85.3,24.1,186.3,80.3,23.1
175.1,103.2,33.7,173.2,96.4,32.1
168.7,78.9,27.7,167.8,82.7,29.4
175.9,84.9,27.4,174.2,95.0,31.3
163.8,63.0,23.5,163.6,62.3,23.3
175.5,56.9,18.5,174.7,60.8,19.9
170.5,71.1,24.5,169.1,66.1,23.1
170.8,67.3,23.1,169.6,64.4,22.4
161.3,48.3,18.6,159.9,49.3,19.3
180.6,63.9,19.6,178.6,62.5,19.6
169.1,73.2,25.6,169.1,76.2,26.7
178.2,91.1,28.7,176.3,92.5,29.8
171.5,75.2,25.6,170.0,74.7,25.8
168.0,59.3,21.0,167.7,63.2,22.5
175.6,72.4,23.5,173.8,67.8,22.4
173.1,71.8,24.0,172.5,72.8,24.5
178.4,80.7,25.4,176.6,78.4,25.1
170.1,66.1,22.8,168.1,64.8,22.9
182.2,61.1,18.4,181.0,68.7,21.0
172.4,81.7,27.5,172.0,70.2,23.7
172.4,53.9,18.1,171.6,71.6,24.3
170.3,77.5,26.7,169.5,71.4,24.9
172.6,72.4,24.3,171.6,70.9,24.1
178.7,85.5,26.8,176.3,83.9,27.0
181.3,66.6,20.3,179.2,67.7,21.1
174.5,82.3,27.0,172.8,83.3,27.9
185.1,89.2,26.0,183.3,86.7,25.8
184.0,63.6,18.8,182.1,72.9,22.0
175.6,63.0,20.4,173.6,62.7,20.8
173.1,63.0,21.0,171.7,63.3,21.5
176.2,98.4,31.7,174.7,93.3,30.6
164.2,54.0,20.0,162.4,51.2,19.4
170.9,66.1,22.6,170.5,66.9,23.0
167.1,63.5,22.7,167.1,66.4,23.8
171.7,63.1,21.4,170.2,66.3,22.9
180.7,113.5,34.8,179.5,114.0,35.4
172.4,52.1,17.5,171.2,56.0,19.1
180.0,60.8,18.8,178.2,60.7,19.1
174.7,63.9,20.9,173.0,61.8,20.6
174.7,62.2,20.4,174.5,66.1,21.7
179.7,89.3,27.7,178.1,75.6,23.8
187.0,79.0,22.6,185.0,82.0,24.0
165.0,65.3,24.0,163.4,62.7,23.5
182.6,71.6,21.5,180.8,73.4,22.4
180.9,73.3,22.4,179.5,71.2,22.1
177.0,90.6,28.9,175.8,83.8,27.1
178.5,72.8,22.8,176.9,75.2,24.0
175.6,69.3,22.5,174.4,67.8,22.3
177.2,72.5,23.1,176.2,74.7,24.1
174.9,70.5,23.0,174.5,73.3,24.1
174.7,63.8,20.9,172.6,60.5,20.3
178.1,74.6,23.5,177.1,74.4,23.7
181.3,74.8,22.8,179.4,76.9,23.9
180.2,72.2,22.2,178.0,70.3,22.2
169.7,100.7,35.0,168.2,101.3,35.8
168.7,66.0,23.2,168.6,71.5,25.2
169.4,66.4,23.1,167.5,59.4,21.2
177.3,64.6,20.6,176.9,66.7,21.3
168.5,89.3,31.5,167.7,95.1,33.8
180.9,66.2,20.2,178.3,64.4,20.3
177.7,107.6,34.1,176.3,104.2,33.6
171.9,75.5,25.6,170.9,78.7,27.0
176.4,79.0,25.4,175.5,79.5,25.8
177.4,72.4,23.0,175.6,68.2,22.1
161.6,68.4,26.2,162.0,69.2,26.4
171.6,97.9,33.2,169.8,96.3,33.4
168.8,88.3,31.0,167.5,85.9,30.6
184.8,64.3,18.8,182.2,59.5,17.9
170.6,60.1,20.6,170.1,65.2,22.5
178.0,80.6,25.4,176.0,81.7,26.4
178.2,83.5,26.3,176.3,81.5,26.2
179.9,75.7,23.4,178.2,72.1,22.7
170.6,57.0,19.6,170.0,59.4,20.5
180.6,68.5,21.0,178.4,69.9,22.0
174.7,80.1,26.2,173.8,73.3,24.3
186.4,85.4,24.6,184.2,85.5,25.2
182.3,73.1,22.0,181.8,71.9,21.8
176.1,81.8,26.4,175.0,74.9,24.5
168.2,60.4,21.3,167.6,62.2,22.1
165.7,53.0,19.3,164.0,54.7,20.3
183.4,80.7,24.0,182.2,75.0,22.6
177.3,56.5,18.0,174.9,55.4,18.1
179.9,74.5,23.0,178.7,76.8,24.1
173.7,64.5,21.4,171.7,57.8,19.6
168.5,69.5,24.5,167.6,70.1,25.0
168.8,58.4,20.5,167.2,62.2,22.3
183.5,85.9,25.5,181.8,93.7,28.4
161.3,48.8,18.8,159.4,50.3,19.8
168.2,46.8,16.5,167.5,50.0,17.8
187.2,87.5,25.0,184.5,82.2,24.1
179.0,73.1,22.8,177.7,71.5,22.6
183.4,117.9,35.1,181.0,107.5,32.8
175.6,69.5,22.5,174.1,64.4,21.2
181.6,92.0,27.9,180.2,91.6,28.2
181.8,69.2,20.9,180.1,66.1,20.4
174.3,61.7,20.3,173.0,66.5,22.2
177.0,61.7,19.7,175.5,56.4,18.3
179.9,79.4,24.5,179.0,82.5,25.7
177.3,63.7,20.3,174.8,95.3,31.2
183.6,83.0,24.6,181.3,82.0,25.0
175.4,64.4,20.9,174.5,78.3,25.7
173.0,75.6,25.3,172.6,67.0,22.5
179.6,84.0,26.0,178.6,91.2,28.6
169.7,65.9,22.9,168.7,68.8,24.2
175.8,79.4,25.7,173.9,76.6,25.3
162.4,70.8,26.8,161.7,68.8,26.3
168.6,68.3,24.0,167.4,68.6,24.5
177.6,106.4,33.7,175.8,105.8,34.2
181.3,66.7,20.3,180.0,65.8,20.3
182.3,81.3,24.5,180.6,73.9,22.7
177.0,75.0,23.9,174.9,77.4,25.3
173.0,87.9,29.4,172.2,81.8,27.6
178.8,56.3,17.6,176.8,57.5,18.4
173.7,97.4,32.3,173.0,103.5,34.6
175.1,76.5,25.0,174.1,70.6,23.3
172.9,62.4,20.9,171.3,57.0,19.4
178.6,64.9,20.3,176.8,58.4,18.7
182.9,85.4,25.5,181.1,87.2,26.6
179.8,87.6,27.1,178.5,96.5,30.3
169.4,66.8,23.3,167.9,65.3,23.2
171.0,87.3,29.9,169.7,78.5,27.3
173.9,59.6,19.7,172.0,62.6,21.2
172.9,56.4,18.9,171.3,63.4,21.6
186.1,64.7,18.7,183.5,61.9,18.4
182.4,56.5,17.0,181.2,65.1,19.8
183.5,60.0,17.8,181.7,74.0,22.4
172.8,80.0,26.8,172.3,85.5,28.8
168.6,64.2,22.6,167.8,68.4,24.3
179.4,72.2,22.4,178.9,67.2,21.0
180.5,76.6,23.5,179.1,75.3,23.5
163.8,69.1,25.8,163.6,65.8,24.6
172.0,62.1,21.0,170.4,61.1,21.1
171.4,49.8,17.0,170.4,55.5,19.1
170.9,71.2,24.4,169.7,73.0,25.3
172.8,81.9,27.4,171.3,83.8,28.6
166.8,70.1,25.2,166.2,74.5,27.0
166.0,76.3,27.7,166.4,70.1,25.3
162.0,71.5,27.2,161.0,72.9,28.1
176.8,85.1,27.2,175.4,87.5,28.5
176.6,57.9,18.6,176.0,57.9,18.7
172.0,57.5,19.4,169.9,74.0,25.6
177.3,74.1,23.6,176.6,66.4,21.3
175.0,76.1,24.8,175.1,77.8,25.4
175.1,88.4,28.8,174.9,89.0,29.1
174.7,89.5,29.3,172.4,82.3,27.7
171.3,88.5,30.2,171.5,87.7,29.8
174.6,87.8,28.8,173.2,87.0,29.0
180.1,84.9,26.2,178.7,73.5,23.0
193.4,94.8,25.3,189.8,98.0,27.2
178.2,75.2,23.7,177.1,77.4,24.7
180.0,70.3,21.7,178.1,69.4,21.9
174.3,67.7,22.3,172.8,72.7,24.3
176.6,63.1,20.2,174.3,60.8,20.0
170.4,58.6,20.2,168.5,55.1,19.4
175.3,57.7,18.8,174.1,55.4,18.3
166.9,57.3,20.6,166.0,61.2,22.2
182.6,100.8,30.2,181.4,94.9,28.8
169.4,94.2,32.8,168.0,97.6,34.6
170.9,80.6,27.6,169.5,77.2,26.9
177.4,67.1,21.3,175.5,71.6,23.3
179.3,69.2,21.5,178.4,67.2,21.1
179.6,75.4,23.4,178.7,76.3,23.9
181.2,73.8,22.5,179.0,71.2,22.2
183.5,65.1,19.3,181.9,64.8,19.6
188.7,108.3,30.4,185.4,106.7,31.0
171.3,62.4,21.3,169.1,63.8,22.3
178.9,101.7,31.8,178.0,95.4,30.1
175.8,71.6,23.2,173.8,70.0,23.2
177.3,63.0,20.0,175.2,61.9,20.2
172.7,96.1,32.2,172.1,95.0,32.1
173.8,102.1,33.8,172.0,104.7,35.4
168.5,56.6,19.9,167.2,62.2,22.2
174.0,62.7,20.7,172.8,61.2,20.5
174.5,74.0,24.3,173.5,73.0,24.2
167.7,52.4,18.6,166.7,52.2,18.8
173.4,78.9,26.2,171.3,77.4,26.4
174.6,76.2,25.0,172.3,79.3,26.7
180.7,72.6,22.2,180.0,72.5,22.4
174.7,68.4,22.4,174.6,73.9,24.2
173.9,71.0,23.5,172.3,69.0,23.3
175.6,67.8,22.0,174.1,68.5,22.6
170.0,61.7,21.3,168.5,58.1,20.5
176.5,60.9,19.5,175.7,59.2,19.2
169.1,74.4,26.0,168.3,73.3,25.9
172.4,78.2,26.3,170.0,76.0,26.3
173.0,81.8,27.3,172.5,79.4,26.7
171.2,61.8,21.1,168.8,56.6,19.9
176.9,77.7,24.8,174.7,69.6,22.8
170.6,91.8,31.5,168.6,82.9,29.2
181.8,92.9,28.1,180.5,93.2,28.6
179.2,65.4,20.4,177.0,66.3,21.2
181.6,75.7,23.0,179.4,86.3,26.8
177.8,83.6,26.4,176.1,84.0,27.1
179.4,88.7,27.6,177.3,86.8,27.6
178.0,66.6,21.0,177.5,67.5,21.4
162.6,78.2,29.6,162.4,79.8,30.2
173.4,101.5,33.8,171.6,104.0,35.3
183.1,79.2,23.6,181.4,74.1,22.5
177.1,54.6,17.4,176.4,52.4,16.8
165.2,63.7,23.3,163.6,54.9,20.5
178.5,68.1,21.4,177.5,73.5,23.3
170.1,62.4,21.6,169.5,63.8,22.2
176.1,64.6,20.8,174.3,63.4,20.9
173.6,73.4,24.4,172.2,67.9,22.9
186.1,95.0,27.4,184.4,87.7,25.8
172.5,63.7,21.4,172.3,69.8,23.5
162.5,63.8,24.2,161.5,66.5,25.5
183.4,55.1,16.4,181.3,58.0,17.7
173.6,61.1,20.3,172.6,61.7,20.7
166.6,64.5,23.2,166.6,69.0,24.9
179.0,79.2,24.7,177.6,75.0,23.8
168.9,58.9,20.6,167.5,61.0,21.7
167.3,60.6,21.7,165.5,57.6,21.0
174.9,78.8,25.8,172.9,70.8,23.7
180.7,68.4,20.9,178.5,64.6,20.3
175.2,75.8,24.7,174.3,74.6,24.6
185.0,76.6,22.4,182.9,78.8,23.6
169.2,70.1,24.5,168.3,59.1,20.9
179.2,65.8,20.5,177.9,61.5,19.4
170.3,69.6,24.0,168.6,69.3,24.4
171.4,59.1,20.1,169.1,56.1,19.6
179.8,96.0,29.7,178.0,97.0,30.6
174.0,72.8,24.0,172.6,70.6,23.7
173.3,80.0,26.6,171.1,82.2,28.1
171.8,52.9,17.9,171.0,58.2,19.9
192.2,83.8,22.7,188.4,86.2,24.3
182.0,71.7,21.6,180.4,68.7,21.1
170.4,89.8,30.9,170.1,92.4,31.9
185.1,75.3,22.0,183.0,77.8,23.2
180.5,96.8,29.7,178.9,92.9,29.0
185.0,73.8,21.6,184.1,77.8,22.9
175.6,77.8,25.2,174.5,72.5,23.8
172.0,105.0,35.5,170.6,103.6,35.6
174.7,54.6,17.9,172.2,51.8,17.4
176.2,80.0,25.8,174.1,71.8,23.7
170.1,70.3,24.3,169.2,66.0,23.1
173.0,63.8,21.3,172.6,72.6,24.4
165.6,79.0,28.8,165.4,77.1,28.2
175.5,74.0,24.0,173.7,70.4,23.3
184.4,77.7,22.9,183.5,75.7,22.5
174.4,62.1,20.4,172.4,65.0,21.8
180.3,82.5,25.4,179.0,83.0,25.9
177.1,79.7,25.4,175.0,77.2,25.2
180.1,97.3,30.0,178.2,103.2,32.5
168.0,63.3,22.4,167.1,63.8,22.8
185.3,94.1,27.4,182.9,93.8,28.0
176.1,91.7,29.6,174.2,88.6,29.2
174.7,83.3,27.3,173.6,85.6,28.4
160.6,58.0,22.5,159.1,54.7,21.6
181.0,70.6,21.6,178.3,77.4,24.3
182.2,65.3,19.7,181.3,66.2,20.1
170.2,51.5,17.8,169.6,54.6,19.0
173.9,66.1,21.9,172.5,68.9,23.2
176.0,86.9,28.1,175.6,86.8,28.2
174.7,73.0,23.9,173.2,65.4,21.8
166.8,59.8,21.5,165.2,60.7,22.2
173.8,55.6,18.4,171.4,56.8,19.3
182.0,87.4,26.4,179.8,85.2,26.4
168.1,52.3,18.5,166.0,53.2,19.3
180.2,55.0,16.9,178.5,68.4,21.5
176.2,99.6,32.1,174.5,103.2,33.9
177.5,71.6,22.7,175.5,71.1,23.1
179.3,54.0,16.8,177.7,55.9,17.7
169.9,57.8,20.0,168.0,56.2,19.9
172.0,103.1,34.8,170.2,101.5,35.1
173.0,64.3,21.5,171.7,60.4,20.5
172.3,61.6,20.7,171.8,61.8,20.9
169.3,56.9,19.9,167.0,51.4,18.5
183.1,73.7,22.0,181.0,80.8,24.7
177.4,63.3,20.1,176.9,66.6,21.3
176.0,88.7,28.6,174.3,95.2,31.3
173.8,65.4,21.7,172.6,61.1,20.5
183.8,95.3,28.2,181.4,86.4,26.3
174.7,84.1,27.6,174.4,89.6,29.4
164.7,55.5,20.5,163.0,54.3,20.4
168.8,50.3,17.7,166.8,51.7,18.6
175.0,76.4,24.9,173.2,80.0,26.7
183.4,88.3,26.3,181.9,92.7,28.0
163.7,60.3,22.5,162.1,53.4,20.3
172.9,71.6,24.0,171.2,73.2,25.0
167.1,71.9,25.7,167.3,76.2,27.2
170.9,61.6,21.1,169.5,60.5,21.1
186.1,83.5,24.1,184.5,88.4,26.0
179.5,62.9,19.5,178.8,68.8,21.5
173.9,68.3,22.6,172.5,62.7,21.1
176.8,52.6,16.8,175.8,56.7,18.3
180.1,60.7,18.7,179.2,62.5,19.5
177.3,78.6,25.0,176.0,81.9,26.4
183.1,87.1,26.0,180.8,87.1,26.6
177.6,68.1,21.6,175.9,67.2,21.7
178.4,84.5,26.6,176.7,81.4,26.1
174.8,62.0,20.3,174.2,62.1,20.5
178.3,77.2,24.3,177.1,84.2,26.8
187.9,71.2,20.2,186.6,72.3,20.8
191.8,94.5,25.7,188.2,89.8,25.4
179.7,122.9,38.1,178.2,112.7,35.5
174.6,69.5,22.8,174.1,69.3,22.9
174.7,70.1,23.0,174.1,69.7,23.0
172.6,54.9,18.4,170.2,53.6,18.5
184.0,79.3,23.4,181.4,82.8,25.1
183.7,74.4,22.0,181.9,77.1,23.3
175.1,86.7,28.3,173.3,84.6,28.2
175.2,87.4,28.5,174.0,83.0,27.4
171.2,85.0,29.0,170.2,84.8,29.3
170.1,47.3,16.3,167.0,48.9,17.5
174.4,68.2,22.4,172.6,64.4,21.6
172.6,61.9,20.8,170.2,62.2,21.5
184.8,81.8,24.0,183.9,84.8,25.1
171.8,83.1,28.2,171.7,91.7,31.1
170.0,60.5,20.9,168.1,57.2,20.2
180.4,84.4,25.9,179.0,73.8,23.0
178.5,65.6,20.6,177.2,62.5,19.9
181.9,74.1,22.4,181.2,70.6,21.5
172.6,66.8,22.4,172.4,69.5,23.4
173.0,68.0,22.7,171.2,63.9,21.8
187.3,98.5,28.1,185.1,89.8,26.2
176.8,63.4,20.3,175.4,65.9,21.4
188.8,82.8,23.2,187.0,78.6,22.5
177.3,83.2,26.5,176.6,75.7,24.3
173.0,70.3,23.5,171.5,71.3,24.2
173.6,61.8,20.5,172.4,65.5,22.1
180.3,64.5,19.8,179.8,67.2,20.8
166.3,77.3,28.0,165.5,69.1,25.2
169.8,76.3,26.5,168.2,73.9,26.1
178.3,66.5,20.9,176.9,69.5,22.2
173.3,62.7,20.9,171.1,62.1,21.2
179.1,74.9,23.4,177.3,72.1,22.9
176.2,62.0,20.0,175.9,66.1,21.4
160.2,78.3,30.5,160.5,80.1,31.1
173.8,64.6,21.4,172.2,61.4,20.7
174.2,80.1,26.4,171.9,77.9,26.4
177.4,67.7,21.5,175.0,62.2,20.3
178.6,81.0,25.4,178.0,71.6,22.6
173.4,79.0,26.3,171.6,80.1,27.2
165.0,49.6,18.2,163.2,51.9,19.5
175.2,67.8,22.1,174.1,70.6,23.3
187.3,78.2,22.3,184.7,73.8,21.6
163.9,77.9,29.0,164.6,66.2,24.4
177.8,62.0,19.6,175.6,58.8,19.1
170.7,62.9,21.6,170.3,60.9,21.0
168.9,64.8,22.7,168.0,62.6,22.2
169.7,52.2,18.1,167.5,56.9,20.3
176.8,76.1,24.3,176.1,74.0,23.9
176.5,69.1,22.2,174.4,69.9,23.0
171.8,78.0,26.4,170.0,80.3,27.8
176.2,57.0,18.4,173.5,57.5,19.1
171.0,81.8,28.0,170.4,73.7,25.4
168.0,75.6,26.8,167.1,74.5,26.7
175.4,55.5,18.0,173.5,57.8,19.2
174.4,78.2,25.7,173.0,81.8,27.3
176.1,70.2,22.6,175.5,71.2,23.1
174.3,76.3,25.1,172.3,78.8,26.6
171.1,61.5,21.0,170.5,67.5,23.2
170.4,74.6,25.7,169.4,78.5,27.4
180.2,77.6,23.9,178.9,70.8,22.1
177.2,88.6,28.2,176.9,89.0,28.4
173.6,70.9,23.5,172.8,70.5,23.6
179.9,88.0,27.2,178.7,85.3,26.7
169.6,92.5,32.2,168.3,95.1,33.6
169.0,52.0,18.2,168.1,55.2,19.5
182.5,80.5,24.2,180.6,73.7,22.6
174.1,94.4,31.1,173.1,87.4,29.2
179.3,81.9,25.5,178.7,83.2,26.0
175.9,64.9,21.0,174.3,62.2,20.5
174.3,54.6,18.0,173.3,58.0,19.3
175.5,73.9,24.0,173.7,69.9,23.2
166.9,66.4,23.8,165.9,64.1,23.3
181.3,73.1,22.2,179.2,74.7,23.3
179.2,78.7,24.5,177.3,83.3,26.5
181.2,79.6,24.2,179.7,84.6,26.2
173.9,74.7,24.7,173.0,67.6,22.6
166.4,73.0,26.4,165.6,77.2,28.2
170.9,53.7,18.4,169.5,54.7,19.0
174.1,61.1,20.2,172.8,58.9,19.7
173.8,58.1,19.2,173.0,56.0,18.7
169.5,56.0,19.5,167.5,54.6,19.4
173.6,72.3,24.0,171.8,66.2,22.4
173.5,53.2,17.7,171.4,54.5,18.6
174.3,55.7,18.3,173.0,57.4,19.2
170.3,60.7,20.9,168.2,57.8,20.4
173.6,60.0,19.9,172.0,54.6,18.5
181.4,70.1,21.3,179.7,63.4,19.6
183.0,116.6,34.8,181.3,116.8,35.5
184.8,79.6,23.3,182.5,76.2,22.9
167.9,61.2,21.7,166.6,60.1,21.7
177.8,85.0,26.9,177.0,88.7,28.3
169.5,62.0,21.6,168.8,68.4,24.0
172.6,60.6,20.3,170.3,61.2,21.1
166.0,54.8,19.9,165.1,58.4,21.4
162.4,77.2,29.3,162.6,78.5,29.7
168.7,67.0,23.5,167.1,58.7,21.0
177.5,83.9,26.6,176.7,88.0,28.2
173.3,79.8,26.6,172.7,73.0,24.5
179.1,67.1,20.9,177.8,66.1,20.9
181.4,107.0,32.5,180.1,103.5,31.9
183.2,73.9,22.0,181.6,67.6,20.5
183.3,85.7,25.5,181.5,91.8,27.8
176.4,59.2,19.0,175.3,54.6,17.8
171.1,66.8,22.8,169.6,65.3,22.7
174.0,67.1,22.2,172.4,69.9,23.5
165.9,58.4,21.2,165.9,69.4,25.2
167.0,60.8,21.8,165.2,57.3,21.0
161.7,71.6,27.4,160.7,70.2,27.2
181.4,89.1,27.1,178.8,84.7,26.5
182.5,80.0,24.0,180.0,75.9,23.4
169.7,86.3,30.0,168.1,91.4,32.3
177.4,85.7,27.2,175.2,91.6,29.9
182.8,90.7,27.1,180.8,90.0,27.5
176.0,93.8,30.3,175.0,87.5,28.6
169.6,64.3,22.4,168.6,60.6,21.3
164.2,58.3,21.6,162.7,55.4,20.9
170.0,83.3,28.8,170.4,85.2,29.3
170.1,58.2,20.1,169.2,56.9,19.9
170.2,58.9,20.3,168.0,53.2,18.8
184.7,98.4,28.8,183.8,95.5,28.3
177.2,67.2,21.4,175.9,73.3,23.7
182.0,68.2,20.6,180.0,65.9,20.3
179.0,71.8,22.4,177.9,73.2,23.1
180.5,80.9,24.8,179.3,77.5,24.1
172.5,90.1,30.3,171.6,89.4,30.4
184.6,93.0,27.3,181.9,97.3,29.4
181.9,64.0,19.3,180.6,64.3,19.7
179.3,74.4,23.1,177.3,74.1,23.6
171.4,74.0,25.2,171.0,67.0,22.9
171.8,61.6,20.9,170.1,56.5,19.5
172.6,53.5,18.0,170.5,50.9,17.5
176.0,81.7,26.4,175.0,78.9,25.8
165.9,69.5,25.3,165.3,72.0,26.4
180.6,64.8,19.9,179.0,65.2,20.3
173.9,92.6,30.6,173.5,101.6,33.8
169.0,57.4,20.1,166.4,50.5,18.2
172.1,58.5,19.8,171.1,57.6,19.7
176.6,60.2,19.3,174.3,63.4,20.9
171.5,85.3,29.0,170.3,81.0,27.9
175.0,62.1,20.3,174.1,60.4,19.9
176.3,95.9,30.9,174.5,93.6,30.7
182.2,99.2,29.9,180.5,90.0,27.6
171.6,98.9,33.6,170.9,93.3,31.9
161.6,53.8,20.6,159.8,47.7,18.7
179.3,71.4,22.2,177.9,70.1,22.2
179.4,95.8,29.8,177.5,97.8,31.0
178.4,95.7,30.1,176.7,96.2,30.8
181.0,78.3,23.9,179.7,79.4,24.6
175.2,58.6,19.1,173.4,71.2,23.7
177.1,63.3,20.2,175.0,62.1,20.3
182.0,84.1,25.4,180.5,90.3,27.7
171.6,56.9,19.3,169.6,59.0,20.5
162.6,49.6,18.8,161.8,51.9,19.8
170.7,73.6,25.3,168.5,67.9,23.9
170.3,65.9,22.7,169.6,60.5,21.0
168.5,66.7,23.5,167.8,60.8,21.6
177.8,57.9,18.3,176.9,56.7,18.1
174.5,65.5,21.5,173.1,64.8,21.6
169.7,83.0,28.8,168.0,82.5,29.2
169.0,54.4,19.0,166.7,51.2,18.4
174.8,62.5,20.5,173.5,69.6,23.1
172.6,58.6,19.7,170.3,56.6,19.5
173.4,61.2,20.4,172.5,61.7,20.7
177.9,81.2,25.7,176.0,78.6,25.4
171.1,72.6,24.8,169.6,70.4,24.5
169.9,71.6,24.8,168.0,62.3,22.1
167.9,79.3,28.1,167.5,87.7,31.3
174.5,68.0,22.3,172.9,69.2,23.1
180.0,69.0,21.3,178.5,74.6,23.4
183.4,79.6,23.7,182.3,76.5,23.0
178.9,66.1,20.7,176.5,69.3,22.3
171.0,68.1,23.3,170.3,72.8,25.1
182.2,73.4,22.1,181.5,70.4,21.4
178.0,81.6,25.8,175.9,75.9,24.5
180.1,77.3,23.8,178.9,71.2,22.3
177.9,79.0,25.0,176.6,72.8,23.3
170.0,68.3,23.6,168.6,66.3,23.3
170.4,64.5,22.2,168.3,60.2,21.2
172.8,77.5,26.0,170.5,77.6,26.7
164.2,66.1,24.5,163.5,62.3,23.3
167.6,61.7,22.0,166.2,59.6,21.6
180.8,103.4,31.6,178.3,106.5,33.5
163.1,55.5,20.9,161.9,62.2,23.7
168.5,67.6,23.8,166.7,65.5,23.6
170.5,69.7,24.0,169.4,62.6,21.8
173.5,62.2,20.7,172.4,58.5,19.7
173.4,97.7,32.5,172.2,91.6,30.9
187.8,87.1,24.7,185.4,82.9,24.1
165.8,55.7,20.3,165.3,53.9,19.7
173.2,62.5,20.8,171.1,60.2,20.6
171.5,61.0,20.7,170.8,56.4,19.3
165.1,63.6,23.3,164.4,62.2,23.0
172.3,55.1,18.6,171.8,60.0,20.3
178.6,70.3,22.0,177.3,66.8,21.3
171.1,76.8,26.2,170.5,70.9,24.4
177.5,67.9,21.6,176.2,74.1,23.9
164.4,68.6,25.4,164.5,65.6,24.3
169.1,61.6,21.5,166.6,54.1,19.5
180.8,69.1,21.1,179.1,71.3,22.2
184.2,67.8,20.0,182.0,62.5,18.9
170.3,57.7,19.9,169.2,63.7,22.2
174.9,86.6,28.3,174.3,89.2,29.4
173.8,71.1,23.5,170.9,53.8,18.4
178.0,71.0,22.4,176.7,69.3,22.2
176.2,83.8,27.0,175.3,88.8,28.9
173.7,73.2,24.3,172.9,71.4,23.9
171.2,55.4,18.9,169.1,54.0,18.9
173.5,73.1,24.3,171.9,69.9,23.6
165.4,53.8,19.7,163.4,54.3,20.3
170.7,51.8,17.8,169.4,51.1,17.8
172.8,72.8,24.4,170.7,72.0,24.7
168.5,78.9,27.8,167.0,77.9,27.9
174.2,84.9,28.0,171.9,82.6,28.0
181.7,74.5,22.6,180.0,80.7,24.9
174.3,73.1,24.1,172.2,64.6,21.8
170.9,60.0,20.5,169.6,59.7,20.8
171.2,70.2,24.0,169.7,69.3,24.1
178.3,77.9,24.5,176.4,75.2,24.2
184.0,92.4,27.3,182.6,95.8,28.7
174.9,55.8,18.2,172.9,57.2,19.2
172.3,78.6,26.5,170.5,81.0,27.9
170.8,61.0,20.9,170.2,57.8,20.0
167.6,72.6,25.8,167.2,70.8,25.3
175.8,65.6,21.2,174.8,70.8,23.2
177.5,66.3,21.0,176.1,63.4,20.4
173.7,74.7,24.8,172.0,66.9,22.6
169.4,61.3,21.4,168.9,58.9,20.6
174.1,58.6,19.3,172.8,61.0,20.4
186.6,92.6,26.6,184.9,89.5,26.2
174.3,67.3,22.2,173.2,64.6,21.5
182.4,83.7,25.2,180.9,86.0,26.3
178.5,71.2,22.3,177.5,67.7,21.5
171.5,74.0,25.2,170.2,74.2,25.6
171.7,53.8,18.2,169.6,53.7,18.7
179.6,93.7,29.0,178.0,84.6,26.7
169.0,53.4,18.7,167.5,57.7,20.6
174.3,66.1,21.8,172.4,64.9,21.8
182.0,74.3,22.4,179.7,75.9,23.5
184.8,61.2,17.9,183.2,59.4,17.7
163.9,56.8,21.1,162.8,49.8,18.8
177.1,64.2,20.5,175.9,65.3,21.1
181.1,76.8,23.4,180.1,76.9,23.7
184.0,66.4,19.6,182.8,67.7,20.3
172.9,95.5,31.9,171.6,92.6,31.4
183.7,73.7,21.8,182.0,72.7,21.9
171.5,55.1,18.7,171.0,60.2,20.6
179.3,60.5,18.8,177.0,62.4,19.9
172.3,56.9,19.2,169.6,50.4,17.5
169.0,62.1,21.7,168.1,63.1,22.3
185.4,69.2,20.1,183.4,72.9,21.7
177.5,67.2,21.3,175.3,71.7,23.3
162.6,61.7,23.3,161.7,67.4,25.8
178.8,67.6,21.1,177.2,64.1,20.4
170.3,48.5,16.7,167.6,48.7,17.3
171.5,67.8,23.1,169.8,64.5,22.4
175.1,55.4,18.1,173.7,60.9,20.2
174.8,63.1,20.7,173.4,60.3,20.0
176.8,82.4,26.4,174.8,79.5,26.0
169.4,66.5,23.2,169.0,69.2,24.2
176.2,68.2,22.0,174.5,73.1,24.0
170.1,53.8,18.6,168.6,52.6,18.5
167.7,98.5,35.0,167.9,96.2,34.1
171.1,61.7,21.1,170.7,59.4,20.4
185.0,77.2,22.6,182.6,74.3,22.3
175.1,65.3,21.3,173.0,68.9,23.0
177.3,100.4,31.9,176.6,98.7,31.7
174.8,55.3,18.1,173.6,56.7,18.8
171.4,60.1,20.5,170.0,57.8,20.0
176.7,65.2,20.9,175.6,68.1,22.1
178.0,73.6,23.2,176.7,68.6,22.0
177.8,61.8,19.5,177.2,63.1,20.1
166.9,48.0,17.2,164.4,50.8,18.8
182.3,79.4,23.9,179.9,74.8,23.1
173.2,64.1,21.4,171.6,57.2,19.5
172.5,82.2,27.6,171.3,86.1,29.3
165.8,58.9,21.4,165.3,61.0,22.4
166.0,49.3,17.9,163.1,47.9,18.0
179.6,69.7,21.6,177.5,70.7,22.4
169.7,54.6,19.0,168.4,62.8,22.1
173.8,50.6,16.8,171.6,52.0,17.7
178.1,77.2,24.3,176.6,75.8,24.3
173.9,92.1,30.5,172.7,91.2,30.6
183.7,71.6,21.2,182.1,73.0,22.0
168.1,69.9,24.7,168.1,67.7,23.9
172.9,69.6,23.3,170.7,76.0,26.1
179.0,64.7,20.2,177.0,61.4,19.6
178.1,69.5,21.9,175.9,66.1,21.4
175.9,90.6,29.3,173.7,76.8,25.5
180.2,58.5,18.0,178.0,60.3,19.0
184.4,64.3,18.9,182.9,62.1,18.6
173.9,69.0,22.8,172.8,68.1,22.8
178.4,81.5,25.6,176.4,80.1,25.8
176.1,106.6,34.4,174.8,106.0,34.7
177.9,74.1,23.4,176.8,70.7,22.6
179.4,91.6,28.5,177.4,90.3,28.7
169.0,104.5,36.6,168.7,102.2,35.9
172.0,81.6,27.6,171.2,82.5,28.1
171.4,68.9,23.5,169.8,64.4,22.3
179.3,54.0,16.8,176.5,57.5,18.5
179.1,71.9,22.4,177.3,69.3,22.1
181.2,57.4,17.5,179.1,69.3,21.6
184.3,68.0,20.0,183.2,68.8,20.5
179.3,76.3,23.7,177.8,68.4,21.6
175.6,91.5,29.7,174.3,91.6,30.1
177.1,58.5,18.7,176.2,59.8,19.3
168.4,63.1,22.3,167.5,68.9,24.5
172.6,55.5,18.6,171.0,61.7,21.1
165.0,60.0,22.0,165.6,94.7,34.5
177.7,86.6,27.4,176.7,78.2,25.0
167.8,44.2,15.7,165.9,49.2,17.9
180.1,93.9,28.9,178.3,92.1,29.0
177.9,66.0,20.9,176.7,68.3,21.9
171.9,59.2,20.0,170.2,56.9,19.6
177.9,86.5,27.3,175.8,83.7,27.1
174.3,55.1,18.1,172.9,59.4,19.9
176.1,67.1,21.6,175.4,62.9,20.4
175.4,83.8,27.2,173.4,82.9,27.6
178.4,95.5,30.0,177.7,93.2,29.5
170.0,70.4,24.4,168.8,69.4,24.4
159.0,41.8,16.5,158.6,46.8,18.6
175.4,64.6,21.0,173.3,62.8,20.9
171.7,56.6,19.2,170.4,56.1,19.3
168.0,50.7,18.0,165.3,50.1,18.3
171.2,82.9,28.3,170.2,93.2,32.2
178.5,64.9,20.4,176.4,64.8,20.8
177.7,81.3,25.7,175.8,84.3,27.3
170.9,50.3,17.2,168.5,51.5,18.1
172.8,61.4,20.6,171.5,64.3,21.8
167.4,51.8,18.5,166.7,56.5,20.3
176.8,72.6,23.2,175.0,77.0,25.1
171.5,73.7,25.1,170.6,75.2,25.8
167.2,64.8,23.2,166.4,62.1,22.4
177.6,48.8,15.5,176.0,51.0,16.4
177.9,107.6,34.0,176.0,108.4,35.0
181.6,83.3,25.3,180.7,91.1,27.9
179.6,90.9,28.2,178.9,89.2,27.9
177.1,68.8,21.9,176.0,65.2,21.0
182.5,79.5,23.9,180.3,73.6,22.7
181.6,78.0,23.7,180.3,77.5,23.8
176.4,76.1,24.5,175.9,77.0,24.9
179.7,80.1,24.8,177.4,86.5,27.5
180.3,60.3,18.5,179.1,56.9,17.8
182.0,98.5,29.7,180.8,97.5,29.8
173.4,68.8,22.9,172.0,64.9,21.9
176.0,80.6,26.0,174.7,81.3,26.6
187.1,74.5,21.3,184.7,65.1,19.1
167.8,64.8,23.0,167.0,61.6,22.1
161.3,67.8,26.1,160.7,63.8,24.7
181.0,116.8,35.7,178.6,109.2,34.2
172.8,64.3,21.5,170.9,63.8,21.8
174.5,57.1,18.8,172.6,61.0,20.5
170.5,67.6,23.3,168.6,66.1,23.2
179.0,57.4,17.9,177.1,66.6,21.2
177.1,83.5,26.6,175.8,78.2,25.3
171.4,70.9,24.1,169.8,69.0,23.9
166.4,83.4,30.1,166.6,85.6,30.8
167.9,61.5,21.8,167.5,64.8,23.1
180.4,53.6,16.5,178.8,57.7,18.1
177.6,81.0,25.7,176.2,87.3,28.1
175.7,92.8,30.1,173.3,93.8,31.2
177.1,61.2,19.5,175.7,58.3,18.9
179.7,65.5,20.3,177.7,64.7,20.5
165.3,55.7,20.4,164.3,54.2,20.1
165.5,73.6,26.9,165.2,77.8,28.5
165.3,54.6,20.0,164.4,53.7,19.9
180.3,102.3,31.5,178.5,104.2,32.7
176.0,79.8,25.8,174.0,65.7,21.7
169.8,64.4,22.3,169.1,57.5,20.1
170.6,70.0,24.1,170.0,75.5,26.1
175.1,71.0,23.2,174.4,71.6,23.5
177.0,83.0,26.5,175.2,77.2,25.2
173.9,91.1,30.1,172.5,92.4,31.1
184.7,69.1,20.3,183.0,72.2,21.6
179.4,76.8,23.9,178.3,80.0,25.2
177.8,65.8,20.8,176.7,60.5,19.4
176.1,73.9,23.8,174.9,65.8,21.5
178.6,65.7,20.6,176.5,70.8,22.7
172.3,87.9,29.6,171.5,98.4,33.4
178.8,81.7,25.6,176.6,82.4,26.4
178.4,76.4,24.0,177.2,77.0,24.5
167.0,55.9,20.0,165.6,54.2,19.8
180.6,86.5,26.5,178.6,80.6,25.3
178.7,73.6,23.0,177.3,74.6,23.7
169.0,52.3,18.3,167.4,55.0,19.6
177.7,67.7,21.4,176.2,67.3,21.7
175.8,64.4,20.8,174.5,58.7,19.3
180.8,66.0,20.2,179.2,63.4,19.7
170.9,46.4,15.9,168.9,49.4,17.3
178.0,69.7,22.0,176.4,71.0,22.8
169.1,54.5,19.1,167.9,55.3,19.6
179.0,83.9,26.2,177.8,85.9,27.2
163.9,60.9,22.7,162.8,60.0,22.7
170.9,66.5,22.8,170.4,65.5,22.5
163.0,59.2,22.3,161.4,61.7,23.7
173.8,52.9,17.5,170.7,52.9,18.2
168.1,52.6,18.6,165.9,54.4,19.8
178.3,77.4,24.3,177.5,69.7,22.1
165.0,56.3,20.7,163.9,55.3,20.6
171.5,69.9,23.8,171.2,68.3,23.3
171.1,80.4,27.5,170.3,78.5,27.0
166.8,71.7,25.8,166.7,69.6,25.1
171.7,77.2,26.2,171.2,73.1,24.9
172.6,81.2,27.3,171.6,88.7,30.1
185.0,73.8,21.6,184.1,77.8,22.9
172.8,64.3,21.5,170.9,61.4,21.0
172.2,89.6,30.2,171.5,89.3,30.4
165.2,69.0,25.3,165.1,68.6,25.1
170.4,78.6,27.1,168.7,76.6,26.9
172.1,60.7,20.5,170.8,57.7,19.8
178.7,59.6,18.7,177.6,62.5,19.8
180.9,65.2,19.9,179.4,61.7,19.2
181.6,104.2,31.6,179.8,104.4,32.3
183.8,73.6,21.8,183.2,67.8,20.2
183.0,88.2,26.3,180.7,88.9,27.2
163.6,55.9,20.9,161.4,50.3,19.3
181.2,59.0,18.0,179.9,66.0,20.4
171.9,63.5,21.5,170.8,64.1,22.0
168.4,54.9,19.4,166.8,56.5,20.3
174.3,59.4,19.6,173.4,57.4,19.1
188.7,78.0,21.9,186.5,83.2,23.9
167.7,98.9,35.2,165.9,90.5,32.9
177.3,90.2,28.7,175.4,91.3,29.7
185.7,73.9,21.4,184.1,64.6,19.1
165.9,58.8,21.4,165.4,61.1,22.3
179.7,106.4,32.9,178.2,103.6,32.6
170.4,83.5,28.8,169.4,78.5,27.4
179.8,96.1,29.7,177.8,97.6,30.9
172.2,81.9,27.6,170.1,79.4,27.4
177.0,100.1,32.0,176.0,102.1,33.0
173.5,84.3,28.0,172.2,80.1,27.0
183.1,74.2,22.1,180.7,74.4,22.8
165.7,51.9,18.9,165.1,52.3,19.2
177.3,71.6,22.8,175.7,75.5,24.5
177.2,51.6,16.4,175.4,54.6,17.8
175.9,71.4,23.1,173.8,71.7,23.7
182.8,68.2,20.4,182.4,70.1,21.1
170.9,49.8,17.1,167.9,49.1,17.4
168.1,68.9,24.4,168.3,79.2,28.0
176.1,84.1,27.1,174.1,87.9,29.0
181.6,73.5,22.3,180.8,71.6,21.9
166.6,59.8,21.5,165.8,59.3,21.6
176.0,63.1,20.4,173.4,61.4,20.4
180.7,88.9,27.2,178.9,87.1,27.2
176.3,90.0,29.0,175.2,89.0,29.0
175.8,74.7,24.2,175.3,74.1,24.1
172.3,60.0,20.2,171.2,55.9,19.1
177.1,64.8,20.7,175.8,63.9,20.7
174.1,73.1,24.1,172.2,74.8,25.2
183.2,102.5,30.5,181.5,98.0,29.7
171.1,80.3,27.4,169.9,74.7,25.9
183.2,84.4,25.1,181.5,82.1,24.9
172.8,79.1,26.5,172.2,77.2,26.0
182.2,70.2,21.1,180.6,62.2,19.1
173.6,86.6,28.7,172.2,80.2,27.0
173.8,61.8,20.5,172.2,64.5,21.7
174.9,66.5,21.7,172.9,67.5,22.6
186.5,128.8,37.0,184.0,124.8,36.9
182.1,77.5,23.4,180.7,72.2,22.1
167.5,69.3,24.7,166.7,62.5,22.5
175.4,76.2,24.8,174.8,78.2,25.6
171.7,62.2,21.1,169.8,60.8,21.1
180.0,74.8,23.1,177.6,76.5,24.3
179.8,70.9,21.9,178.6,71.5,22.4
176.9,57.6,18.4,174.9,58.1,19.0
169.2,59.5,20.8,168.9,65.4,22.9
172.5,54.7,18.4,171.0,53.1,18.1
178.7,88.1,27.6,176.4,84.6,27.2
172.3,50.3,16.9,169.4,51.1,17.8
183.6,61.8,18.3,181.7,62.1,18.8
172.7,67.1,22.5,172.0,64.5,21.8
186.0,86.5,25.0,183.2,84.8,25.3
168.6,76.3,26.8,167.8,69.9,24.8
180.7,68.2,20.9,179.8,72.7,22.5
173.1,75.5,25.2,173.0,78.8,26.3
163.0,48.7,18.3,161.1,50.7,19.5
171.9,53.7,18.2,169.4,52.8,18.4
168.4,67.8,23.9,167.3,61.1,21.8
170.5,56.6,19.5,168.4,59.8,21.1
165.5,65.7,24.0,165.1,68.8,25.2
171.9,52.9,17.9,169.2,52.7,18.4
175.6,81.9,26.6,174.2,86.7,28.6
172.9,57.0,19.1,171.9,55.7,18.9
163.8,44.6,16.6,162.5,46.6,17.7
177.9,115.1,36.4,176.8,116.8,37.4
171.5,84.7,28.8,169.3,89.7,31.3
182.3,78.3,23.6,181.5,80.2,24.3
172.7,97.5,32.7,172.5,98.0,32.9
175.8,58.3,18.9,174.1,54.6,18.0
171.5,53.0,18.0,170.2,54.9,18.9
178.4,66.4,20.9,177.2,67.1,21.4
176.0,68.4,22.1,174.7,65.0,21.3
182.6,99.9,30.0,179.8,100.6,31.1
174.7,80.7,26.4,173.0,80.3,26.9
174.2,59.8,19.7,172.3,60.8,20.5
174.3,75.0,24.7,172.7,66.6,22.3
174.2,69.4,22.9,172.7,69.8,23.4
176.0,65.5,21.1,174.7,69.0,22.6
173.7,86.2,28.6,172.3,90.0,30.3
176.2,88.2,28.4,174.3,92.0,30.3
170.8,77.3,26.5,169.9,79.6,27.6
171.7,61.2,20.8,170.7,59.9,20.6
183.2,93.4,27.8,180.5,93.6,28.7
180.5,87.3,26.8,178.4,92.4,29.0
159.9,64.4,25.2,159.3,65.9,26.0
177.1,74.1,23.6,175.4,73.1,23.8
175.6,83.3,27.0,175.6,86.9,28.2
176.0,73.0,23.6,174.8,72.1,23.6
158.7,67.0,26.6,159.3,65.9,26.0
187.0,83.8,24.0,184.2,85.7,25.3
181.1,60.2,18.4,180.1,58.8,18.1
175.5,69.9,22.7,174.0,63.7,21.0
172.4,66.9,22.5,171.3,66.2,22.6
173.5,95.9,31.9,172.2,87.2,29.4
169.5,57.6,20.0,167.3,55.5,19.8
182.3,65.8,19.8,180.5,64.8,19.9
182.8,54.4,16.3,180.3,60.3,18.5
185.7,85.0,24.6,183.1,83.2,24.8
178.9,76.6,23.9,178.3,70.0,22.0
177.7,57.2,18.1,176.3,54.1,17.4
178.6,60.1,18.8,177.2,60.1,19.2
170.3,65.2,22.5,169.3,61.7,21.5
177.1,61.7,19.7,175.8,65.1,21.1
174.3,69.7,22.9,173.4,68.9,22.9
181.6,73.7,22.3,180.8,75.6,23.1
164.2,81.1,30.1,164.1,72.9,27.1
173.3,58.5,19.5,171.4,58.2,19.8
173.4,69.8,23.2,171.0,63.9,21.9
172.7,87.1,29.2,171.8,85.2,28.9
179.6,58.2,18.0,177.8,61.4,19.4
173.4,63.6,21.2,172.4,66.4,22.3
167.9,80.1,28.4,167.2,76.7,27.4
185.3,85.9,25.0,183.8,93.1,27.5
175.4,64.7,21.0,174.0,62.1,20.5
181.1,60.5,18.4,178.9,56.9,17.8
175.3,74.8,24.3,174.5,75.8,24.9
166.0,80.3,29.1,165.2,75.3,27.6
183.2,115.9,34.5,181.3,108.6,33.1
164.7,48.3,17.8,163.5,51.6,19.3
172.8,83.9,28.1,171.2,83.9,28.6
165.3,77.8,28.5,166.2,71.0,25.7
173.7,90.8,30.1,172.8,84.7,28.4
172.9,103.2,34.5,171.5,104.5,35.5
178.4,64.3,20.2,177.5,67.8,21.5
183.0,98.6,29.4,181.2,103.3,31.4
167.1,65.2,23.4,165.1,63.9,23.5
174.6,68.8,22.6,173.2,60.7,20.3
175.6,74.6,24.2,174.6,69.0,22.6
181.6,71.6,21.7,179.6,65.1,20.2
179.6,74.5,23.1,178.1,73.5,23.2
165.8,62.9,22.9,164.9,61.4,22.6
169.9,91.7,31.8,169.5,98.5,34.3
161.9,72.6,27.7,160.1,69.2,27.0
178.9,80.6,25.2,177.1,74.8,23.8
173.6,66.7,22.1,171.9,69.8,23.6
172.3,71.9,24.2,171.6,73.8,25.0
169.0,94.8,33.2,167.9,92.2,32.7
175.8,60.5,19.6,173.8,63.0,20.9
175.3,78.5,25.5,173.5,82.0,27.2
176.9,67.9,21.7,176.3,73.8,23.8
166.9,77.7,27.9,167.0,80.8,29.0
171.3,65.4,22.3,169.8,58.5,20.3
168.3,80.4,28.4,167.3,74.3,26.5
172.7,79.1,26.5,170.5,74.8,25.7
175.7,84.4,27.3,174.5,83.9,27.5
177.2,66.7,21.2,175.2,62.4,20.3
169.9,62.9,21.8,168.7,62.6,22.0
173.9,69.7,23.0,173.0,72.6,24.3
170.0,63.4,21.9,169.7,69.7,24.2
167.8,95.1,33.8,167.2,82.7,29.6
170.4,69.7,24.0,170.2,70.6,24.4
169.3,57.5,20.1,167.6,62.1,22.1
182.9,74.4,22.2,181.6,69.5,21.1
167.7,59.0,21.0,166.5,64.0,23.1
177.3,87.8,27.9,175.2,90.3,29.4
172.5,59.0,19.8,170.4,55.9,19.3
174.1,81.2,26.8,172.8,85.3,28.6
172.4,67.1,22.6,171.7,68.8,23.4
182.4,78.0,23.4,180.4,79.6,24.5
170.1,66.9,23.1,169.3,72.5,25.3
178.9,102.3,32.0,177.0,104.9,33.5
178.5,61.5,19.3,177.9,63.2,20.0
172.9,89.4,29.9,172.2,83.9,28.3
185.2,93.0,27.1,183.9,84.4,24.9
175.2,54.6,17.8,173.5,58.4,19.4
184.6,65.5,19.2,182.3,71.1,21.4
181.0,64.9,19.8,180.2,62.4,19.2
168.6,63.0,22.2,168.6,64.4,22.6
172.7,67.2,22.5,172.4,69.6,23.4
180.1,61.2,18.9,177.7,58.0,18.4
169.3,78.9,27.5,167.9,83.1,29.5
183.4,59.6,17.7,181.8,61.1,18.5
169.6,69.8,24.3,169.5,72.1,25.1
176.2,63.4,20.4,175.1,65.1,21.2
171.2,83.3,28.4,170.4,91.8,31.6
176.2,70.6,22.7,175.4,66.9,21.8
173.1,73.9,24.7,171.8,74.0,25.1
179.1,72.6,22.6,177.6,66.7,21.1
171.5,74.7,25.4,169.6,74.3,25.8
172.3,58.2,19.6,170.9,60.8,20.8
177.0,52.3,16.7,175.3,57.3,18.7
178.0,64.4,20.3,176.9,64.4,20.6
175.9,64.1,20.7,174.0,67.8,22.4
177.6,61.7,19.6,176.5,60.1,19.3
172.4,77.8,26.2,171.1,76.8,26.2
177.6,60.8,19.3,175.4,58.2,18.9
169.4,61.6,21.5,168.0,63.8,22.6
175.1,92.5,30.2,174.3,105.7,34.8
182.2,82.1,24.7,180.4,75.7,23.3
171.6,73.4,24.9,170.1,82.2,28.4
169.3,56.6,19.7,168.3,63.1,22.3
179.8,73.9,22.9,178.1,70.3,22.2
170.3,64.1,22.1,168.2,60.6,21.4
175.0,83.0,27.1,173.1,89.4,29.8
175.0,72.6,23.7,172.8,78.1,26.1
171.0,60.5,20.7,169.6,65.2,22.7
176.5,72.6,23.3,175.8,76.0,24.6
174.9,58.9,19.3,173.3,58.5,19.5
168.4,71.6,25.2,167.6,71.0,25.3
179.5,76.3,23.7,177.1,76.2,24.3
176.9,62.2,19.9,176.2,64.5,20.8
169.9,63.8,22.1,168.9,60.5,21.2
171.9,55.9,18.9,170.5,54.5,18.8
177.2,61.8,19.7,174.8,59.5,19.5
165.3,77.6,28.4,164.6,80.4,29.7
166.7,60.3,21.7,165.0,57.0,20.9
181.0,74.8,22.8,178.8,77.0,24.1
174.1,80.6,26.6,172.1,84.1,28.4
167.6,68.9,24.5,166.8,65.1,23.4
160.1,57.4,22.4,160.3,52.9,20.6
176.1,70.3,22.7,174.7,74.1,24.3
171.4,65.2,22.2,170.7,65.9,22.6
171.3,75.2,25.6,169.2,71.2,24.9
169.1,68.9,24.1,168.1,72.0,25.5
175.5,54.9,17.8,173.7,56.6,18.8
173.7,67.9,22.5,171.7,60.1,20.4
173.8,57.2,18.9,172.5,58.5,19.7
184.3,58.4,17.2,183.6,63.9,19.0
166.2,61.3,22.2,165.0,58.4,21.4
177.9,62.7,19.8,177.1,63.2,20.2
184.4,83.8,24.6,182.8,79.4,23.8
182.0,72.4,21.9,179.7,67.6,21.0
184.9,59.0,17.3,182.2,97.4,29.3
185.2,75.0,21.9,184.1,73.4,21.7
180.3,77.9,24.0,178.4,75.1,23.6
179.5,57.6,17.9,178.1,60.3,19.0
181.8,87.6,26.5,179.9,83.2,25.7
177.0,85.0,27.1,176.0,88.1,28.4
176.4,60.0,19.3,175.0,60.9,19.9
176.3,60.9,19.6,174.7,59.1,19.4
163.5,80.6,30.2,163.6,77.6,29.0
168.1,67.9,24.0,166.0,62.9,22.8
187.6,61.6,17.5,184.9,65.3,19.1
170.5,62.5,21.5,168.6,59.9,21.1
172.3,60.7,20.4,170.1,57.5,19.9
194.0,82.4,21.9,191.5,87.6,23.9
177.8,101.7,32.2,176.0,106.8,34.5
178.9,90.5,28.3,177.6,88.4,28.0
173.1,64.6,21.6,172.8,72.5,24.3
175.2,70.8,23.1,173.8,79.4,26.3
168.1,58.9,20.8,166.4,56.3,20.3
173.7,89.1,29.5,172.9,86.3,28.9
162.1,47.6,18.1,160.5,50.2,19.5
167.2,66.6,23.8,166.4,69.0,24.9
179.2,79.1,24.6,178.3,75.9,23.9
170.8,69.6,23.9,169.6,68.2,23.7
174.8,94.2,30.8,172.5,91.0,30.6
171.3,73.7,25.1,169.8,75.6,26.2
181.2,77.9,23.7,178.7,80.1,25.1
178.8,64.2,20.1,178.2,71.4,22.5
180.4,75.0,23.0,179.3,75.2,23.4
174.7,78.4,25.7,172.7,82.5,27.7
177.1,69.1,22.0,175.8,66.9,21.7
179.5,66.2,20.5,178.1,61.8,19.5
173.8,78.0,25.8,172.4,72.0,24.2
182.6,85.9,25.8,180.9,89.8,27.4
168.9,76.8,26.9,169.1,78.9,27.6
180.2,85.6,26.4,178.1,68.7,21.7
174.4,56.9,18.7,172.1,55.6,18.8
183.1,79.5,23.7,181.3,80.5,24.5
171.7,72.8,24.7,171.1,68.7,23.5
171.4,78.5,26.7,170.8,82.9,28.4
169.6,68.4,23.8,168.0,63.9,22.7
173.3,62.9,20.9,171.1,63.4,21.7
175.2,69.9,22.8,174.2,67.7,22.3
175.7,60.5,19.6,173.3,67.1,22.3
167.9,63.5,22.5,167.5,68.4,24.4
176.1,51.4,16.6,175.0,56.5,18.5
170.8,62.8,21.5,168.6,56.2,19.8
176.4,83.6,26.9,175.7,82.2,26.6
168.1,56.0,19.8,168.0,56.6,20.0
171.3,58.6,20.0,169.3,55.9,19.5
179.5,115.3,35.8,177.8,104.4,33.0
182.2,87.3,26.3,180.8,81.2,24.8
167.7,72.0,25.6,166.9,71.4,25.6
176.9,55.1,17.6,175.4,53.3,17.3
176.0,70.6,22.8,175.4,65.0,21.1
181.9,64.1,19.4,180.3,63.3,19.5
178.2,70.4,22.2,177.1,70.3,22.4
167.8,61.2,21.7,166.7,57.0,20.5
166.2,49.1,17.8,164.7,52.3,19.3
169.6,89.8,31.2,169.1,96.0,33.6
171.2,73.8,25.2,170.1,73.2,25.3
175.7,56.5,18.3,174.2,54.5,17.9
175.2,75.6,24.6,174.3,72.2,23.8
172.4,88.1,29.6,171.4,82.8,28.2
171.8,69.7,23.6,170.1,81.1,28.0
183.4,104.5,31.1,181.8,103.9,31.5
166.2,73.8,26.7,165.9,74.5,27.1
166.9,51.8,18.6,165.5,63.2,23.0
169.0,59.3,20.8,167.2,62.8,22.5
172.4,50.6,17.0,171.1,53.2,18.2
172.8,60.2,20.2,172.0,62.0,21.0
182.6,73.5,22.0,181.3,76.2,23.2
179.2,69.1,21.5,178.6,67.1,21.0
175.0,72.5,23.7,173.9,78.2,25.8
171.8,65.3,22.1,170.0,64.5,22.3
171.7,58.8,19.9,171.0,58.4,20.0
172.6,53.7,18.0,170.2,55.7,19.2
167.9,90.8,32.2,167.4,85.6,30.5
178.0,76.3,24.1,177.2,74.3,23.6
188.4,88.9,25.0,185.4,90.8,26.4
170.5,57.9,19.9,169.1,51.6,18.0
171.5,48.4,16.5,169.9,51.1,17.7
173.5,75.8,25.2,171.6,81.8,27.8
168.4,52.9,18.7,167.6,54.8,19.5
174.8,75.1,24.6,173.7,69.5,23.0
188.5,96.7,27.2,185.8,101.7,29.5
178.0,54.5,17.2,176.9,57.9,18.5
175.0,69.0,22.5,173.7,65.4,21.7
173.0,68.9,23.0,171.9,65.7,22.2
182.8,91.4,27.4,180.7,89.8,27.5
177.7,79.9,25.3,175.8,73.2,23.7
186.8,103.3,29.6,184.6,101.7,29.9
172.1,63.0,21.3,170.9,65.6,22.5
179.1,56.4,17.6,178.6,61.9,19.4
179.0,99.4,31.0,177.5,95.2,30.2
164.2,52.9,19.6,162.2,60.8,23.1
173.5,78.4,26.0,171.9,78.5,26.6
172.5,66.7,22.4,171.0,69.4,23.7
171.6,63.5,21.6,171.4,64.3,21.9
178.5,83.8,26.3,177.2,86.0,27.4
171.8,86.8,29.4,171.2,87.7,29.9
169.8,58.9,20.4,168.8,61.2,21.5
171.0,69.0,23.6,168.8,70.7,24.8
181.5,107.5,32.6,179.2,105.9,33.0
165.4,65.6,24.0,164.1,66.3,24.6
171.8,79.3,26.9,171.4,85.6,29.1
177.9,79.7,25.2,175.9,82.3,26.6
170.2,69.1,23.9,169.4,73.6,25.6
179.5,83.3,25.9,177.1,84.7,27.0
168.6,79.4,27.9,167.6,74.7,26.6
181.6,72.0,21.8,180.4,62.0,19.0
179.6,57.5,17.8,178.5,66.3,20.8
177.6,103.1,32.7,175.6,106.4,34.5
177.0,67.8,21.6,175.2,73.3,23.9
181.8,110.4,33.4,180.5,83.0,25.5
181.7,78.5,23.8,178.9,79.8,25.0
183.8,69.2,20.5,181.4,68.3,20.7
171.2,64.3,21.9,170.7,60.8,20.9
180.4,88.9,27.3,179.0,87.2,27.2
172.6,86.1,28.9,171.5,85.1,28.9
167.5,81.6,29.1,166.6,89.7,32.3
174.7,66.6,21.8,173.2,75.2,25.1
173.8,50.2,16.6,171.0,51.9,17.7
173.4,76.9,25.6,171.7,76.1,25.8
167.7,50.1,17.8,166.4,53.3,19.3
170.5,77.4,26.6,170.1,75.6,26.1
171.7,92.7,31.4,170.8,90.5,31.0
172.4,65.2,21.9,171.8,60.8,20.6
185.4,79.3,23.1,182.9,81.3,24.3
181.1,82.3,25.1,179.9,82.3,25.4
179.0,66.5,20.8,177.7,67.4,21.3
163.8,72.1,26.9,164.0,71.9,26.7
174.5,75.8,24.9,173.8,75.0,24.8
172.4,95.9,32.3,172.9,101.3,33.9
177.3,96.7,30.8,174.9,101.5,33.2
171.5,70.1,23.8,170.1,64.3,22.2
178.3,101.8,32.0,176.1,93.3,30.1
174.0,72.1,23.8,172.0,69.6,23.5
180.8,101.0,30.9,179.2,101.1,31.5
191.1,80.7,22.1,187.9,80.4,22.8
174.1,73.5,24.2,172.5,77.7,26.1
173.6,68.7,22.8,172.3,65.1,21.9
171.1,52.0,17.8,168.7,53.3,18.7
177.3,90.7,28.9,175.5,80.3,26.1
180.4,85.1,26.1,178.8,74.9,23.4
173.9,59.0,19.5,172.1,59.1,19.9
174.3,60.7,20.0,171.8,65.0,22.0
170.2,65.0,22.4,168.7,72.6,25.5
182.5,105.7,31.7,181.7,91.5,27.7
170.8,67.7,23.2,169.5,63.7,22.2
168.4,59.0,20.8,167.9,59.2,21.0
174.9,71.8,23.5,174.4,72.3,23.8
183.8,84.5,25.0,182.1,83.2,25.1
175.8,60.2,19.5,175.9,58.3,18.8
171.1,92.4,31.6,170.6,100.8,34.6
175.3,71.7,23.3,175.3,72.4,23.6
179.0,67.9,21.2,177.5,64.4,20.4
170.4,54.2,18.7,167.8,51.3,18.2
180.7,86.2,26.4,178.5,83.3,26.2
180.1,71.4,22.0,178.7,71.4,22.4
169.5,61.9,21.5,167.8,62.2,22.1
173.9,59.9,19.8,173.1,69.8,23.3
169.8,78.5,27.2,169.4,82.5,28.7
169.9,93.1,32.3,168.3,83.9,29.6
174.7,75.1,24.6,174.1,80.3,26.5
177.7,52.4,16.6,176.6,52.8,16.9
172.7,74.5,25.0,172.1,72.4,24.4
165.4,44.8,16.4,163.0,46.6,17.5
171.0,58.1,19.9,169.4,58.7,20.4
177.9,78.6,24.8,176.7,81.7,26.2
173.7,70.6,23.4,172.9,70.2,23.5
172.8,84.8,28.4,172.2,87.5,29.5
171.6,68.2,23.2,169.3,61.8,21.6
177.2,59.1,18.8,175.7,60.5,19.6
168.3,64.5,22.8,167.5,62.9,22.4
178.4,67.8,21.3,177.6,67.0,21.2
168.8,70.1,24.6,167.7,80.3,28.6
167.2,61.6,22.0,167.1,60.0,21.5
175.1,56.0,18.3,173.4,60.9,20.3
177.3,78.5,25.0,176.0,73.8,23.8
185.3,91.9,26.8,183.1,97.8,29.2
169.5,67.2,23.4,169.3,64.2,22.4
169.6,114.2,39.7,171.8,111.6,37.8
181.4,95.2,28.9,179.8,99.6,30.8
170.7,93.9,32.2,169.7,84.1,29.2
178.3,76.1,23.9,176.7,71.9,23.0
177.1,76.2,24.3,175.9,78.7,25.4
174.1,65.9,21.7,171.9,63.2,21.4
170.3,57.8,19.9,169.0,56.8,19.9
170.5,61.2,21.1,169.5,61.7,21.5
175.0,65.6,21.4,173.8,64.7,21.4
174.6,62.5,20.5,173.1,65.3,21.8
175.1,76.0,24.8,173.6,78.1,25.9
173.8,56.0,18.5,172.0,63.0,21.3
171.4,65.1,22.2,170.7,58.4,20.0
177.4,106.3,33.8,174.9,103.1,33.7
174.8,60.8,19.9,172.3,55.8,18.8
176.7,78.0,25.0,176.0,84.3,27.2
174.0,84.0,27.7,172.0,79.8,27.0
173.6,114.0,37.8,173.7,113.2,37.5
171.2,79.1,27.0,169.7,76.3,26.5
176.0,83.1,26.8,173.8,81.0,26.8
175.8,62.7,20.3,173.6,62.7,20.8
177.3,65.3,20.8,175.7,59.5,19.3
183.7,99.8,29.6,180.8,97.0,29.7
180.4,86.4,26.5,179.0,85.0,26.5
175.6,58.6,19.0,175.4,57.1,18.6
171.6,80.8,27.4,170.1,80.7,27.9
178.2,60.6,19.1,176.9,59.3,18.9
176.2,94.9,30.6,174.1,92.9,30.7
177.9,108.2,34.2,176.4,101.6,32.6
176.1,63.8,20.6,174.2,70.2,23.1
178.7,69.0,21.6,177.5,70.2,22.3
178.8,61.8,19.3,177.8,62.6,19.8
179.4,65.9,20.5,177.0,58.3,18.6
176.9,69.1,22.1,174.7,70.9,23.2
172.7,59.4,19.9,171.5,59.2,20.1
166.4,55.7,20.1,164.4,53.2,19.7
169.7,66.9,23.2,168.6,65.8,23.2
173.2,66.6,22.2,172.4,67.6,22.7
171.6,65.0,22.1,171.0,66.9,22.9
176.8,77.3,24.7,175.4,73.9,24.0
170.1,68.3,23.6,168.8,74.5,26.1
179.6,58.0,18.0,178.0,57.5,18.1
171.5,66.2,22.5,171.3,63.5,21.6
182.2,66.4,20.0,181.1,65.3,19.9
169.8,75.8,26.3,168.5,73.6,25.9
172.2,67.4,22.7,171.0,63.5,21.7
174.7,69.4,22.7,173.2,67.7,22.6
178.7,68.2,21.4,177.9,70.1,22.2
174.2,85.2,28.1,172.8,94.3,31.6
170.7,58.5,20.1,170.1,55.9,19.3
179.1,70.4,21.9,177.3,69.6,22.1
176.0,78.0,25.2,174.9,74.0,24.2
189.3,90.5,25.3,186.9,85.9,24.6
170.8,54.3,18.6,168.6,56.4,19.8
171.7,64.9,22.0,170.9,61.9,21.2
189.4,69.9,19.5,187.9,69.2,19.6
173.1,91.3,30.5,171.5,93.1,31.7
183.3,94.4,28.1,180.9,85.9,26.2
170.1,67.3,23.3,168.9,63.3,22.2
170.8,71.9,24.6,170.6,65.2,22.4
172.3,101.2,34.1,171.3,100.7,34.3
175.6,74.7,24.2,173.3,70.9,23.6
173.3,78.8,26.2,171.7,83.2,28.2
175.7,67.2,21.8,173.8,61.2,20.3
165.1,54.8,20.1,163.6,57.7,21.5
163.3,76.5,28.7,162.9,78.3,29.5
180.9,68.4,20.9,179.3,67.3,20.9
163.7,55.7,20.8,162.8,54.4,20.5
175.6,69.7,22.6,173.7,66.0,21.9
165.2,50.5,18.5,163.2,52.0,19.5
167.6,60.7,21.6,167.5,62.0,22.1
178.2,75.0,23.6,175.8,69.1,22.4
173.0,64.3,21.5,170.6,56.7,19.5
169.4,89.5,31.2,168.1,83.8,29.7
173.1,51.6,17.2,171.5,55.1,18.8
177.5,82.8,26.3,175.4,80.8,26.3
177.8,64.2,20.3,175.6,66.1,21.4
179.9,77.8,24.0,177.3,77.1,24.5
172.4,71.0,23.9,170.6,74.1,25.5
183.2,81.2,24.2,181.9,80.9,24.4
170.3,58.1,20.0,169.0,58.4,20.4
173.8,52.6,17.4,171.2,53.9,18.4
175.6,99.6,32.3,174.9,107.1,35.0
184.1,114.9,33.9,182.2,104.0,31.3
175.5,76.7,24.9,173.3,78.9,26.3
180.8,88.5,27.1,179.6,92.3,28.6
177.7,85.7,27.1,175.3,90.7,29.5
171.4,64.7,22.0,170.3,64.9,22.4
175.1,54.0,17.6,174.1,54.9,18.1
169.7,69.2,24.0,169.2,74.3,25.9
171.7,63.4,21.5,170.9,64.1,21.9
181.0,87.9,26.8,179.1,81.5,25.4
184.3,96.2,28.3,181.4,99.3,30.2
178.2,71.6,22.5,177.6,65.9,20.9
176.6,50.7,16.3,174.2,51.3,16.9
175.0,71.8,23.4,174.3,76.7,25.3
171.6,76.8,26.1,170.0,78.3,27.1
174.9,74.4,24.3,174.2,77.0,25.4
180.1,89.4,27.6,178.8,86.6,27.1
178.0,57.0,18.0,176.1,61.6,19.9
166.0,105.7,38.4,165.4,97.5,35.7
180.7,58.7,18.0,179.4,59.5,18.5
168.4,61.6,21.7,167.3,61.4,21.9
163.4,55.5,20.8,161.5,53.3,20.4
181.4,58.5,17.8,178.8,57.7,18.0
180.1,79.0,24.4,177.9,79.9,25.3
176.4,67.5,21.7,175.6,64.2,20.8
171.6,60.0,20.4,170.9,58.4,20.0
174.2,91.5,30.2,172.2,84.1,28.3
173.6,60.7,20.1,172.1,56.0,18.9
171.4,76.9,26.2,169.7,74.4,25.8
181.1,78.7,24.0,180.5,87.7,26.9
178.9,68.3,21.3,178.1,67.4,21.2
183.3,73.3,21.8,181.6,73.1,22.1
175.3,59.5,19.4,174.1,59.7,19.7
181.2,66.2,20.2,179.1,63.9,19.9
173.8,63.4,21.0,172.7,60.5,20.3
173.5,74.2,24.6,172.1,76.2,25.7
176.5,79.6,25.6,175.7,75.3,24.4
172.5,75.4,25.3,171.5,70.9,24.1
173.7,65.3,21.6,172.4,72.3,24.3
182.6,59.5,17.8,179.9,57.9,17.9
169.1,70.4,24.6,168.1,72.0,25.5
172.6,94.3,31.7,171.2,99.5,34.0
169.0,56.7,19.9,167.8,55.4,19.7
171.2,59.6,20.3,170.8,56.7,19.4
168.1,52.4,18.5,166.2,52.0,18.8
174.9,81.9,26.8,173.1,79.5,26.6
164.1,76.9,28.6,164.3,80.1,29.7
179.1,78.1,24.3,177.7,77.5,24.5
173.2,58.5,19.5,172.2,63.7,21.5
171.2,59.9,20.4,169.7,64.4,22.3
173.6,74.6,24.8,173.2,74.1,24.7
178.5,105.2,33.0,177.0,103.9,33.2
177.3,60.8,19.3,175.8,66.5,21.5
174.2,57.6,19.0,172.8,58.9,19.7
175.8,87.4,28.3,173.5,83.6,27.8
180.6,90.0,27.6,178.8,80.8,25.3
189.3,94.0,26.2,186.2,93.3,26.9
177.9,79.9,25.2,176.1,77.8,25.1
183.7,64.3,19.1,182.1,69.6,21.0
170.1,66.8,23.1,168.3,63.6,22.4
175.9,65.0,21.0,174.4,72.1,23.7
169.5,68.6,23.9,168.5,66.7,23.5
171.5,88.5,30.1,170.6,86.6,29.7
183.1,68.6,20.5,181.1,66.7,20.3
180.4,66.1,20.3,179.5,70.9,22.0
174.8,94.6,31.0,173.5,100.7,33.4
175.1,59.2,19.3,174.1,61.9,20.4
178.5,58.2,18.3,178.5,70.7,22.2
177.7,64.7,20.5,175.6,62.7,20.3
175.7,61.4,19.9,174.1,58.2,19.2
179.1,82.9,25.8,178.3,83.8,26.4
179.0,71.1,22.2,176.9,71.6,22.9
179.5,81.3,25.2,177.8,80.3,25.4
181.7,63.7,19.3,179.1,64.1,20.0
181.3,70.6,21.5,179.6,74.0,22.9
175.7,58.2,18.9,173.2,57.2,19.1
169.8,64.8,22.5,169.0,62.6,21.9
179.8,83.8,25.9,177.7,85.6,27.1
176.0,87.3,28.2,175.1,88.3,28.8
178.6,80.5,25.2,177.4,73.3,23.3
177.3,75.0,23.9,176.7,71.3,22.8
169.0,77.4,27.1,168.1,74.3,26.3
162.0,63.0,24.0,162.3,63.8,24.2
171.1,87.0,29.7,170.3,89.0,30.7
173.9,95.6,31.6,172.5,98.5,33.1
169.3,75.8,26.4,167.8,69.5,24.7
172.5,82.8,27.8,171.8,85.8,29.0
178.8,69.7,21.8,178.8,72.6,22.7
172.3,58.8,19.8,170.1,58.8,20.3
184.0,60.6,17.9,181.2,59.0,18.0
178.6,65.7,20.6,176.4,65.6,21.1
170.7,62.3,21.4,170.1,62.1,21.5
178.9,69.6,21.7,177.9,68.2,21.5
175.8,56.7,18.3,174.3,65.8,21.7
172.2,85.5,28.8,171.9,92.7,31.4
176.8,88.5,28.3,176.3,89.6,28.9
168.8,91.6,32.1,168.3,100.9,35.6
171.0,72.2,24.7,171.4,68.7,23.4
164.3,65.2,24.2,163.5,68.1,25.5
182.5,94.5,28.4,181.6,102.7,31.1
183.7,78.0,23.1,181.5,76.8,23.3
182.3,55.3,16.6,179.8,56.7,17.5
178.1,68.7,21.7,175.9,70.0,22.6
171.1,68.3,23.3,170.2,64.0,22.1
170.2,63.1,21.8,169.9,61.1,21.2
179.6,78.0,24.2,178.4,81.4,25.6
174.2,73.0,24.1,172.4,75.3,25.3
171.4,54.5,18.6,170.2,55.8,19.3
180.0,117.1,36.1,178.4,116.2,36.5
171.6,80.5,27.3,170.5,82.4,28.4
179.3,68.5,21.3,177.5,65.1,20.7
185.6,94.6,27.5,183.4,85.4,25.4
179.7,70.9,22.0,178.4,80.1,25.2
171.4,67.8,23.1,170.5,69.6,23.9
187.9,79.7,22.6,186.2,77.5,22.4
176.8,66.7,21.3,175.7,68.3,22.1
172.6,74.4,25.0,172.1,76.5,25.8
186.8,56.9,16.3,184.2,58.8,17.3
178.6,89.7,28.1,177.4,90.6,28.8
171.8,52.6,17.8,169.6,56.1,19.5
170.3,89.2,30.8,169.9,86.0,29.8
179.9,81.1,25.1,178.0,79.3,25.0
172.9,58.4,19.5,170.4,56.4,19.4
182.0,84.6,25.5,179.8,85.6,26.5
175.3,53.3,17.3,173.5,56.5,18.8
176.9,66.5,21.3,176.2,63.5,20.4
187.6,74.8,21.3,185.6,70.0,20.3
174.3,75.2,24.8,173.3,77.7,25.9
171.8,74.9,25.4,169.9,73.6,25.5
179.2,83.5,26.0,177.8,85.2,27.0
172.3,84.9,28.6,171.3,86.4,29.4
181.7,84.8,25.7,180.4,86.9,26.7
174.6,83.5,27.4,172.6,84.2,28.3
171.7,66.5,22.6,170.1,62.6,21.6
180.4,55.1,16.9,178.6,59.6,18.7
169.5,84.7,29.5,169.1,83.6,29.2
172.1,55.7,18.8,169.6,55.7,19.4
179.7,96.4,29.9,177.6,94.0,29.8
173.7,85.0,28.2,172.9,89.6,30.0
168.8,80.2,28.1,169.0,75.8,26.5
181.9,98.8,29.9,180.5,96.8,29.7
175.7,79.9,25.9,174.5,79.1,26.0
177.3,94.2,30.0,176.4,90.1,29.0
172.5,66.3,22.3,171.4,62.4,21.2
170.2,57.8,20.0,168.3,57.2,20.2
175.7,83.4,27.0,173.8,90.4,29.9
180.3,100.1,30.8,178.2,96.7,30.5
174.9,72.6,23.7,173.2,76.8,25.6
167.7,53.2,18.9,166.8,56.3,20.2
174.0,73.7,24.3,172.8,73.4,24.6
166.0,68.7,24.9,166.4,71.0,25.6
177.9,52.5,16.6,177.1,56.6,18.0
184.0,68.0,20.1,182.9,63.8,19.1
159.3,46.2,18.2,159.0,48.5,19.2
170.8,59.1,20.3,169.4,61.5,21.4
178.6,73.9,23.2,176.4,59.1,19.0
168.5,62.4,22.0,166.9,61.3,22.0
171.3,68.2,23.2,170.1,62.4,21.6
162.4,65.6,24.9,163.0,59.8,22.5
166.8,49.2,17.7,165.3,49.8,18.2
179.0,57.7,18.0,178.3,52.7,16.6
175.6,73.1,23.7,174.2,73.6,24.3
165.0,53.2,19.5,164.6,53.7,19.8
171.8,73.0,24.7,171.0,75.0,25.6
169.0,70.8,24.8,168.9,72.8,25.5
176.7,94.4,30.2,175.2,92.9,30.3
179.1,74.6,23.3,177.8,70.6,22.4
171.4,68.8,23.4,170.0,76.7,26.5
173.4,63.7,21.2,171.2,57.1,19.5
175.9,88.3,28.5,174.8,85.3,27.9
166.5,72.9,26.3,166.6,77.0,27.7
169.3,57.6,20.1,167.6,57.4,20.4
177.6,79.9,25.3,175.8,83.2,26.9
177.7,104.7,33.2,175.5,103.8,33.7
177.1,81.8,26.1,175.0,85.4,27.9
177.6,76.0,24.1,176.5,71.5,22.9
182.8,67.0,20.1,180.8,63.9,19.5
176.7,82.1,26.3,175.8,74.0,23.9
175.8,70.8,22.9,173.7,72.0,23.9
171.0,76.1,26.0,169.5,77.6,27.0
162.0,84.5,32.2,162.6,84.5,32.0
178.4,115.5,36.3,175.7,107.6,34.9
178.3,79.0,24.8,177.0,70.0,22.3
174.2,61.3,20.2,173.1,65.0,21.7
174.5,75.1,24.7,173.5,76.7,25.5
175.6,62.8,20.4,174.8,63.0,20.6
174.0,84.4,27.9,172.0,82.9,28.0
172.1,68.6,23.2,171.7,66.1,22.4
161.3,57.4,22.1,160.2,50.7,19.7
169.5,70.7,24.6,168.1,75.9,26.8
179.8,76.8,23.8,178.1,68.4,21.6
187.7,91.5,26.0,184.9,83.1,24.3
183.4,98.2,29.2,181.7,104.0,31.5
172.7,66.5,22.3,171.2,61.2,20.9
183.1,92.7,27.7,180.9,96.4,29.5
176.1,57.0,18.4,174.4,54.3,17.9
180.3,69.4,21.3,179.1,68.9,21.5
180.9,66.1,20.2,179.9,62.1,19.2
173.5,97.4,32.4,172.2,99.2,33.5
180.5,78.6,24.1,177.9,71.1,22.5
173.9,99.2,32.8,173.2,106.1,35.3
175.3,72.7,23.7,174.4,69.5,22.8
174.0,71.1,23.5,172.9,61.9,20.7
177.6,73.3,23.2,176.1,64.9,20.9
180.2,66.0,20.3,178.6,65.3,20.5
170.3,83.6,28.8,168.9,82.2,28.8
182.2,92.0,27.7,179.7,93.4,28.9
175.8,85.0,27.5,173.8,82.6,27.3
173.3,88.9,29.6,172.0,89.6,30.3
189.1,75.5,21.1,187.1,69.7,19.9
178.9,69.7,21.8,177.2,74.4,23.7
169.5,57.2,19.9,169.0,56.9,19.9
176.9,76.7,24.5,175.2,71.5,23.3
168.3,67.4,23.8,168.0,69.7,24.7
175.3,68.2,22.2,174.8,71.1,23.3
186.7,95.8,27.5,185.0,91.5,26.7
166.7,50.1,18.0,165.3,53.6,19.6
166.4,75.3,27.2,166.9,71.7,25.7
178.3,98.5,31.0,177.3,106.8,34.0
173.6,64.0,21.2,173.1,66.4,22.2
173.5,69.9,23.2,172.9,74.4,24.9
176.5,71.5,23.0,174.4,75.2,24.7
178.9,63.9,20.0,178.7,61.7,19.3
179.5,77.5,24.1,178.9,78.4,24.5
168.9,52.8,18.5,166.8,52.7,18.9
186.9,76.1,21.8,185.1,69.6,20.3
172.0,58.1,19.6,170.3,56.2,19.4
177.8,67.4,21.3,176.9,74.1,23.7
180.4,64.5,19.8,179.5,66.0,20.5
168.1,49.9,17.7,166.4,50.4,18.2
172.6,57.8,19.4,170.3,57.5,19.8
178.5,79.1,24.8,177.1,77.9,24.8
171.6,55.7,18.9,169.9,59.4,20.6
179.5,102.2,31.7,177.4,108.8,34.6
180.1,71.0,21.9,179.3,71.8,22.3
178.2,113.3,35.7,177.2,106.3,33.8
171.8,55.4,18.8,169.1,54.3,19.0
172.0,76.0,25.7,171.2,83.0,28.3
176.5,83.2,26.7,176.3,79.5,25.6
180.6,71.5,21.9,179.4,73.7,22.9
173.4,75.7,25.2,172.1,80.4,27.2
179.0,83.5,26.1,177.6,80.6,25.5
166.6,64.5,23.2,166.6,69.0,24.9
168.2,68.3,24.1,167.4,66.6,23.8
172.8,64.4,21.6,172.3,65.8,22.2
170.2,66.8,23.1,168.6,62.5,22.0
167.4,51.8,18.5,166.5,53.6,19.3
180.4,58.3,17.9,179.1,58.0,18.1
171.1,59.3,20.3,170.0,59.1,20.4
167.9,51.7,18.3,166.0,53.7,19.5
179.8,77.3,23.9,177.7,74.6,23.6
175.3,50.7,16.5,173.2,53.6,17.9
180.2,70.7,21.8,178.6,68.6,21.5
180.4,84.7,26.0,179.6,80.4,24.9
170.1,49.8,17.2,168.7,49.0,17.2
167.8,86.2,30.6,167.5,80.1,28.6
175.6,63.6,20.6,173.6,62.8,20.8
182.6,72.4,21.7,180.9,74.0,22.6
172.5,59.9,20.1,170.5,57.3,19.7
174.9,116.0,37.9,174.5,112.8,37.1
182.5,80.0,24.0,180.9,80.8,24.7
169.6,66.1,23.0,168.7,64.5,22.7
175.1,72.0,23.5,174.1,65.9,21.7
173.2,88.1,29.4,171.2,96.4,32.9
166.4,73.7,26.6,165.0,67.3,24.7
175.1,64.2,20.9,173.0,65.4,21.8
176.0,84.8,27.4,174.7,84.9,27.8
171.3,77.6,26.4,170.8,83.4,28.6
175.4,75.8,24.6,173.6,73.9,24.5
168.1,66.7,23.6,167.3,69.9,25.0
175.5,101.9,33.1,173.9,98.2,32.5
180.4,71.6,22.0,180.4,70.7,21.7
180.8,62.0,19.0,179.8,63.3,19.6
174.6,71.2,23.4,173.0,67.8,22.6
177.4,55.9,17.8,176.1,57.7,18.6
173.2,66.6,22.2,171.3,63.9,21.8
175.8,59.0,19.1,174.7,60.3,19.8
177.1,62.1,19.8,175.3,66.1,21.5
168.0,56.2,19.9,165.9,55.7,20.2
171.3,53.1,18.1,169.7,55.1,19.1
177.5,85.0,27.0,175.7,77.9,25.2
186.4,101.2,29.1,185.1,96.7,28.2
180.0,97.8,30.2,178.1,95.9,30.2
178.3,100.5,31.6,176.2,92.2,29.7
184.2,65.5,19.3,184.0,68.7,20.3
173.2,97.1,32.4,172.1,94.4,31.9
181.1,91.2,27.8,180.3,89.7,27.6
171.9,69.7,23.6,170.7,74.0,25.4
177.4,55.0,17.5,176.6,55.9,17.9
167.2,59.7,21.4,166.8,62.2,22.4
173.3,65.3,21.7,171.7,62.7,21.3
172.5,89.1,29.9,172.3,91.2,30.7
181.1,68.9,21.0,180.6,68.6,21.0
174.3,56.8,18.7,173.2,55.7,18.6
174.3,75.8,25.0,173.6,75.4,25.0
181.3,66.6,20.3,180.3,67.7,20.8
178.5,69.4,21.8,176.7,69.1,22.1
182.7,87.6,26.2,180.3,93.5,28.8
168.9,71.1,24.9,168.9,74.7,26.2
173.7,64.5,21.4,172.4,58.3,19.6
170.4,60.7,20.9,168.8,58.6,20.6
174.1,69.2,22.8,170.6,67.4,23.2
171.3,53.4,18.2,169.1,56.6,19.8
168.2,65.1,23.0,167.9,63.5,22.5
173.0,89.5,29.9,171.9,89.9,30.4
169.1,67.3,23.5,168.1,67.1,23.7
172.5,60.6,20.4,172.2,71.2,24.0
179.2,61.9,19.3,176.8,58.8,18.8
174.4,89.2,29.3,172.7,84.4,28.3
170.2,53.0,18.3,167.8,59.2,21.0
161.6,58.0,22.2,161.1,57.4,22.1
175.3,77.0,25.1,175.3,73.3,23.9
177.7,94.6,30.0,175.5,86.9,28.2
184.5,81.7,24.0,182.5,82.4,24.8
177.1,62.7,20.0,175.6,65.6,21.3
176.0,58.8,19.0,173.8,52.5,17.4
170.9,82.8,28.3,169.8,82.6,28.7
172.1,58.0,19.6,170.5,62.1,21.4
174.7,53.0,17.4,172.3,54.4,18.3
177.5,75.6,24.0,175.7,78.1,25.3
186.7,91.8,26.3,185.1,90.5,26.4
171.7,65.5,22.2,169.5,57.9,20.1
170.1,86.5,29.9,169.7,93.3,32.4
173.7,64.5,21.4,173.2,59.2,19.7
182.4,75.7,22.8,181.2,68.8,20.9
177.8,59.5,18.8,176.4,62.9,20.2
169.1,49.8,17.4,167.5,53.5,19.1
174.4,77.5,25.5,173.0,79.5,26.6
178.3,78.8,24.8,176.5,79.3,25.5
185.1,71.7,20.9,183.5,73.1,21.7
163.5,82.7,30.9,163.3,79.3,29.7
168.7,65.9,23.2,168.0,66.7,23.6
172.3,80.6,27.1,170.8,71.1,24.4
169.4,75.6,26.3,168.7,76.3,26.8
187.5,85.8,24.4,184.7,86.7,25.4
168.3,66.9,23.6,167.6,64.0,22.8
179.5,79.4,24.6,177.6,76.9,24.4
173.4,51.6,17.2,170.8,53.6,18.4
173.9,60.4,20.0,171.6,64.3,21.8
176.7,57.1,18.3,176.3,62.2,20.0
168.3,49.3,17.4,165.7,50.4,18.4
170.5,58.7,20.2,170.0,58.1,20.1
182.6,88.1,26.4,180.9,87.0,26.6
173.0,95.4,31.9,171.7,92.4,31.4
168.7,67.1,23.6,166.7,56.6,20.4
175.5,99.8,32.4,174.1,93.7,30.9
177.2,65.6,20.9,176.5,66.8,21.4
166.6,54.3,19.6,165.0,55.2,20.3
169.3,91.4,31.9,169.2,88.5,30.9
173.1,112.7,37.6,173.3,110.9,36.9
175.2,80.9,26.4,173.7,80.3,26.6
184.8,59.0,17.3,183.1,61.3,18.3
166.5,63.9,23.1,164.5,59.7,22.1
176.4,72.2,23.2,175.0,74.5,24.3
178.2,71.4,22.5,176.2,69.3,22.3
182.5,70.0,21.0,180.4,73.3,22.5
188.0,66.3,18.8,186.1,68.5,19.8
186.4,85.3,24.6,184.2,89.1,26.3
170.5,56.8,19.5,169.0,55.6,19.5
176.2,55.4,17.8,173.6,59.6,19.8
173.7,88.5,29.3,172.3,94.7,31.9
177.0,82.0,26.2,175.2,82.5,26.9
170.6,55.5,19.1,169.6,63.1,21.9
166.2,63.4,23.0,166.3,68.2,24.7
180.3,73.9,22.7,179.3,68.4,21.3
167.4,94.9,33.9,167.3,92.4,33.0
174.0,65.9,21.8,172.4,65.2,21.9
168.9,77.7,27.2,167.7,82.1,29.2
171.9,70.9,24.0,171.1,73.7,25.2
175.4,99.4,32.3,174.0,95.5,31.5
173.5,55.0,18.3,172.2,54.8,18.5
174.7,56.9,18.6,172.9,56.8,19.0
170.2,73.1,25.2,169.4,73.9,25.7
176.8,79.7,25.5,175.3,75.1,24.4
175.3,97.5,31.7,173.5,92.6,30.8
172.5,82.3,27.7,171.8,76.7,26.0
177.8,64.9,20.5,175.8,62.7,20.3
170.9,79.3,27.2,170.7,80.8,27.7
185.5,85.0,24.7,184.2,86.5,25.5
177.1,74.5,23.8,176.3,82.5,26.6
180.4,66.6,20.5,179.3,71.2,22.2
174.1,54.5,18.0,173.2,56.5,18.8
178.3,60.8,19.1,177.0,62.6,20.0
160.6,65.3,25.3,160.7,68.9,26.7
175.1,72.9,23.8,173.5,75.6,25.1
180.8,80.9,24.7,178.9,75.6,23.6
168.0,75.5,26.8,167.0,78.9,28.3
174.2,65.0,21.4,172.3,64.0,21.6
169.6,47.2,16.4,167.9,48.7,17.3
181.1,59.3,18.1,179.2,62.2,19.4
161.7,47.9,18.3,161.1,55.5,21.4
173.3,91.7,30.5,172.4,95.9,32.3
171.1,75.6,25.8,169.6,74.6,25.9
174.3,67.1,22.1,172.7,67.6,22.7
176.4,97.9,31.5,174.9,98.2,32.1
176.5,59.8,19.2,174.2,63.3,20.9
166.4,55.6,20.1,164.3,57.9,21.5
173.4,55.5,18.5,171.5,54.4,18.5
169.3,50.7,17.7,167.5,53.0,18.9
178.2,70.6,22.2,176.8,73.7,23.6
178.2,59.9,18.9,176.4,64.2,20.6
166.7,52.6,18.9,165.1,52.8,19.4
171.9,60.5,20.5,170.6,60.3,20.7
173.8,67.2,22.2,173.5,70.4,23.4
175.9,67.1,21.7,174.3,63.5,20.9
175.0,91.5,29.9,173.8,92.5,30.6
174.7,100.4,32.9,172.7,96.0,32.2
180.4,78.5,24.1,178.0,79.6,25.1
170.1,62.5,21.6,169.7,60.6,21.1
173.3,58.4,19.4,170.9,57.1,19.5
176.7,87.7,28.1,175.5,85.1,27.6
175.0,60.0,19.6,174.3,58.3,19.2
166.8,63.9,23.0,166.8,63.6,22.9
180.3,62.9,19.3,178.9,63.9,19.9
171.6,61.9,21.0,170.3,56.6,19.5
175.4,84.8,27.6,174.4,75.3,24.8
179.1,70.2,21.9,177.8,73.7,23.3
177.2,82.8,26.4,175.8,81.3,26.3
181.8,72.0,21.8,180.9,69.9,21.4
174.0,86.0,28.4,172.7,78.0,26.1
176.9,83.8,26.8,175.3,77.1,25.1
172.5,66.6,22.4,170.5,62.8,21.6
173.4,59.0,19.6,171.3,56.4,19.2
180.8,104.7,32.0,178.8,103.2,32.3
171.0,74.2,25.4,169.5,77.5,27.0
171.1,79.7,27.2,170.6,76.2,26.2
179.2,71.6,22.3,177.4,76.7,24.4
179.9,57.2,17.7,177.9,55.6,17.6
170.4,60.0,20.7,170.1,56.1,19.4
175.7,84.3,27.3,175.2,74.8,24.4
171.5,52.5,17.8,169.7,54.1,18.8
171.5,80.0,27.2,170.0,70.2,24.3
177.8,62.4,19.7,176.4,56.5,18.2
170.9,70.8,24.2,169.7,77.5,26.9
172.7,71.3,23.9,170.8,71.4,24.5
181.2,66.2,20.2,178.7,64.4,20.2
167.6,49.8,17.7,165.5,50.6,18.5
169.5,63.6,22.1,168.0,60.9,21.6
163.8,51.7,19.3,162.5,52.9,20.0
176.4,70.9,22.8,174.5,70.0,23.0
176.4,68.6,22.0,174.8,74.7,24.4
172.3,55.0,18.5,170.5,51.7,17.8
169.4,71.4,24.9,169.1,71.2,24.9
172.2,64.0,21.6,171.3,66.7,22.7
175.9,62.8,20.3,174.6,59.2,19.4
184.8,74.1,21.7,183.4,71.3,21.2
169.8,75.2,26.1,168.9,77.9,27.3
164.3,63.3,23.4,163.6,54.4,20.3
179.8,73.7,22.8,178.7,64.1,20.1
178.3,89.1,28.0,177.1,91.1,29.0
170.3,61.3,21.1,169.7,63.7,22.1
176.9,61.7,19.7,175.9,63.2,20.4
169.7,61.5,21.4,168.1,61.4,21.7
169.1,50.9,17.8,168.1,53.0,18.7
174.4,81.6,26.8,173.4,82.7,27.5
175.4,59.4,19.3,174.7,63.2,20.7
173.6,70.9,23.5,171.9,69.0,23.3
178.1,58.2,18.3,176.0,62.2,20.1
174.5,71.8,23.6,172.4,71.2,24.0
170.2,63.4,21.9,169.3,63.5,22.2
170.3,85.7,29.5,169.7,81.5,28.3
180.3,86.3,26.5,178.1,82.0,25.8
167.8,67.7,24.0,167.6,67.7,24.1
167.9,62.8,22.3,167.9,64.2,22.8
166.3,58.6,21.2,164.9,54.2,19.9
173.3,81.4,27.1,172.3,67.9,22.9
174.3,68.1,22.4,173.7,72.1,23.9
178.8,87.4,27.3,177.4,96.9,30.8
179.8,77.4,23.9,178.6,79.5,24.9
175.0,65.0,21.2,174.1,61.9,20.4
173.6,57.4,19.0,172.7,61.0,20.5
179.6,73.1,22.7,178.9,71.4,22.3
179.5,102.9,31.9,178.5,97.2,30.5
174.9,63.5,20.8,173.6,65.1,21.6
173.5,75.7,25.1,171.5,78.0,26.5
184.4,75.2,22.1,182.2,72.6,21.9
188.4,92.7,26.1,185.2,84.5,24.6
175.1,81.3,26.5,174.2,83.1,27.4
173.1,72.8,24.3,172.5,74.1,24.9
167.9,51.0,18.1,167.3,56.3,20.1
173.5,79.9,26.5,171.7,73.0,24.8
175.2,55.6,18.1,172.9,52.9,17.7
185.7,74.9,21.7,183.9,76.8,22.7
179.0,89.9,28.1,177.0,96.6,30.8
172.6,70.9,23.8,171.9,71.3,24.1
178.5,66.1,20.7,176.9,66.7,21.3
175.3,69.6,22.6,173.5,64.5,21.4
177.3,77.5,24.7,176.0,73.5,23.7
174.3,68.0,22.4,173.3,61.3,20.4
167.1,62.8,22.5,165.7,58.9,21.4
171.8,51.8,17.6,169.0,49.3,17.2
178.8,67.0,21.0,178.1,66.0,20.8
168.1,47.7,16.9,166.6,51.0,18.4
176.5,105.4,33.8,175.0,85.6,28.0
178.7,85.7,26.8,177.1,89.0,28.4
184.2,111.3,32.8,182.0,105.3,31.8
188.5,69.0,19.4,186.5,71.8,20.6
172.8,68.4,22.9,170.8,67.0,23.0
173.4,66.8,22.2,171.8,67.9,23.0
182.0,100.6,30.4,180.5,105.5,32.4
175.6,69.4,22.5,173.7,67.5,22.4
169.0,66.1,23.1,167.5,61.9,22.1
176.2,61.8,19.9,173.5,57.7,19.2
173.5,69.9,23.2,172.3,73.3,24.7
168.1,87.7,31.0,167.0,91.7,32.9
180.1,75.4,23.2,179.0,71.8,22.4
173.4,58.8,19.6,172.8,61.3,20.5
165.4,62.3,22.8,164.0,58.6,21.8
175.7,72.5,23.5,174.2,69.5,22.9
167.5,85.3,30.4,167.8,89.5,31.8
171.5,91.8,31.2,170.8,95.4,32.7
171.7,83.0,28.2,170.3,80.8,27.8
169.7,58.2,20.2,167.3,53.4,19.1
181.2,84.8,25.8,179.3,92.8,28.9
171.5,56.4,19.2,170.5,58.5,20.1
172.2,66.8,22.5,171.5,64.7,22.0
170.1,77.0,26.6,169.8,88.3,30.6
164.9,43.5,16.0,163.5,48.4,18.1
180.5,104.2,32.0,178.4,102.9,32.3
176.2,68.0,21.9,173.7,63.0,20.9
173.9,57.7,19.1,172.5,55.0,18.5
170.0,60.0,20.8,168.5,60.8,21.4
184.1,81.6,24.1,181.8,81.5,24.6
177.5,61.5,19.5,175.2,67.5,22.0
169.2,58.7,20.5,168.3,55.3,19.5
171.6,69.1,23.5,169.7,64.7,22.5
172.4,67.0,22.5,171.6,70.3,23.9
182.7,64.6,19.4,180.5,62.1,19.1
173.1,58.1,19.4,171.6,62.0,21.1
163.2,49.1,18.4,161.2,53.1,20.5
171.6,57.3,19.5,170.9,62.2,21.3
183.5,73.0,21.7,182.4,85.0,25.5
176.6,99.0,31.7,175.1,97.5,31.8
175.5,62.6,20.3,174.0,65.2,21.5
173.1,64.2,21.4,171.8,57.9,19.6
182.4,84.2,25.3,180.7,86.4,26.4
173.5,75.6,25.1,173.0,74.9,25.0
171.8,94.6,32.1,170.1,97.3,33.6
187.6,80.6,22.9,185.6,78.5,22.8
173.5,80.8,26.8,172.3,79.3,26.7
180.3,64.6,19.9,179.2,63.9,19.9
182.5,96.3,28.9,179.7,98.4,30.5
168.9,79.7,27.9,168.1,77.6,27.5
179.4,74.5,23.1,177.9,68.3,21.6
176.0,64.5,20.8,174.6,61.4,20.2
173.7,92.8,30.8,172.7,91.0,30.5
173.0,78.0,26.1,171.8,70.7,23.9
170.2,61.2,21.1,169.2,54.2,18.9
170.2,65.1,22.5,168.1,63.3,22.4
184.2,60.3,17.8,182.2,62.9,19.0
176.2,80.2,25.8,175.3,78.0,25.4
174.6,70.7,23.2,172.8,69.7,23.3
176.6,107.5,34.5,175.2,110.2,35.9
182.3,70.1,21.1,180.8,65.2,20.0
178.6,69.6,21.8,177.7,67.3,21.3
179.0,78.5,24.5,178.2,75.8,23.9
181.2,79.5,24.2,180.0,77.2,23.8
171.7,83.0,28.2,170.3,80.8,27.8
175.3,73.0,23.8,174.4,77.8,25.6
179.4,62.5,19.4,178.4,60.9,19.1
186.6,89.0,25.6,185.1,87.8,25.6
183.3,96.8,28.8,182.0,100.1,30.2
180.7,93.9,28.8,178.5,97.4,30.6
173.5,68.7,22.8,172.5,75.6,25.4
177.2,63.4,20.2,175.5,62.7,20.4
184.9,96.5,28.2,183.2,87.0,25.9
164.1,66.2,24.6,162.7,61.0,23.1
173.8,68.7,22.7,173.5,68.4,22.7
172.4,67.1,22.6,170.6,60.7,20.9
184.2,83.6,24.6,182.8,89.4,26.8
184.0,60.9,18.0,182.2,56.8,17.1
175.2,68.9,22.4,173.4,71.5,23.8
175.9,79.8,25.8,174.1,80.3,26.5
175.6,57.6,18.7,173.6,60.1,19.9
186.1,86.8,25.1,183.2,88.7,26.4
179.1,75.2,23.4,177.4,78.8,25.0
175.4,71.1,23.1,174.6,70.9,23.3
172.3,70.0,23.6,171.7,67.8,23.0
174.3,82.2,27.1,173.9,79.6,26.3
184.9,77.6,22.7,182.7,68.8,20.6
176.1,64.2,20.7,174.7,65.8,21.5
170.8,72.3,24.8,169.2,71.3,24.9
179.8,74.7,23.1,178.7,75.8,23.8
172.9,67.3,22.5,171.0,64.8,22.2
177.2,65.9,21.0,175.8,63.2,20.4
164.9,61.4,22.6,164.0,57.0,21.2
167.3,60.7,21.7,166.0,60.0,21.8
171.8,63.3,21.4,170.2,68.1,23.5
173.5,71.9,23.9,172.1,76.5,25.8
181.7,105.1,31.8,179.6,109.6,34.0
183.4,62.3,18.5,181.6,60.6,18.4
184.9,75.4,22.1,182.5,74.0,22.2
183.4,83.7,24.9,181.6,81.9,24.8
170.1,72.6,25.1,169.2,77.4,27.1
166.5,55.3,19.9,164.0,52.4,19.5
169.8,50.8,17.6,168.0,51.3,18.2
177.8,82.5,26.1,175.7,71.2,23.1
186.0,111.4,32.2,183.6,102.9,30.5
171.2,102.7,35.0,170.4,102.4,35.3
172.0,67.8,22.9,171.2,69.3,23.7
166.4,72.1,26.0,166.8,70.2,25.2
177.2,71.0,22.6,175.4,70.6,22.9
165.1,58.2,21.4,164.5,57.4,21.2
174.5,51.5,16.9,173.1,53.1,17.7
174.7,59.4,19.5,173.8,65.8,21.8
172.5,66.3,22.3,171.0,64.7,22.1
175.7,61.2,19.8,175.3,62.3,20.3
179.2,119.8,37.3,178.0,111.9,35.3
182.3,80.3,24.2,180.2,74.9,23.1
172.5,67.0,22.5,172.2,68.2,23.0
181.0,63.8,19.5,179.6,65.2,20.2
168.9,58.1,20.4,168.1,61.5,21.8
161.6,69.7,26.7,162.0,71.7,27.3
170.0,62.6,21.7,168.2,61.8,21.8
163.6,62.2,23.2,162.5,64.4,24.4
174.5,63.7,20.9,173.1,64.4,21.5
177.7,64.3,20.4,177.3,64.9,20.6
168.1,62.4,22.1,167.6,62.2,22.1
170.7,70.2,24.1,168.8,62.3,21.9
173.8,69.3,22.9,172.8,75.0,25.1
174.4,71.6,23.5,172.5,75.8,25.5
170.3,64.6,22.3,169.6,71.2,24.7
170.9,112.6,38.6,171.0,106.7,36.5
177.3,100.9,32.1,175.2,98.0,31.9
184.0,91.1,26.9,182.1,89.1,26.8
168.8,52.9,18.6,167.2,53.6,19.2
186.6,75.9,21.8,184.2,76.5,22.5
175.5,69.8,22.7,174.5,70.8,23.3
176.9,72.2,23.1,175.2,67.6,22.0
172.1,60.3,20.4,170.3,58.0,20.0
180.9,76.5,23.4,179.5,83.7,26.0
170.6,70.2,24.1,168.6,68.5,24.1
168.3,70.1,24.7,167.1,65.7,23.5
176.7,67.3,21.6,176.3,68.1,21.9
172.6,72.0,24.2,170.7,71.4,24.5
178.0,61.0,19.3,177.5,68.0,21.6
177.7,71.1,22.5,176.6,71.6,22.9
183.8,82.2,24.3,181.0,84.3,25.7
167.0,59.2,21.2,166.2,58.0,21.0
182.6,77.5,23.2,181.5,75.4,22.9
174.0,60.8,20.1,172.7,62.6,21.0
185.0,102.7,30.0,181.9,102.9,31.1
175.9,72.7,23.5,174.3,78.1,25.7
175.9,58.9,19.0,173.8,62.7,20.8
176.9,67.1,21.4,175.1,66.4,21.7
180.0,68.0,21.0,178.3,64.6,20.3
178.7,74.7,23.4,177.5,78.4,24.9
173.8,76.8,25.4,172.4,67.0,22.5
169.7,58.6,20.3,168.6,54.2,19.1
169.9,57.5,19.9,168.1,55.2,19.5
171.0,65.6,22.4,168.9,60.4,21.2
179.2,97.4,30.3,177.8,94.6,29.9
178.5,73.0,22.9,176.1,71.0,22.9
176.5,77.8,25.0,175.8,67.5,21.8
163.1,71.5,26.9,163.7,72.8,27.2
179.2,106.7,33.2,177.3,105.5,33.6
177.7,68.1,21.6,177.2,66.0,21.0
176.7,81.0,25.9,176.0,75.0,24.2
176.0,73.1,23.6,174.4,65.2,21.4
176.1,69.2,22.3,175.1,69.6,22.7
175.4,78.0,25.4,174.3,72.2,23.8
167.1,71.6,25.6,166.5,74.3,26.8
178.2,75.6,23.8,176.8,71.4,22.9
169.5,69.7,24.3,168.0,68.1,24.1
168.7,78.3,27.5,168.5,74.3,26.2
165.9,64.4,23.4,165.4,65.1,23.8
176.5,93.3,29.9,174.3,83.2,27.4
174.3,60.7,20.0,172.4,63.7,21.4
175.5,65.0,21.1,173.5,62.6,20.8
180.8,52.0,15.9,179.2,54.5,17.0
180.7,95.1,29.1,180.0,87.1,26.9
174.0,71.7,23.7,173.2,65.4,21.8
183.0,89.2,26.6,180.5,87.6,26.9
178.7,64.8,20.3,176.4,60.5,19.5
178.2,77.2,24.3,177.4,75.3,23.9
180.4,60.0,18.4,178.0,106.1,33.5
175.3,80.8,26.3,173.2,78.6,26.2
175.1,81.5,26.6,174.3,79.4,26.1
175.4,85.5,27.8,173.6,86.4,28.7
177.3,94.7,30.1,175.6,94.0,30.5
178.9,69.5,21.7,177.2,61.9,19.7
179.0,86.7,27.1,176.4,84.7,27.2
171.7,70.5,23.9,171.6,69.3,23.5
176.6,75.5,24.2,175.4,74.9,24.3
187.3,88.4,25.2,184.4,87.2,25.7
169.9,52.3,18.1,168.0,52.0,18.4
166.7,65.9,23.7,166.2,63.3,22.9
174.3,83.7,27.6,172.9,85.1,28.4
180.5,111.3,34.2,177.6,106.7,33.8
177.0,85.9,27.4,175.5,91.9,29.8
171.5,93.2,31.7,171.1,79.8,27.3
171.1,53.2,18.2,169.7,53.8,18.7
175.7,71.0,23.0,174.7,64.2,21.0
181.6,53.8,16.3,179.1,52.5,16.4
174.8,81.4,26.6,174.3,77.2,25.4
170.1,54.1,18.7,169.5,55.2,19.2
178.8,94.0,29.4,176.9,98.4,31.4
181.8,73.9,22.4,179.7,72.6,22.5
178.4,86.8,27.3,177.5,84.5,26.8
169.4,55.5,19.3,168.3,55.8,19.7
171.9,62.5,21.2,170.5,58.8,20.2
176.2,55.9,18.0,175.5,63.9,20.7
186.5,86.2,24.8,184.8,81.5,23.9
180.7,60.1,18.4,180.1,66.3,20.4
180.4,72.3,22.2,179.0,69.1,21.6
167.8,85.0,30.2,167.2,76.8,27.5
174.3,112.3,37.0,173.4,106.8,35.5
167.9,85.9,30.5,166.8,74.1,26.6
179.4,87.2,27.1,177.5,89.2,28.3
176.3,81.6,26.3,174.2,82.5,27.2
169.5,52.9,18.4,168.1,54.8,19.4
175.1,55.1,18.0,174.1,56.7,18.7
168.5,50.3,17.7,166.2,48.8,17.7
162.0,42.7,16.3,160.0,48.5,19.0
176.6,57.9,18.6,174.2,57.9,19.1
179.6,67.1,20.8,178.2,65.1,20.5
185.8,73.5,21.3,183.6,60.5,17.9
179.1,68.1,21.2,177.4,72.3,23.0
175.8,68.8,22.3,174.8,72.3,23.7
170.9,76.2,26.1,169.4,70.8,24.7
179.0,88.9,27.7,177.7,86.8,27.5
174.4,73.4,24.1,173.1,68.5,22.9
172.8,68.1,22.8,172.7,74.4,24.9
174.1,61.1,20.2,172.8,58.9,19.7
173.6,70.0,23.2,172.2,67.5,22.8
166.8,76.6,27.5,165.4,66.2,24.2
170.1,70.9,24.5,169.0,76.3,26.7
174.7,74.0,24.2,173.2,71.3,23.8
179.2,64.1,20.0,177.0,59.7,19.1
168.3,57.6,20.3,166.7,53.8,19.4
176.9,62.4,19.9,176.0,58.2,18.8
173.5,66.8,22.2,171.8,65.4,22.2
170.4,55.6,19.1,168.9,58.9,20.7
170.8,66.2,22.7,169.4,63.8,22.2
181.6,83.3,25.3,180.0,85.6,26.4
176.5,88.1,28.3,175.4,88.2,28.7
179.6,93.0,28.8,178.1,89.9,28.3
182.5,117.6,35.3,181.0,116.4,35.5
173.5,63.6,21.1,172.0,61.2,20.7
178.6,79.9,25.0,177.4,77.6,24.7
166.9,63.1,22.7,165.3,65.8,24.1
177.8,57.7,18.3,177.2,65.4,20.8
179.3,75.3,23.4,177.6,72.3,22.9
178.2,71.1,22.4,177.8,62.4,19.7
168.2,96.4,34.1,166.4,94.1,34.0
172.3,90.5,30.5,171.4,90.6,30.8
184.7,72.4,21.2,182.9,74.2,22.2
176.5,59.8,19.2,175.7,61.2,19.8
170.0,68.3,23.6,170.1,67.6,23.4
173.8,95.2,31.5,172.8,99.9,33.4
175.0,64.5,21.1,173.8,71.5,23.7
182.7,58.8,17.6,180.5,62.3,19.1
174.5,92.1,30.2,173.5,88.0,29.2
176.8,102.4,32.8,175.4,101.8,33.1
175.2,68.3,22.3,174.0,63.3,20.9
173.0,68.8,23.0,172.1,71.9,24.3
183.5,112.3,33.4,180.7,109.0,33.4
183.8,119.6,35.4,181.1,112.3,34.2
174.2,67.3,22.2,172.9,69.9,23.4
169.1,75.0,26.2,168.7,75.6,26.6
171.7,52.2,17.7,169.9,53.5,18.5
167.2,57.4,20.5,165.4,56.6,20.7
184.7,68.6,20.1,184.0,68.8,20.3
173.8,61.4,20.3,172.2,60.9,20.6
176.7,92.2,29.5,174.5,98.3,32.3
165.9,48.9,17.8,163.8,49.0,18.3
183.6,67.8,20.1,181.5,68.8,20.9
171.4,73.6,25.1,170.9,68.8,23.5
171.2,77.9,26.6,169.5,73.9,25.7
173.7,54.5,18.1,171.9,57.3,19.4
185.2,76.7,22.4,183.4,77.1,22.9
168.0,52.8,18.7,166.1,54.2,19.7
167.8,71.2,25.3,166.6,69.1,24.9
178.6,74.7,23.4,177.8,72.1,22.8
170.8,53.2,18.2,169.3,50.5,17.6
178.0,72.9,23.0,176.8,74.9,24.0
172.1,65.5,22.1,169.7,63.2,21.9
172.3,57.7,19.4,169.9,57.2,19.8
174.6,58.2,19.1,172.1,55.2,18.6
173.0,65.2,21.8,172.6,57.7,19.4
175.3,74.6,24.3,174.6,70.0,23.0
173.5,73.1,24.3,173.0,67.3,22.5
167.9,85.0,30.2,167.8,76.6,27.2
177.8,83.6,26.4,175.8,83.6,27.1
179.5,66.8,20.7,178.7,72.7,22.8
172.3,87.9,29.6,171.5,98.4,33.4
182.4,62.6,18.8,180.1,62.1,19.1
171.3,56.5,19.3,170.3,51.6,17.8
177.0,86.7,27.7,176.2,87.8,28.3
169.8,68.5,23.8,168.8,68.2,23.9
167.1,83.9,30.0,166.0,82.6,30.0
181.4,80.6,24.5,179.8,75.6,23.4
172.6,66.3,22.3,170.8,64.7,22.2
186.4,96.4,27.7,184.8,93.4,27.3
165.7,75.9,27.6,165.7,74.6,27.2
166.3,52.6,19.0,165.4,53.2,19.4
175.3,78.7,25.6,174.0,75.1,24.8
189.4,78.2,21.8,187.0,74.4,21.3
174.9,68.3,22.3,174.5,74.9,24.6
175.4,90.7,29.5,173.7,88.7,29.4
178.6,96.1,30.1,176.4,91.5,29.4
166.2,60.8,22.0,164.6,62.5,23.0
171.1,72.1,24.6,170.9,68.5,23.4
180.0,61.9,19.1,179.1,65.4,20.4
162.7,68.2,25.8,162.2,64.4,24.5
163.6,63.2,23.6,162.6,56.8,21.5
161.8,72.1,27.5,161.4,77.4,29.7
168.7,65.4,23.0,167.5,63.2,22.5
178.3,71.6,22.5,176.3,70.0,22.5
175.2,82.4,26.8,173.0,82.9,27.7
176.4,59.2,19.0,175.3,54.6,17.8
171.8,87.4,29.6,171.6,90.2,30.7
170.2,49.3,17.0,168.9,51.2,17.9
163.8,52.7,19.6,161.1,50.8,19.6
172.3,59.8,20.1,170.7,58.3,20.0
182.4,91.6,27.5,179.8,92.5,28.6
184.0,73.9,21.8,181.7,73.6,22.3
177.0,70.4,22.5,175.8,66.3,21.5
178.4,91.6,28.8,176.6,94.2,30.2
178.0,80.7,25.5,177.3,77.6,24.7
173.7,72.3,24.0,171.8,69.7,23.6
180.5,98.0,30.1,178.7,93.0,29.1
171.6,80.1,27.2,170.2,74.5,25.7
173.8,77.5,25.7,173.8,76.0,25.2
173.4,63.2,21.0,171.5,64.4,21.9
178.8,84.9,26.6,176.8,91.0,29.1
170.9,74.5,25.5,170.7,71.9,24.7
173.8,69.2,22.9,172.4,66.4,22.3
171.0,58.8,20.1,170.3,62.0,21.4
182.9,131.5,39.3,181.0,122.8,37.5
177.9,74.2,23.4,177.1,78.6,25.1
171.3,68.1,23.2,171.1,67.3,23.0
175.5,81.5,26.5,173.8,73.3,24.3
173.4,61.1,20.3,172.1,62.2,21.0
172.0,74.6,25.2,172.0,65.8,22.2
175.5,77.7,25.2,174.8,82.3,26.9
170.4,51.6,17.8,169.7,55.2,19.2
175.5,73.9,24.0,175.0,73.2,23.9
173.2,67.5,22.5,172.3,59.2,19.9
178.6,55.8,17.5,177.2,59.0,18.8
167.3,67.3,24.0,165.7,59.2,21.6
180.7,77.1,23.6,179.4,72.0,22.4
169.0,83.0,29.1,169.2,76.7,26.8
173.1,69.2,23.1,171.7,64.9,22.0
171.6,59.1,20.1,171.1,66.2,22.6
169.0,53.3,18.7,167.6,51.2,18.2
180.5,75.2,23.1,178.5,82.3,25.8
173.0,61.4,20.5,172.0,65.8,22.2
174.3,79.9,26.3,172.5,80.7,27.1
173.4,65.3,21.7,172.2,69.9,23.6
169.4,49.8,17.4,166.9,53.4,19.2
172.5,62.7,21.1,172.0,64.9,21.9
188.0,88.4,25.0,185.9,85.1,24.6
174.5,58.7,19.3,172.3,60.7,20.5
173.7,96.4,32.0,172.4,98.6,33.2
176.4,114.1,36.7,174.4,108.7,35.7
167.0,65.3,23.4,164.9,58.7,21.6
187.8,99.8,28.3,186.0,98.7,28.5
174.1,76.0,25.1,172.5,80.6,27.1
169.1,75.0,26.2,168.7,76.3,26.8
184.8,76.1,22.3,182.6,68.2,20.4
172.4,73.3,24.7,172.0,80.2,27.1
176.7,104.7,33.5,174.4,100.5,33.1
168.0,52.4,18.6,167.1,53.9,19.3
169.8,73.2,25.4,168.1,71.7,25.4
168.0,55.9,19.8,167.7,60.8,21.6
173.9,78.1,25.8,173.4,79.6,26.5
171.0,86.1,29.4,170.3,84.4,29.1
170.3,68.6,23.7,168.8,66.2,23.2
178.3,111.5,35.1,176.6,105.5,33.8
186.4,78.1,22.5,184.6,74.2,21.8
185.1,72.5,21.2,183.9,72.8,21.5
172.4,74.8,25.2,170.6,74.3,25.5
167.4,74.0,26.4,167.2,72.8,26.0
176.2,65.4,21.1,173.9,60.7,20.1
181.0,86.0,26.3,179.3,79.2,24.6
161.4,50.0,19.2,160.7,54.0,20.9
168.9,55.5,19.5,167.4,55.1,19.7
166.4,48.4,17.5,164.0,49.0,18.2
172.3,94.1,31.7,171.8,96.8,32.8
170.1,64.9,22.4,169.4,68.1,23.7
171.4,74.0,25.2,170.5,78.3,26.9
170.7,89.2,30.6,170.1,92.5,32.0
179.7,61.0,18.9,178.4,59.7,18.8
174.8,74.4,24.3,174.9,60.9,19.9
168.6,58.2,20.5,167.7,59.1,21.0
177.1,80.5,25.7,175.7,74.8,24.2
181.6,70.3,21.3,180.0,67.7,20.9
167.5,54.1,19.3,165.7,59.2,21.6
188.2,62.6,17.7,186.3,68.7,19.8
176.5,80.1,25.7,174.8,81.1,26.5
170.2,54.0,18.6,167.4,49.7,17.7
186.0,95.2,27.5,184.1,90.3,26.6
181.1,86.2,26.3,179.5,92.1,28.6
170.4,58.6,20.2,169.6,54.1,18.8
173.7,59.7,19.8,172.1,60.3,20.4
178.2,105.3,33.2,176.9,99.1,31.7
177.3,73.3,23.3,176.1,71.3,23.0
181.6,80.9,24.5,179.8,83.4,25.8
169.9,73.2,25.4,169.4,73.3,25.5
180.5,74.2,22.8,179.9,77.8,24.0
173.2,63.5,21.2,171.3,61.9,21.1
174.4,74.0,24.3,173.5,65.2,21.6
176.1,97.0,31.3,173.3,95.2,31.7
185.1,61.9,18.1,184.0,63.4,18.7
170.8,60.1,20.6,168.7,56.8,19.9
180.5,61.2,18.8,178.7,64.8,20.3
169.6,60.0,20.9,168.5,60.3,21.2
174.3,64.8,21.3,172.3,65.5,22.1
166.5,66.5,24.0,166.6,62.1,22.4
176.8,68.1,21.8,176.2,71.0,22.9
171.5,62.9,21.4,170.3,63.1,21.8
157.9,58.5,23.5,159.0,66.6,26.3
180.5,98.9,30.4,178.8,101.1,31.6
169.9,68.7,23.8,169.6,72.4,25.2
171.1,74.9,25.6,170.2,78.4,27.1
174.3,61.6,20.3,172.7,56.9,19.1
178.3,59.2,18.6,176.8,58.8,18.8
173.8,69.5,23.0,171.5,72.1,24.5
171.4,73.1,24.9,171.1,74.1,25.3
175.9,77.5,25.0,175.0,78.6,25.7
171.3,58.3,19.9,169.1,65.2,22.8
174.6,64.8,21.3,173.6,70.7,23.5
176.3,56.8,18.3,175.5,63.0,20.4
173.3,79.0,26.3,172.4,84.4,28.4
175.3,83.4,27.1,173.7,77.8,25.8
181.0,82.6,25.2,178.8,77.3,24.2
169.8,83.8,29.1,169.6,82.6,28.7
175.8,68.4,22.1,175.4,66.5,21.6
173.1,76.2,25.4,172.1,81.3,27.4
168.4,57.1,20.1,168.6,64.3,22.6
175.3,55.4,18.0,173.5,56.5,18.8
176.0,97.4,31.4,173.6,98.5,32.7
178.9,73.6,23.0,178.3,79.7,25.1
177.8,77.8,24.6,176.1,76.3,24.6
178.6,90.5,28.4,176.9,92.1,29.4
169.6,86.1,29.9,168.2,86.2,30.5
180.1,90.2,27.8,177.6,83.8,26.6
177.4,104.4,33.2,175.6,102.5,33.2
180.1,68.0,21.0,178.0,70.0,22.1
178.3,74.9,23.6,177.1,75.4,24.0
177.3,83.1,26.4,175.3,85.0,27.7
185.9,82.1,23.8,183.1,77.7,23.2
180.6,67.3,20.6,180.0,71.8,22.2
170.0,63.1,21.8,168.0,57.4,20.3
170.9,62.9,21.5,170.2,60.0,20.7
175.4,67.7,22.0,174.4,65.3,21.4
174.0,59.3,19.6,173.1,63.2,21.1
177.1,60.6,19.3,174.9,66.4,21.7
177.0,75.5,24.1,176.1,78.2,25.2
168.8,54.4,19.1,167.7,53.1,18.9
159.7,76.4,30.0,161.2,80.2,30.9
169.5,60.0,20.9,168.6,56.7,19.9
172.1,90.1,30.4,171.3,89.6,30.5
175.4,78.3,25.5,174.1,78.5,25.9
175.1,68.6,22.4,173.4,73.1,24.3
179.1,109.5,34.1,177.4,107.1,34.0
176.5,80.7,25.9,175.9,77.6,25.1
166.6,76.5,27.6,165.2,76.5,28.0
166.7,68.7,24.7,166.1,63.5,23.0
175.7,66.5,21.5,174.1,67.5,22.3
176.6,84.6,27.1,175.6,88.6,28.7
181.0,64.4,19.7,180.1,58.7,18.1
187.1,110.9,31.7,184.4,110.9,32.6
175.5,81.8,26.6,173.7,79.5,26.3
165.3,65.7,24.0,164.1,61.8,23.0
177.6,63.5,20.1,176.1,70.6,22.8
178.8,70.1,21.9,177.3,70.8,22.5
174.8,48.0,15.7,172.2,50.9,17.2
175.5,75.6,24.5,174.3,72.7,23.9
169.6,53.7,18.7,168.5,56.0,19.7
170.7,65.5,22.5,170.2,67.0,23.1
184.9,84.5,24.7,182.9,87.0,26.0
195.3,78.0,20.4,193.4,71.1,19.0
170.6,80.9,27.8,170.0,80.9,28.0
172.5,57.0,19.2,170.9,61.2,21.0
164.0,54.2,20.2,162.4,61.5,23.3
183.2,68.0,20.3,181.5,71.5,21.7
174.5,89.4,29.4,174.6,83.6,27.4
176.0,70.0,22.6,175.2,67.9,22.1
172.4,59.2,19.9,171.3,58.2,19.8
166.9,55.3,19.9,165.2,56.9,20.8
170.0,63.9,22.1,169.5,56.1,19.5
174.3,65.9,21.7,172.4,64.0,21.6
186.7,76.7,22.0,185.0,78.5,22.9
168.5,52.6,18.5,167.0,53.9,19.3
171.8,85.9,29.1,170.8,80.1,27.5
170.4,54.7,18.8,169.3,54.1,18.9
168.2,75.0,26.5,167.8,75.0,26.6
174.1,72.9,24.1,172.6,70.0,23.5
175.8,93.4,30.2,174.6,95.4,31.3
186.6,79.7,22.9,184.4,85.3,25.1
177.3,63.0,20.0,174.8,84.5,27.7
172.0,59.2,20.0,170.1,56.2,19.4
169.0,62.0,21.7,167.6,60.5,21.5
177.7,86.6,27.4,176.3,80.3,25.8
171.1,76.5,26.1,169.1,60.1,21.0
179.0,76.6,23.9,176.7,66.1,21.2
175.4,58.7,19.1,174.7,57.7,18.9
172.6,63.5,21.3,171.6,66.4,22.5
164.7,74.1,27.3,165.1,66.7,24.5
164.7,67.6,24.9,164.1,60.2,22.4
170.8,51.3,17.6,170.3,54.6,18.8
172.3,62.7,21.1,170.2,64.1,22.1
172.1,68.0,23.0,172.2,68.1,23.0
172.7,57.1,19.1,171.3,59.0,20.1
181.6,76.7,23.3,179.6,77.4,24.0
179.8,63.8,19.7,178.9,64.7,20.2
176.4,105.1,33.8,173.8,96.1,31.8
172.0,66.9,22.6,171.3,70.4,24.0
175.0,83.1,27.1,174.0,86.4,28.5
169.6,55.1,19.2,168.7,57.9,20.3
169.4,73.6,25.6,168.7,74.4,26.2
177.6,68.8,21.8,175.4,65.9,21.4
175.1,103.2,33.7,173.4,103.7,34.5
173.7,68.6,22.7,172.2,71.0,23.9
176.6,80.7,25.9,174.5,83.5,27.4
175.3,62.2,20.2,173.6,65.1,21.6
172.3,86.6,29.2,170.8,80.5,27.6
174.3,82.7,27.2,173.2,82.7,27.6
176.6,99.5,31.9,174.6,106.4,34.9
177.4,75.3,23.9,175.7,77.6,25.1
174.0,60.5,20.0,172.6,61.7,20.7
178.5,62.7,19.7,176.8,64.9,20.8
175.8,77.7,25.1,174.7,74.4,24.4
176.0,58.7,19.0,174.3,55.9,18.4
171.8,85.9,29.1,171.6,85.6,29.1
186.4,101.6,29.2,184.5,99.8,29.3
176.1,79.4,25.6,174.0,83.0,27.4
175.3,77.7,25.3,173.8,75.3,24.9
174.3,71.6,23.6,173.5,78.2,26.0
168.9,88.1,30.9,168.3,85.7,30.3
169.6,67.1,23.3,168.2,68.2,24.1
175.5,70.2,22.8,173.4,66.9,22.3
170.0,62.7,21.7,168.5,58.6,20.7
179.5,58.4,18.1,177.3,58.0,18.4
174.3,96.8,31.9,172.6,100.6,33.8
174.0,66.8,22.1,171.7,62.9,21.3
170.1,67.5,23.3,169.1,68.4,23.9
185.1,75.9,22.2,183.0,77.7,23.2
181.1,73.0,22.3,180.7,68.5,21.0
162.9,63.5,23.9,161.3,63.3,24.3
173.5,64.9,21.6,172.7,67.5,22.6
177.3,65.2,20.7,175.3,63.9,20.8
175.4,63.4,20.6,174.1,64.9,21.4
170.1,75.7,26.2,169.7,79.9,27.7
171.9,55.9,18.9,171.3,56.2,19.2
170.2,64.0,22.1,169.4,62.0,21.6
179.4,96.9,30.1,177.5,91.1,28.9
171.1,93.9,32.1,169.8,94.9,32.9
175.3,61.3,19.9,173.2,59.9,20.0
170.7,73.4,25.2,169.4,75.4,26.3
184.8,88.9,26.0,183.8,92.7,27.5
174.0,75.9,25.1,173.0,73.5,24.6
179.6,66.0,20.5,178.1,64.8,20.4
183.9,81.1,24.0,183.5,79.6,23.6
170.0,64.5,22.3,169.9,64.9,22.5
170.9,62.7,21.5,169.3,62.3,21.7
169.1,59.6,20.8,167.7,58.3,20.7
177.9,81.0,25.6,176.4,75.3,24.2
174.5,95.7,31.4,173.2,96.5,32.2
185.8,87.8,25.4,183.9,92.6,27.4
168.8,71.8,25.2,167.6,66.0,23.5
165.4,55.2,20.2,165.0,54.8,20.1
182.5,80.0,24.0,179.4,101.6,31.6
190.3,74.3,20.5,187.8,75.3,21.4
172.4,55.3,18.6,170.5,54.0,18.6
170.2,58.9,20.3,169.4,64.5,22.5
175.9,82.7,26.7,174.8,84.3,27.6
178.9,74.7,23.3,177.0,79.2,25.3
162.9,70.2,26.5,163.4,74.3,27.8
168.7,52.3,18.4,166.8,55.9,20.1
171.5,65.4,22.2,170.3,67.4,23.2
168.4,67.5,23.8,167.9,63.8,22.6
163.5,69.7,26.1,163.3,72.5,27.2
172.4,50.0,16.8,171.1,53.4,18.2
171.6,61.8,21.0,170.4,64.4,22.2
172.2,74.8,25.2,171.0,81.5,27.9
171.8,52.4,17.8,169.4,57.4,20.0
179.2,79.5,24.8,177.7,72.8,23.1
174.6,76.5,25.1,173.6,75.0,24.9
173.1,74.4,24.8,171.1,74.2,25.3
179.2,63.6,19.8,178.1,64.9,20.5
177.9,104.5,33.0,175.5,90.6,29.4
172.9,65.5,21.9,171.7,66.2,22.5
172.9,65.5,21.9,172.3,62.3,21.0
179.4,57.7,17.9,178.2,62.3,19.6
175.8,67.2,21.7,174.3,62.2,20.5
183.6,104.9,31.1,182.0,88.6,26.8
176.4,77.0,24.7,175.4,84.0,27.3
174.5,60.8,20.0,173.6,57.8,19.2
174.5,48.9,16.1,172.5,50.5,17.0
161.2,77.0,29.6,161.9,79.8,30.4
164.5,44.2,16.3,161.5,46.3,17.8
176.0,73.0,23.6,173.7,79.0,26.2
178.4,57.8,18.2,177.5,61.0,19.4
174.5,85.9,28.2,172.3,89.3,30.1
171.9,60.8,20.6,170.7,61.9,21.2
172.1,69.2,23.4,170.2,65.5,22.6
175.9,59.5,19.2,173.5,58.0,19.2
168.8,69.6,24.4,167.6,73.7,26.2
169.9,62.0,21.5,168.7,59.6,21.0
175.3,92.1,30.0,173.7,94.2,31.2
165.4,60.8,22.2,164.1,62.5,23.2
171.3,77.0,26.2,170.8,72.0,24.7
167.6,100.6,35.8,167.2,101.6,36.3
170.2,61.3,21.2,168.9,59.6,20.9
172.2,66.1,22.3,171.7,63.2,21.4
177.3,73.3,23.3,175.4,71.8,23.3
174.1,59.8,19.7,172.6,56.1,18.8
180.8,70.2,21.5,179.2,66.4,20.7
175.4,66.1,21.5,174.5,65.7,21.6
171.5,67.8,23.1,170.1,67.8,23.4
170.6,56.9,19.6,169.4,58.2,20.3
181.1,64.2,19.6,179.2,63.2,19.7
192.1,76.4,20.7,188.9,88.2,24.7
169.6,58.2,20.2,168.7,67.2,23.6
169.3,59.6,20.8,167.9,56.4,20.0
173.4,64.1,21.3,171.3,59.2,20.2
174.8,89.5,29.3,173.4,91.6,30.5
179.5,71.2,22.1,177.2,70.6,22.5
173.7,58.2,19.3,172.3,61.7,20.8
178.4,101.4,31.9,176.5,98.4,31.6
177.4,80.3,25.5,176.2,79.7,25.7
175.0,73.6,24.0,174.0,77.5,25.6
176.9,83.8,26.8,175.2,86.5,28.2
188.8,87.9,24.7,186.9,90.6,25.9
175.1,54.2,17.7,173.9,57.3,19.0
178.3,87.1,27.4,176.4,84.2,27.1
173.9,65.5,21.7,172.9,70.5,23.6
169.8,78.8,27.3,168.7,80.9,28.4
175.1,63.5,20.7,173.1,65.8,22.0
172.7,94.6,31.7,171.4,96.1,32.7
169.5,64.4,22.4,169.2,62.9,22.0
166.4,56.0,20.2,165.2,61.0,22.3
172.7,54.3,18.2,171.6,57.6,19.6
175.8,66.6,21.5,174.0,66.5,22.0
180.4,73.0,22.4,179.7,69.9,21.6
184.9,75.4,22.1,182.5,74.0,22.2
175.6,67.9,22.0,173.9,62.0,20.5
178.4,72.4,22.7,176.3,66.7,21.5
174.5,60.7,19.9,173.2,59.2,19.7
174.1,85.9,28.3,173.1,91.3,30.5
175.9,77.3,25.0,175.4,78.5,25.5
168.6,75.2,26.5,167.4,76.1,27.2
173.2,72.0,24.0,172.2,74.6,25.1
167.7,56.1,19.9,167.8,62.3,22.1
179.9,91.4,28.2,177.1,93.5,29.8
174.9,62.1,20.3,174.1,63.7,21.0
175.3,71.5,23.3,175.1,68.1,22.2
175.9,64.1,20.7,174.6,61.9,20.3
176.9,62.3,19.9,175.9,65.4,21.1
167.9,75.1,26.6,166.5,76.4,27.5
174.5,85.2,28.0,173.1,89.7,29.9
171.1,68.9,23.5,169.3,69.8,24.4
181.4,74.4,22.6,180.5,72.4,22.2
168.2,71.4,25.2,168.2,71.2,25.2
183.7,81.9,24.3,182.0,83.1,25.1
176.5,102.6,32.9,175.7,100.0,32.4
167.7,82.6,29.4,166.2,75.5,27.3
173.1,57.8,19.3,171.7,54.7,18.6
177.8,61.1,19.3,176.0,58.4,18.9
172.2,76.0,25.6,171.4,64.1,21.8
172.0,63.8,21.6,170.1,62.9,21.7
177.0,76.2,24.3,175.1,74.4,24.3
176.2,62.9,20.3,174.9,62.7,20.5
164.8,48.7,17.9,164.3,53.6,19.8
172.1,61.6,20.8,170.9,58.9,20.2
169.2,58.4,20.4,167.9,56.6,20.1
175.3,65.5,21.3,174.6,72.0,23.6
172.5,72.5,24.4,171.0,64.4,22.0
179.2,72.6,22.6,177.8,65.3,20.6
173.0,74.9,25.0,172.3,68.2,23.0
173.2,59.2,19.7,171.8,62.3,21.1
173.2,55.6,18.5,171.6,57.7,19.6
167.8,53.6,19.0,166.6,53.8,19.4
170.3,66.3,22.9,169.8,69.7,24.2
178.9,90.6,28.3,176.7,87.0,27.9
174.8,59.3,19.4,173.1,57.6,19.2
180.8,73.4,22.5,179.3,71.4,22.2
174.8,64.6,21.1,174.1,69.9,23.0
177.9,82.6,26.1,176.1,82.3,26.5
182.3,103.9,31.3,180.5,90.4,27.8
172.2,62.0,20.9,170.4,64.3,22.2
174.5,59.3,19.5,173.1,58.5,19.5
173.9,55.7,18.4,172.5,57.7,19.4
182.5,113.3,34.0,179.6,106.4,33.0
162.5,79.4,30.1,163.5,81.8,30.6
176.7,71.1,22.8,176.3,70.7,22.8
181.6,71.5,21.7,180.7,71.2,21.8
183.3,97.2,28.9,180.6,91.8,28.1
176.5,87.9,28.2,176.0,86.7,28.0
174.8,75.6,24.7,173.1,77.3,25.8
167.8,57.1,20.3,166.1,54.1,19.6
171.4,52.3,17.8,170.1,55.5,19.2
174.3,79.1,26.0,172.3,75.3,25.4
186.5,67.9,19.5,184.0,68.9,20.3
181.6,62.8,19.0,179.5,65.5,20.3
176.7,80.9,25.9,175.8,82.2,26.6
169.0,57.3,20.1,168.4,57.4,20.2
178.5,83.9,26.3,176.3,79.7,25.6
170.6,65.9,22.6,170.0,68.6,23.7
183.4,82.0,24.4,182.1,70.1,21.2
171.5,52.3,17.8,170.4,54.5,18.8
173.9,58.7,19.4,172.3,58.1,19.6
181.8,83.0,25.1,180.7,89.8,27.5
174.1,68.1,22.5,172.0,62.1,21.0
179.6,88.5,27.4,178.5,91.3,28.7
179.7,70.4,21.8,177.9,71.3,22.5
178.0,73.1,23.1,176.6,65.3,20.9
172.9,81.3,27.2,172.1,83.1,28.0
181.5,72.3,21.9,180.0,79.5,24.5
172.4,60.5,20.4,170.4,61.8,21.3
178.8,59.1,18.5,178.0,62.1,19.6
176.3,85.7,27.6,174.7,86.1,28.2
177.9,64.9,20.5,176.3,63.3,20.4
172.8,81.1,27.2,171.5,75.5,25.7
181.8,98.3,29.7,181.2,87.8,26.8
172.7,77.1,25.9,170.8,77.8,26.7
180.4,68.8,21.1,179.5,70.1,21.8
175.3,71.3,23.2,173.4,69.1,23.0
168.7,81.3,28.6,166.9,82.2,29.5
172.9,61.5,20.6,171.8,58.8,19.9
174.6,51.7,17.0,172.6,53.0,17.8
170.7,84.3,28.9,169.0,88.5,31.0
181.2,67.9,20.7,179.1,63.4,19.8
166.5,48.0,17.3,163.6,46.9,17.5
160.3,63.9,24.9,159.5,61.4,24.2
166.1,58.8,21.3,165.5,59.1,21.6
174.8,66.4,21.7,173.4,68.1,22.7
176.3,78.6,25.3,174.5,79.6,26.2
169.5,59.9,20.8,167.9,53.5,19.0
171.9,59.0,20.0,169.6,53.8,18.7
179.8,74.0,22.9,177.9,79.5,25.1
174.2,80.5,26.5,173.3,85.6,28.5
164.9,79.6,29.3,165.1,82.3,30.2
169.4,54.3,18.9,167.8,53.3,18.9
172.8,67.6,22.6,171.4,66.0,22.5
183.1,63.1,18.8,181.2,61.0,18.6
163.5,97.4,36.4,163.3,94.4,35.4
172.0,67.0,22.6,170.8,69.8,23.9
181.1,82.6,25.2,179.7,84.2,26.1
177.3,97.5,31.0,175.1,94.6,30.8
170.6,70.2,24.1,168.7,66.7,23.4
172.1,68.2,23.0,169.9,75.1,26.0
174.8,83.8,27.4,172.8,84.8,28.4
168.8,81.9,28.7,167.7,79.3,28.2
163.7,52.8,19.7,161.7,49.2,18.8
183.2,83.7,24.9,180.9,84.6,25.9
170.5,66.7,22.9,169.6,67.4,23.4
169.8,54.8,19.0,167.7,57.7,20.5
162.0,61.4,23.4,161.1,61.5,23.7
172.8,74.6,25.0,172.4,71.4,24.0
175.8,66.0,21.4,175.4,60.1,19.6
174.2,74.1,24.4,173.5,73.2,24.3
179.4,61.8,19.2,178.4,68.0,21.3
168.5,64.5,22.7,167.4,66.1,23.6
166.7,58.4,21.0,166.0,59.4,21.6
174.8,52.7,17.2,172.1,54.9,18.6
171.4,74.3,25.3,169.9,75.6,26.2
172.7,75.6,25.3,172.3,74.1,25.0
183.2,99.2,29.6,180.5,94.5,29.0
168.8,71.7,25.2,166.3,61.2,22.1
181.3,74.6,22.7,179.8,71.7,22.2
175.2,73.0,23.8,173.6,69.0,22.9
160.8,55.8,21.6,161.2,60.3,23.2
178.8,103.6,32.4,176.7,107.3,34.4
166.5,74.5,26.9,166.3,82.1,29.7
177.7,79.7,25.2,176.7,80.3,25.7
192.2,75.6,20.5,188.9,74.4,20.8
169.2,71.1,24.8,169.1,67.3,23.5
171.0,53.0,18.1,169.1,57.5,20.1
172.3,68.3,23.0,170.7,64.9,22.3
174.7,57.8,18.9,173.0,59.5,19.9
178.7,76.9,24.1,177.5,74.8,23.7
168.0,70.3,24.9,167.7,68.7,24.4
182.2,88.0,26.5,180.8,88.3,27.0
176.8,52.7,16.9,174.3,53.9,17.8
177.9,87.8,27.7,177.2,88.5,28.2
174.9,62.5,20.4,174.2,66.1,21.8
169.3,63.2,22.0,167.8,62.2,22.1
177.5,72.5,23.0,175.8,76.1,24.6
176.5,91.6,29.4,175.0,91.0,29.7
163.1,75.0,28.2,162.4,72.2,27.4
170.5,56.0,19.3,169.5,56.5,19.7
184.7,109.8,32.2,182.1,102.5,30.9
171.0,74.5,25.5,170.2,72.2,24.9
178.3,90.3,28.4,175.9,98.7,31.9
179.1,84.1,26.2,178.3,81.5,25.6
169.8,65.2,22.6,168.5,61.6,21.7
173.4,61.6,20.5,171.7,60.5,20.5
175.8,81.3,26.3,173.7,77.4,25.7
174.8,53.3,17.4,171.7,53.9,18.3
174.2,68.9,22.7,172.9,65.2,21.8
177.6,103.8,32.9,175.9,101.0,32.6
173.9,84.1,27.8,171.9,80.9,27.4
177.0,78.5,25.1,175.7,77.7,25.2
167.2,78.1,27.9,166.7,76.5,27.5
176.8,81.4,26.0,175.7,84.7,27.4
178.0,84.0,26.5,177.0,76.4,24.4
179.0,68.0,21.2,177.5,70.6,22.4
171.8,75.7,25.6,170.8,73.0,25.0
171.8,53.6,18.2,170.3,61.4,21.2
183.6,117.3,34.8,181.7,108.0,32.7
174.4,81.6,26.8,172.6,79.1,26.5
179.1,77.5,24.2,177.1,76.4,24.4
174.0,58.1,19.2,171.8,58.5,19.8
185.2,99.9,29.1,183.0,95.3,28.5
181.3,78.8,24.0,180.5,73.6,22.6
173.4,71.8,23.9,171.6,72.1,24.5
179.3,65.2,20.3,177.7,64.9,20.6
173.9,63.6,21.0,171.7,64.1,21.7
179.4,76.3,23.7,178.3,76.2,24.0
174.6,84.5,27.7,172.8,88.3,29.6
179.2,51.8,16.1,177.2,56.3,17.9
175.0,76.6,25.0,174.2,76.5,25.2
181.9,91.0,27.5,179.5,83.0,25.8
177.5,75.5,24.0,175.2,80.8,26.3
171.9,63.1,21.4,170.4,64.6,22.3
165.9,49.6,18.0,164.1,48.6,18.1
177.0,64.5,20.6,175.8,66.9,21.7
167.2,71.7,25.6,167.2,67.0,24.0
170.0,63.0,21.8,168.9,59.5,20.9
166.1,65.1,23.6,165.6,65.4,23.9
188.5,70.9,20.0,186.1,73.0,21.1
181.1,76.5,23.3,178.9,73.4,22.9
172.9,69.5,23.2,171.6,67.7,23.0
177.9,59.0,18.6,175.5,58.5,19.0
166.2,45.1,16.3,164.2,52.1,19.3
173.5,57.8,19.2,172.0,60.6,20.5
187.9,78.5,22.2,184.7,71.1,20.8
175.7,71.4,23.1,173.9,76.4,25.3
173.4,71.7,23.8,172.4,75.7,25.5
184.4,91.5,26.9,182.5,88.0,26.4
177.0,68.0,21.7,175.9,70.4,22.8
196.1,77.4,20.1,194.1,72.0,19.1
174.7,70.5,23.1,174.0,66.9,22.1
166.3,62.3,22.5,165.8,64.1,23.3
172.3,59.6,20.1,170.9,60.2,20.6
177.7,71.6,22.7,175.8,72.9,23.6
174.2,104.2,34.3,172.7,98.2,32.9
176.8,65.6,21.0,176.1,61.0,19.7
172.6,65.6,22.0,172.2,70.3,23.7
175.9,98.1,31.7,174.3,99.3,32.7
183.9,71.9,21.3,183.2,73.1,21.8
172.4,85.1,28.6,172.2,77.5,26.2
172.3,77.7,26.2,170.9,78.0,26.7
175.1,73.3,23.9,174.2,70.9,23.4
168.2,59.4,21.0,167.4,59.7,21.3
173.8,63.3,21.0,172.7,61.2,20.5
179.7,79.3,24.6,178.7,75.6,23.7
172.4,77.1,25.9,170.7,72.9,25.0
164.5,70.2,25.9,163.3,70.0,26.2
182.6,94.4,28.3,181.5,89.0,27.0
173.9,57.6,19.0,174.0,63.2,20.9
172.5,60.4,20.3,170.1,60.8,21.0
168.1,63.7,22.5,166.7,61.4,22.1
174.4,80.9,26.6,173.3,83.0,27.7
175.2,69.2,22.5,173.7,71.3,23.7
175.3,79.8,26.0,174.3,79.9,26.3
167.3,83.3,29.8,166.9,81.2,29.2
187.8,75.9,21.5,185.2,77.3,22.5
181.0,75.4,23.0,178.8,85.7,26.8
180.5,95.9,29.4,179.4,91.4,28.4
167.0,69.8,25.0,165.9,61.6,22.4
178.3,65.6,20.6,177.0,64.4,20.6
169.8,57.4,19.9,168.6,57.6,20.2
172.5,72.8,24.5,171.9,75.6,25.6
164.2,68.5,25.4,162.9,70.6,26.6
174.3,66.5,21.9,172.3,62.4,21.0
169.8,75.0,26.0,168.2,70.9,25.0
173.4,63.4,21.1,171.5,63.9,21.7
178.0,60.1,19.0,176.3,64.2,20.7
173.4,68.7,22.8,172.1,76.7,25.9
174.5,83.1,27.3,173.0,82.5,27.6
166.6,90.5,32.6,166.1,89.1,32.3
182.1,74.4,22.4,180.7,71.2,21.8
177.8,67.9,21.5,176.9,68.6,21.9
168.1,54.8,19.4,165.0,49.5,18.2
179.9,74.2,22.9,178.8,76.6,24.0
184.6,91.9,27.0,181.9,98.8,29.9
170.9,66.2,22.7,169.9,68.5,23.7
179.1,88.4,27.6,177.1,86.9,27.7
170.5,64.2,22.1,170.1,68.2,23.6
169.1,76.3,26.7,168.3,75.3,26.6
184.7,100.3,29.4,183.2,92.9,27.7
183.1,80.0,23.9,180.8,85.3,26.1
178.6,64.2,20.1,178.3,65.1,20.5
174.0,65.0,21.5,172.5,63.9,21.5
171.7,51.2,17.4,169.6,51.3,17.8
163.8,92.3,34.4,164.5,88.2,32.6
171.8,73.5,24.9,171.0,69.2,23.7
173.2,65.1,21.7,172.6,64.5,21.7
175.0,71.9,23.5,172.5,64.5,21.7
172.4,95.0,32.0,172.2,93.5,31.5
170.3,66.1,22.8,168.7,69.6,24.5
165.6,60.7,22.1,164.9,58.5,21.5
170.5,55.0,18.9,168.1,58.5,20.7
173.1,99.0,33.0,172.1,106.5,36.0
169.0,67.4,23.6,167.8,70.0,24.8
184.6,102.2,30.0,181.4,103.0,31.3
185.2,80.3,23.4,183.4,77.8,23.1
174.0,65.1,21.5,172.6,61.9,20.8
168.8,69.0,24.2,168.0,67.7,24.0
177.4,61.5,19.5,176.1,59.9,19.3
180.3,57.2,17.6,178.9,64.7,20.2
177.3,75.3,24.0,175.5,76.0,24.7
181.1,71.7,21.9,179.6,68.3,21.2
185.3,66.6,19.4,184.1,69.6,20.5
170.9,83.4,28.6,169.1,88.7,31.0
173.3,76.0,25.3,171.2,77.7,26.5
183.7,133.6,39.6,180.9,122.8,37.5
169.2,65.8,23.0,168.2,71.6,25.3
169.8,64.1,22.2,169.3,66.3,23.1
173.5,56.9,18.9,171.1,53.9,18.4
167.6,74.3,26.5,166.8,73.3,26.3
174.2,79.6,26.2,172.7,76.8,25.8
173.0,71.3,23.8,172.0,63.9,21.6
172.9,80.6,27.0,172.1,78.0,26.3
174.8,55.9,18.3,172.1,53.2,18.0
174.9,61.3,20.0,173.3,57.3,19.1
183.5,80.9,24.0,182.1,74.6,22.5
164.6,70.9,26.2,164.1,66.9,24.9
166.9,83.2,29.9,167.2,79.5,28.5
178.9,68.1,21.3,177.6,73.5,23.3
175.0,81.2,26.5,173.9,84.4,27.9
173.0,65.9,22.0,171.8,58.6,19.9
180.6,76.5,23.5,179.6,78.6,24.4
176.3,58.4,18.8,175.3,66.0,21.5
178.8,67.5,21.1,178.1,68.9,21.7
173.3,69.0,23.0,171.7,67.9,23.0
174.6,82.7,27.1,173.7,80.6,26.7
167.6,89.4,31.8,167.3,89.4,31.9
167.7,49.4,17.6,165.6,50.4,18.4
175.1,70.8,23.1,174.0,68.8,22.7
167.9,92.3,32.7,166.6,96.0,34.6
171.9,56.8,19.2,169.4,56.0,19.5
178.1,76.7,24.2,177.5,78.8,25.0
175.3,74.6,24.3,174.2,76.2,25.1
172.7,56.5,18.9,170.6,56.6,19.5
173.3,88.1,29.3,172.3,87.0,29.3
169.9,79.6,27.6,168.1,71.1,25.2
177.7,68.6,21.7,175.6,65.9,21.4
178.8,73.0,22.8,176.7,67.6,21.6
163.8,59.7,22.3,163.0,59.8,22.5
179.8,60.3,18.7,178.3,64.6,20.3
180.4,72.1,22.2,179.7,75.1,23.3
174.0,71.5,23.6,173.0,78.3,26.2
172.3,96.3,32.4,170.7,98.2,33.7
176.0,65.4,21.1,175.4,64.9,21.1
183.2,98.9,29.5,182.0,94.8,28.6
170.5,64.5,22.2,169.1,61.5,21.5
172.8,60.2,20.2,171.2,61.7,21.0
163.6,60.3,22.5,163.7,60.9,22.7
169.9,60.8,21.1,168.5,57.0,20.1
170.6,72.1,24.8,169.3,74.3,25.9
174.1,61.2,20.2,172.0,66.8,22.6
166.4,86.0,31.1,165.8,83.3,30.3
186.7,97.8,28.1,183.9,102.1,30.2
170.4,67.5,23.2,169.2,61.3,21.4
177.6,90.1,28.6,175.6,94.8,30.8
172.3,98.3,33.1,170.8,96.2,33.0
182.5,59.9,18.0,180.4,58.9,18.1
178.2,100.2,31.6,176.7,92.4,29.6
165.6,71.0,25.9,165.7,69.9,25.4
168.6,89.6,31.5,166.8,92.9,33.4
183.4,87.0,25.9,182.0,88.2,26.6
170.4,75.1,25.9,169.3,76.3,26.6
172.6,67.7,22.7,172.0,68.2,23.0
173.9,84.4,27.9,172.1,80.7,27.2
178.6,91.4,28.7,177.3,93.8,29.9
178.3,90.3,28.4,175.6,95.6,31.0
182.7,72.0,21.6,181.1,72.1,22.0
171.4,67.1,22.8,170.5,65.2,22.4
171.1,92.2,31.5,170.6,94.9,32.6
174.5,81.2,26.7,173.2,79.0,26.3
164.0,68.2,25.4,162.5,70.4,26.7
175.4,55.3,18.0,174.9,62.9,20.6
171.4,76.1,25.9,170.2,80.2,27.7
179.2,62.1,19.3,177.7,62.5,19.8
167.9,51.7,18.3,166.2,50.1,18.1
172.7,79.1,26.5,171.7,80.0,27.2
165.8,57.5,20.9,165.2,57.7,21.2
170.5,57.9,19.9,169.9,58.9,20.4
172.0,71.2,24.1,171.1,64.8,22.1
183.5,78.0,23.2,181.4,75.0,22.8
170.2,52.8,18.2,168.8,51.2,18.0
169.3,71.1,24.8,168.8,69.2,24.3
172.1,71.5,24.1,170.3,70.8,24.4
168.1,48.0,17.0,166.6,49.1,17.7
186.0,68.4,19.8,184.5,67.4,19.8
174.5,77.9,25.6,174.4,82.9,27.3
167.9,61.8,21.9,165.8,59.4,21.6
172.0,70.3,23.8,171.5,63.6,21.6
183.0,66.2,19.8,182.3,69.4,20.9
170.3,82.7,28.5,169.0,87.0,30.5
173.5,59.0,19.6,172.3,56.9,19.2
173.3,74.6,24.8,171.5,79.7,27.1
174.9,85.6,28.0,173.0,87.7,29.3
182.0,85.2,25.7,180.4,85.5,26.3
171.7,70.2,23.8,169.7,64.2,22.3
171.9,60.4,20.4,171.0,62.7,21.5
164.2,66.6,24.7,162.9,62.8,23.7
175.2,98.3,32.0,172.8,95.0,31.8
177.1,92.0,29.3,175.8,83.3,27.0
172.1,70.1,23.7,171.4,70.2,23.9
170.5,48.4,16.6,168.2,55.1,19.5
177.2,63.0,20.1,175.1,66.7,21.7
172.1,55.9,18.9,170.9,61.4,21.0
172.5,73.1,24.6,171.5,73.8,25.1
172.4,63.2,21.3,171.0,60.8,20.8
175.2,54.1,17.6,174.7,57.2,18.7
175.6,61.1,19.8,173.7,57.9,19.2
173.1,65.9,22.0,171.3,59.6,20.3
179.1,70.7,22.0,177.4,79.3,25.2
170.6,65.0,22.3,169.8,63.9,22.2
191.7,99.4,27.0,189.1,103.0,28.8
171.4,64.0,21.8,169.1,60.5,21.1
177.2,78.1,24.9,175.5,75.5,24.5
176.2,82.3,26.5,175.2,81.3,26.5
174.9,71.2,23.3,173.6,68.3,22.7
175.2,49.7,16.2,172.5,55.8,18.7
175.6,62.2,20.2,174.4,66.9,22.0
176.5,71.8,23.0,174.4,72.4,23.8
190.9,83.2,22.8,188.8,76.8,21.5
172.2,102.2,34.5,170.7,101.7,34.9
176.4,85.4,27.4,174.6,82.5,27.1
176.4,66.8,21.5,174.1,65.0,21.5
176.9,83.8,26.8,176.0,86.8,28.0
171.4,59.9,20.4,169.8,64.8,22.5
176.3,78.6,25.3,174.5,81.1,26.6
180.7,81.2,24.9,178.6,72.7,22.8
174.0,72.9,24.1,173.5,75.2,25.0
183.6,64.7,19.2,182.2,66.1,19.9
166.9,59.7,21.4,166.3,60.0,21.7
172.0,79.5,26.9,171.7,76.0,25.8
173.7,74.8,24.8,172.1,79.8,27.0
175.0,71.3,23.3,173.5,69.2,23.0
168.5,55.7,19.6,166.4,59.4,21.4
179.9,58.7,18.1,178.8,57.0,17.8
172.3,67.8,22.8,170.9,64.3,22.0
171.2,83.3,28.4,170.4,91.8,31.6
173.2,65.7,21.9,172.4,66.3,22.3
174.3,68.8,22.6,174.0,73.0,24.1
173.1,62.6,20.9,171.7,62.6,21.2
168.2,73.4,25.9,167.4,72.3,25.8
177.8,77.5,24.5,176.9,79.2,25.3
175.1,64.4,21.0,174.6,58.3,19.1
175.0,84.9,27.7,173.8,81.0,26.8
170.6,58.2,20.0,169.5,65.6,22.8
181.1,91.1,27.8,180.0,85.9,26.5
176.6,61.9,19.8,174.0,60.4,20.0
174.2,55.7,18.4,173.2,58.6,19.5
177.4,68.2,21.7,176.2,75.1,24.2
172.6,61.5,20.6,171.5,64.1,21.8
168.3,66.4,23.4,167.1,67.4,24.2
167.9,78.6,27.9,166.6,79.7,28.7
181.5,95.1,28.9,179.6,84.8,26.3
177.2,55.6,17.7,176.3,60.9,19.6
168.1,61.4,21.7,167.4,61.3,21.9
168.9,87.9,30.8,168.3,84.9,30.0
175.2,83.9,27.3,174.6,80.7,26.4
166.1,53.2,19.3,164.1,52.6,19.5
182.9,60.8,18.2,180.8,66.0,20.2
182.5,79.2,23.8,180.5,85.2,26.2
174.7,73.6,24.1,174.1,70.6,23.3
175.0,60.7,19.8,173.8,64.7,21.4
172.6,72.6,24.4,172.2,69.0,23.2
177.3,61.8,19.7,175.5,61.7,20.0
166.7,58.2,20.9,166.3,60.8,22.0
181.9,99.7,30.1,179.7,92.8,28.7
178.5,86.8,27.2,176.7,93.7,30.0
177.8,72.1,22.8,175.8,80.0,25.9
163.0,94.9,35.7,163.5,93.7,35.1
178.1,68.6,21.6,176.5,69.3,22.3
174.5,55.8,18.3,172.0,53.9,18.2
172.5,50.5,17.0,170.6,53.0,18.2
171.1,51.2,17.5,169.0,52.6,18.4
169.1,82.4,28.8,167.3,81.6,29.2
171.3,73.7,25.1,170.1,68.5,23.7
169.6,60.6,21.1,168.4,60.9,21.5
179.4,64.4,20.0,178.5,61.9,19.4
178.6,77.7,24.4,176.7,77.4,24.8
185.1,69.1,20.2,183.3,67.9,20.2
180.3,88.0,27.1,178.6,81.3,25.5
188.4,113.0,31.8,185.4,110.5,32.2
176.0,67.8,21.9,175.2,71.7,23.4
165.5,47.3,17.3,163.9,49.8,18.5
184.6,90.3,26.5,182.1,101.7,30.7
181.2,62.3,19.0,180.1,62.1,19.1
179.0,71.6,22.3,176.9,76.8,24.5
175.1,68.0,22.2,173.9,65.7,21.7
169.6,59.4,20.7,167.6,57.8,20.6
175.5,68.4,22.2,174.1,65.8,21.7
172.4,69.1,23.2,171.3,62.8,21.4
172.7,58.3,19.5,171.9,60.0,20.3
173.7,84.6,28.0,171.7,81.8,27.8
164.6,67.9,25.1,163.9,60.3,22.5
182.8,83.7,25.0,180.9,81.4,24.9
177.5,81.0,25.7,175.6,84.5,27.4
172.2,58.5,19.7,171.1,60.4,20.6
175.8,67.6,21.9,175.2,72.1,23.5
175.2,66.8,21.8,173.7,68.3,22.6
174.0,93.2,30.8,173.3,97.4,32.4
178.3,65.7,20.7,175.7,60.4,19.5
183.2,79.8,23.8,180.8,78.1,23.9
170.7,76.5,26.3,170.2,81.9,28.3
178.0,84.6,26.7,177.1,82.3,26.2
188.2,79.6,22.5,187.2,79.4,22.7
175.5,78.4,25.5,173.8,73.0,24.1
169.6,85.0,29.6,169.2,89.3,31.2
179.7,66.8,20.7,177.1,63.0,20.1
170.3,63.4,21.9,168.7,60.4,21.2
181.0,67.7,20.7,178.8,72.2,22.6
174.3,62.8,20.7,172.5,71.5,24.0
173.9,75.2,24.9,173.2,81.1,27.0
172.0,69.4,23.5,170.4,67.7,23.3
174.0,70.6,23.3,173.0,69.3,23.2
184.3,80.4,23.7,182.4,124.7,37.5
178.2,70.9,22.3,177.4,77.7,24.7
180.5,72.5,22.3,178.0,81.1,25.6
183.6,92.6,27.5,182.2,87.1,26.3
167.1,55.8,20.0,166.1,54.8,19.9
186.8,68.9,19.7,185.8,71.6,20.7
177.0,60.7,19.4,174.7,61.4,20.1
183.7,78.0,23.1,182.2,83.9,25.3
177.9,77.0,24.3,177.3,72.7,23.1
174.9,58.5,19.1,173.2,62.1,20.7
179.5,87.1,27.0,177.1,91.3,29.1
173.1,58.1,19.4,171.6,56.0,19.0
165.3,53.5,19.6,163.5,56.5,21.1
174.2,59.9,19.7,173.5,59.9,19.9
178.4,66.4,20.9,177.2,67.1,21.4
175.5,67.9,22.0,173.8,74.9,24.8
171.6,71.5,24.3,170.8,78.2,26.8
178.6,81.1,25.4,176.8,83.5,26.7
173.8,70.7,23.4,172.9,71.0,23.7
168.8,69.5,24.4,168.5,76.0,26.8
176.4,56.3,18.1,176.1,56.9,18.3
171.1,66.6,22.7,169.9,63.9,22.1
171.5,68.8,23.4,170.1,69.3,23.9
170.3,90.1,31.1,168.9,97.0,34.0
162.2,56.0,21.3,161.9,53.8,20.5
177.3,79.8,25.4,175.3,82.5,26.8
167.8,89.0,31.6,166.3,84.5,30.6
173.1,63.8,21.3,170.6,57.3,19.7
168.4,68.1,24.0,167.7,64.4,22.9
168.7,56.4,19.8,167.1,57.7,20.7
173.2,74.3,24.8,171.9,71.2,24.1
165.7,57.4,20.9,164.8,57.4,21.2
185.8,84.2,24.4,184.4,78.6,23.1
182.4,81.9,24.6,180.7,90.6,27.7
182.3,95.1,28.6,180.7,98.7,30.2
176.4,70.1,22.5,175.8,80.4,26.0
179.4,71.2,22.1,178.4,74.2,23.3
182.0,74.5,22.5,180.3,77.3,23.8
176.3,87.8,28.2,174.8,93.9,30.8
177.3,54.3,17.3,175.6,52.5,17.0
170.2,53.5,18.5,167.1,51.9,18.6
173.6,78.0,25.9,171.7,78.0,26.4
174.3,95.6,31.5,172.3,93.0,31.3
174.8,86.0,28.1,172.5,86.6,29.1
173.6,57.8,19.2,171.2,58.7,20.0
182.2,81.3,24.5,180.6,70.8,21.7
178.0,71.7,22.6,176.6,75.9,24.3
169.8,54.8,19.0,167.7,57.7,20.5
164.9,72.9,26.8,164.6,72.5,26.8
166.8,68.8,24.7,165.4,66.4,24.3
173.6,63.0,20.9,171.8,64.4,21.8
178.9,89.9,28.1,177.3,89.6,28.5
180.1,82.6,25.5,179.4,86.1,26.7
176.8,83.7,26.8,175.2,80.2,26.1
174.2,79.4,26.2,172.0,81.2,27.4
168.6,81.6,28.7,167.5,82.6,29.4
171.5,76.9,26.1,170.0,76.8,26.6
178.6,68.2,21.4,176.3,69.8,22.5
168.5,59.1,20.8,167.0,59.1,21.2
172.6,60.9,20.4,171.7,63.0,21.4
171.2,64.7,22.1,169.8,64.0,22.2
172.4,74.2,25.0,170.2,76.1,26.3
172.3,60.0,20.2,171.5,59.2,20.1
172.9,81.2,27.2,171.4,59.9,20.4
168.2,61.1,21.6,167.6,62.2,22.1
174.0,67.3,22.2,173.1,67.6,22.6
179.2,57.4,17.9,178.2,60.5,19.0
177.6,61.6,19.5,175.3,67.6,22.0
166.4,58.6,21.2,165.1,59.2,21.7
179.0,93.0,29.0,176.8,67.2,21.5
175.4,67.5,21.9,174.7,72.2,23.6
171.7,68.8,23.3,170.3,71.6,24.7
164.2,76.3,28.3,163.6,82.2,30.7
175.8,75.1,24.3,175.0,66.8,21.8
168.7,75.6,26.6,168.9,75.3,26.4
172.3,68.5,23.1,171.3,64.6,22.0
180.3,66.8,20.5,178.9,66.2,20.7
178.1,83.5,26.3,177.2,86.4,27.5
173.5,60.6,20.1,171.9,61.3,20.7
176.8,75.1,24.0,175.4,70.5,22.9
181.8,71.8,21.7,181.0,71.6,21.9
180.6,72.2,22.1,179.9,67.1,20.7
166.8,53.4,19.2,164.7,58.8,21.7
173.8,78.2,25.9,172.2,81.9,27.6
171.7,62.3,21.1,169.8,57.8,20.1
178.7,72.8,22.8,178.1,71.5,22.5
174.5,58.9,19.3,173.0,53.4,17.8
179.6,70.5,21.9,178.0,74.8,23.6
166.1,74.6,27.0,166.3,75.7,27.4
167.7,68.4,24.3,167.3,60.2,21.5
168.4,66.6,23.5,167.3,73.2,26.2
178.9,72.5,22.7,177.5,69.7,22.1
170.0,57.1,19.8,168.1,55.5,19.6
166.1,61.9,22.4,165.2,65.9,24.2
164.8,59.5,21.9,164.2,52.5,19.4
172.3,57.7,19.4,171.4,61.5,20.9
178.7,75.1,23.5,177.5,84.2,26.7
172.2,57.4,19.4,171.4,54.2,18.4
176.5,75.2,24.1,175.7,69.1,22.4
175.5,103.2,33.5,174.1,102.1,33.7
171.5,63.5,21.6,171.1,66.4,22.7
175.3,74.4,24.2,174.1,74.3,24.5
175.5,71.8,23.3,173.6,63.1,20.9
175.3,87.4,28.4,173.6,90.6,30.0
177.4,59.2,18.8,175.6,66.6,21.6
172.6,111.3,37.4,171.6,103.8,35.2
184.1,96.5,28.5,182.2,99.8,30.1
171.1,66.1,22.6,170.0,64.7,22.4
170.7,64.5,22.1,170.1,66.9,23.1
172.3,56.6,19.1,171.1,59.5,20.3
175.9,92.2,29.8,173.4,92.4,30.7
173.0,88.9,29.7,171.2,82.4,28.1
187.5,83.6,23.8,184.8,71.5,20.9
173.1,48.8,16.3,170.5,52.8,18.2
175.8,70.4,22.8,174.6,67.0,22.0
180.7,81.1,24.8,179.8,75.2,23.2
178.7,67.9,21.3,176.9,67.1,21.4
185.3,75.5,22.0,182.4,74.1,22.3
174.2,55.8,18.4,172.9,59.5,19.9
182.5,63.2,19.0,181.4,67.0,20.4
181.8,77.8,23.5,180.5,76.8,23.6
172.1,58.3,19.7,171.9,61.8,20.9
186.4,115.5,33.2,184.2,112.5,33.2
176.0,63.3,20.4,174.6,62.3,20.4
166.8,72.5,26.1,165.7,67.1,24.4
168.6,64.3,22.6,167.6,60.3,21.5
175.5,57.2,18.6,174.0,60.5,20.0
166.3,67.4,24.4,166.1,66.1,23.9
171.9,57.3,19.4,170.1,56.0,19.3
174.5,65.8,21.6,173.8,65.5,21.7
164.7,61.4,22.6,164.2,64.8,24.0
173.8,73.4,24.3,172.5,71.4,24.0
172.4,81.5,27.4,172.1,82.9,28.0
174.3,80.0,26.3,172.6,68.7,23.1
183.1,63.7,19.0,181.9,60.1,18.2
173.7,73.1,24.2,172.7,70.9,23.8
184.9,68.4,20.0,184.0,76.9,22.7
173.3,62.7,20.9,172.3,60.8,20.5
174.8,56.8,18.6,173.2,55.3,18.4
173.7,49.3,16.3,171.5,55.1,18.7
177.9,61.2,19.3,175.9,62.5,20.2
180.9,68.3,20.9,178.5,72.2,22.7
175.4,59.7,19.4,172.9,62.8,21.0
172.2,65.3,22.0,171.3,62.8,21.4
178.8,95.3,29.8,177.0,98.3,31.4
177.4,85.2,27.1,176.0,84.0,27.1
171.9,62.8,21.3,170.6,64.1,22.0
177.5,67.7,21.5,176.6,66.5,21.3
171.9,59.5,20.1,170.4,62.0,21.3
179.9,79.3,24.5,177.5,83.8,26.6
174.9,61.4,20.1,173.1,64.6,21.6
176.0,79.0,25.5,174.1,76.0,25.1
180.6,103.1,31.6,179.5,106.1,32.9
166.0,57.1,20.7,164.2,53.2,19.7
176.6,79.5,25.5,174.3,82.6,27.2
164.3,50.1,18.6,163.2,50.6,19.0
165.4,69.1,25.3,164.8,67.3,24.8
170.0,56.7,19.6,168.9,53.9,18.9
183.9,68.4,20.2,182.4,66.3,19.9
176.4,101.5,32.6,174.6,102.6,33.7
179.8,69.5,21.5,177.7,70.0,22.2
182.2,94.5,28.5,179.8,93.4,28.9
174.4,64.9,21.3,172.7,61.2,20.5
179.2,75.2,23.4,177.3,71.9,22.9
177.1,58.5,18.7,175.0,57.9,18.9
180.1,53.2,16.4,178.5,56.4,17.7
174.1,62.7,20.7,173.5,60.6,20.1
175.3,93.1,30.3,173.4,94.1,31.3
176.3,89.4,28.8,174.6,85.1,27.9
169.4,65.3,22.8,167.7,61.2,21.7
172.7,70.8,23.7,172.2,69.1,23.3
168.7,68.6,24.1,167.3,62.1,22.2
165.9,60.1,21.8,165.2,60.5,22.2
178.7,74.5,23.3,176.7,75.4,24.2
166.3,62.9,22.7,165.3,62.1,22.7
174.7,71.6,23.5,173.0,68.6,22.9
168.0,66.6,23.6,167.5,63.7,22.7
177.5,69.8,22.2,176.3,71.2,22.9
183.0,55.9,16.7,180.9,58.1,17.8
176.0,68.3,22.0,173.9,67.5,22.3
175.0,86.8,28.3,174.3,86.7,28.6
178.8,86.2,27.0,177.6,87.6,27.8
171.9,69.7,23.6,169.8,61.4,21.3
175.6,60.6,19.7,173.4,59.8,19.9
170.3,49.5,17.1,167.5,49.2,17.5
175.2,74.3,24.2,174.4,76.4,25.1
172.8,84.4,28.3,171.7,76.8,26.1
171.2,60.6,20.7,169.8,60.9,21.1
181.8,70.1,21.2,181.6,69.8,21.2
170.5,66.2,22.8,168.7,66.5,23.4
178.0,69.3,21.9,176.1,70.3,22.7
176.5,47.9,15.4,173.7,53.8,17.8
180.6,70.2,21.5,178.5,72.0,22.6
174.3,79.5,26.2,172.1,77.4,26.1
170.0,73.2,25.3,168.9,70.2,24.6
177.7,78.8,25.0,176.7,80.1,25.7
177.8,116.1,36.7,176.4,107.3,34.5
173.1,62.4,20.8,171.4,64.3,21.9
192.2,95.5,25.9,188.6,90.2,25.3
177.3,79.2,25.2,175.0,68.2,22.3
173.9,71.8,23.7,172.6,68.2,22.9
174.5,73.7,24.2,172.8,70.1,23.5
174.0,64.6,21.3,172.3,67.9,22.9
180.1,71.8,22.1,178.6,66.1,20.7
178.2,87.8,27.6,177.4,91.3,29.0
171.2,83.4,28.5,169.8,81.8,28.4
170.3,61.0,21.0,169.8,57.9,20.1
169.4,53.7,18.7,168.8,55.6,19.5
178.8,88.3,27.6,177.5,88.9,28.2
177.6,68.3,21.7,175.6,64.0,20.7
167.1,55.0,19.7,165.8,58.3,21.2
168.8,72.4,25.4,167.9,71.9,25.5
178.4,64.0,20.1,178.1,61.8,19.5
178.5,75.1,23.6,176.6,71.5,22.9
180.5,79.0,24.2,178.8,78.6,24.6
167.9,63.2,22.4,166.8,60.4,21.7
170.1,70.9,24.5,169.6,71.1,24.7
176.9,61.1,19.5,176.2,65.4,21.1
174.9,66.4,21.7,173.1,66.6,22.2
175.3,65.4,21.3,174.2,64.2,21.2
176.5,92.3,29.6,175.7,85.1,27.5
171.0,67.2,23.0,169.4,75.8,26.4
184.2,75.6,22.3,183.5,85.5,25.4
175.3,70.3,22.9,173.9,69.7,23.1
175.3,63.5,20.7,174.3,67.4,22.2
165.2,54.1,19.8,162.9,52.2,19.7
164.6,53.4,19.7,164.9,61.6,22.7
177.9,63.6,20.1,175.9,63.7,20.6
176.8,69.2,22.1,176.2,70.1,22.6
174.4,66.2,21.8,173.5,68.4,22.7
171.8,90.4,30.6,170.0,90.0,31.1
177.1,90.8,29.0,174.6,95.7,31.4
176.5,83.8,26.9,174.1,97.4,32.1
169.5,55.6,19.4,168.4,59.9,21.1
174.6,70.0,23.0,174.1,71.7,23.7
167.5,65.9,23.5,166.1,63.9,23.2
170.0,72.4,25.1,168.2,72.2,25.5
179.3,62.4,19.4,177.4,64.2,20.4
169.6,75.8,26.4,169.4,73.3,25.5
182.3,79.8,24.0,180.1,74.0,22.8
183.7,72.9,21.6,182.6,69.7,20.9
165.8,49.0,17.8,163.9,48.0,17.9
183.4,73.7,21.9,181.5,73.5,22.3
176.2,57.6,18.6,174.1,54.6,18.0
178.9,69.1,21.6,178.1,78.2,24.7
180.7,69.5,21.3,179.9,66.5,20.6
183.2,87.1,26.0,181.6,90.0,27.3
174.5,82.0,26.9,174.0,74.9,24.7
171.6,49.9,16.9,170.3,53.0,18.3
179.9,66.8,20.6,178.5,63.0,19.8
166.6,69.5,25.0,166.2,64.7,23.4
173.5,80.3,26.7,172.4,73.7,24.8
176.5,77.9,25.0,174.6,75.4,24.7
176.8,78.5,25.1,176.0,70.0,22.6
164.2,62.2,23.1,163.1,65.8,24.7
173.8,86.6,28.7,172.8,91.0,30.4
173.6,56.3,18.7,172.7,60.4,20.2
177.6,76.4,24.2,176.9,65.1,20.8
178.5,69.4,21.8,176.7,69.1,22.1
176.4,61.0,19.6,174.1,63.1,20.8
180.5,80.8,24.8,178.5,85.1,26.7
170.0,64.9,22.5,169.0,67.0,23.5
177.9,69.5,22.0,177.3,65.9,20.9
165.5,89.1,32.5,165.5,84.4,30.8
176.9,70.2,22.4,175.4,69.9,22.7
169.5,54.9,19.1,167.9,54.9,19.5
172.6,52.8,17.7,171.5,57.5,19.5
168.3,64.3,22.7,167.7,60.3,21.4
172.4,77.2,26.0,170.5,79.5,27.3
177.2,76.9,24.5,177.0,79.4,25.3
171.2,58.2,19.9,170.5,60.5,20.8
176.4,85.2,27.4,175.8,85.5,27.7
188.6,76.2,21.4,186.3,68.3,19.7
182.1,75.1,22.6,180.1,78.9,24.3
171.3,57.2,19.5,169.2,59.1,20.6
172.2,67.7,22.8,170.2,64.5,22.3
166.5,66.5,24.0,166.6,62.1,22.4
167.6,60.3,21.5,165.7,57.2,20.8
168.2,48.6,17.2,165.6,52.4,19.1
180.9,82.4,25.2,180.0,85.6,26.4
174.3,75.0,24.7,172.7,66.6,22.3
170.8,75.1,25.7,169.8,68.4,23.7
172.7,65.9,22.1,171.9,63.9,21.6
174.7,74.1,24.3,174.0,71.8,23.7
178.6,90.7,28.4,177.8,89.2,28.2
172.1,82.7,27.9,170.2,79.6,27.5
174.7,69.2,22.7,174.1,65.6,21.6
173.0,55.1,18.4,171.2,61.5,21.0
177.3,72.0,22.9,176.4,73.3,23.6
174.4,88.9,29.2,172.5,94.6,31.8
163.7,72.6,27.1,163.3,73.0,27.4
176.9,72.4,23.1,175.8,68.0,22.0
172.7,62.7,21.0,171.1,61.2,20.9
175.1,64.3,21.0,173.3,61.1,20.3
176.4,55.7,17.9,175.1,56.9,18.6
160.8,59.5,23.0,160.2,64.1,25.0
176.4,79.1,25.4,174.6,82.7,27.1
169.1,51.3,17.9,167.6,53.1,18.9
174.4,55.7,18.3,174.1,59.3,19.6
173.9,86.0,28.4,171.9,86.7,29.4
171.0,62.1,21.2,169.8,61.2,21.2
174.1,92.9,30.6,173.6,85.9,28.5
174.8,90.3,29.6,173.7,88.7,29.4
170.5,64.5,22.2,170.4,69.7,24.0
172.1,50.1,16.9,171.3,55.3,18.8
172.2,68.3,23.0,171.7,69.2,23.5
179.7,96.3,29.8,177.0,95.7,30.5
183.2,101.4,30.2,181.9,100.5,30.4
171.1,70.1,23.9,170.2,72.4,25.0
169.4,84.4,29.4,169.6,84.7,29.4
181.0,68.2,20.8,179.8,67.7,20.9
168.2,59.6,21.1,166.8,56.8,20.4
177.6,106.4,33.7,176.2,102.2,32.9
167.3,69.4,24.8,167.0,69.0,24.8
179.3,79.0,24.6,178.9,71.8,22.4
173.7,79.7,26.4,173.1,86.1,28.7
170.3,71.9,24.8,169.9,71.4,24.7
181.4,63.5,19.3,179.1,61.8,19.3
168.5,70.0,24.7,167.7,69.5,24.7
178.5,86.2,27.1,178.0,88.0,27.8
167.7,85.0,30.2,166.6,75.0,27.0
179.4,81.0,25.2,178.9,76.4,23.9
181.8,93.3,28.2,180.9,77.7,23.7
169.3,70.1,24.5,168.2,73.2,25.9
164.1,71.4,26.5,164.3,75.4,27.9
172.5,49.6,16.7,171.3,57.5,19.6
173.3,71.3,23.7,172.8,74.3,24.9
175.7,63.6,20.6,174.3,59.4,19.5
171.9,57.5,19.5,170.5,53.7,18.5
172.6,69.4,23.3,171.2,65.8,22.5
169.3,62.4,21.8,167.3,59.9,21.4
174.3,61.5,20.2,172.5,65.3,21.9
163.6,62.7,23.4,163.0,61.5,23.1
169.0,63.1,22.1,168.6,64.9,22.8
172.0,49.2,16.6,170.9,51.3,17.6
183.1,69.2,20.6,182.5,70.0,21.0
182.5,80.4,24.1,180.0,80.9,25.0
172.4,72.2,24.3,172.2,68.2,23.0
173.5,69.8,23.2,172.3,73.5,24.8
175.6,59.9,19.4,173.3,69.4,23.1
173.4,58.0,19.3,172.3,59.7,20.1
167.0,96.0,34.4,165.8,93.9,34.1
173.9,61.5,20.3,173.4,62.0,20.6
178.6,62.5,19.6,177.7,62.7,19.9
167.1,68.5,24.5,166.1,68.7,24.9
169.8,65.7,22.8,169.1,64.2,22.4
172.5,102.7,34.5,172.0,98.3,33.2
175.3,68.7,22.4,173.4,61.7,20.5
163.0,52.9,19.9,160.3,50.5,19.6
172.1,96.7,32.6,170.6,102.0,35.0
182.8,80.7,24.2,180.7,79.6,24.4
174.8,56.4,18.5,172.4,52.7,17.7
172.9,62.5,20.9,171.7,60.8,20.6
175.3,84.5,27.5,174.7,89.0,29.2
175.1,62.3,20.3,172.5,57.1,19.2
170.5,74.3,25.6,169.3,73.4,25.6
169.0,69.0,24.2,168.2,71.9,25.4
181.0,64.2,19.6,179.8,66.2,20.5
173.3,68.6,22.8,171.1,63.5,21.7
182.0,65.4,19.7,181.2,60.5,18.4
175.0,57.2,18.7,172.7,55.7,18.7
177.4,80.4,25.5,176.1,79.1,25.5
175.0,73.1,23.9,172.4,68.5,23.0
177.0,71.4,22.8,175.1,67.0,21.8
176.0,91.6,29.6,174.5,90.2,29.6
171.7,61.1,20.7,170.0,61.3,21.2
175.3,67.2,21.9,173.3,68.1,22.7
175.9,85.0,27.5,175.0,92.9,30.4
176.1,84.1,27.1,175.8,85.8,27.8
172.3,61.5,20.7,170.3,60.4,20.8
175.3,54.6,17.8,173.2,59.3,19.8
170.5,63.7,21.9,169.3,65.5,22.8
173.3,69.8,23.2,172.6,67.2,22.6
174.0,76.2,25.2,173.5,80.8,26.8
178.6,89.7,28.1,177.4,90.6,28.8
178.2,58.6,18.5,177.6,62.2,19.7
171.4,70.8,24.1,169.8,68.2,23.6
171.2,61.0,20.8,171.1,58.0,19.8
171.3,60.4,20.6,170.3,62.0,21.4
167.9,82.2,29.2,165.9,82.3,29.9
178.9,62.1,19.4,177.6,60.4,19.2
174.7,84.1,27.6,174.0,90.4,29.9
175.8,94.8,30.7,174.5,89.0,29.2
178.2,73.1,23.0,176.7,66.5,21.3
179.8,83.6,25.9,178.4,77.2,24.3
177.6,61.4,19.5,176.9,65.9,21.1
171.8,60.2,20.4,169.5,59.1,20.6
174.9,75.2,24.6,173.1,76.1,25.4
181.7,78.9,23.9,180.3,72.6,22.3
179.7,57.1,17.7,177.6,53.7,17.0
170.1,57.4,19.8,169.1,60.1,21.0
177.5,70.8,22.5,176.6,71.6,23.0
167.7,86.8,30.9,166.7,90.1,32.4
180.6,86.1,26.4,178.4,83.4,26.2
175.7,64.7,21.0,174.4,67.1,22.1
171.3,63.2,21.5,170.5,58.7,20.2
168.4,53.7,18.9,166.4,53.9,19.5
182.2,67.7,20.4,180.2,69.5,21.4
180.2,68.1,21.0,179.0,64.9,20.2
187.0,99.8,28.5,184.4,105.5,31.0
180.8,73.3,22.4,179.0,82.6,25.8
174.1,85.3,28.1,173.0,86.3,28.8
172.1,61.6,20.8,171.3,56.2,19.2
176.1,104.1,33.6,174.8,108.6,35.6
174.4,64.9,21.3,172.7,61.2,20.5
167.3,60.2,21.5,165.4,57.5,21.0
170.2,52.9,18.3,169.5,55.3,19.2
169.2,63.1,22.0,169.0,63.6,22.3
170.8,72.0,24.7,169.8,69.2,24.0
169.5,59.8,20.8,168.6,63.6,22.4
171.6,63.2,21.5,170.1,54.9,19.0
176.1,63.1,20.3,173.6,60.5,20.1
175.5,75.5,24.5,174.3,77.7,25.6
174.3,74.9,24.7,172.6,63.5,21.3
185.3,66.1,19.3,184.0,71.9,21.2
168.7,77.7,27.3,168.8,75.4,26.4
183.5,63.6,18.9,182.5,66.5,20.0
169.6,48.5,16.9,167.8,54.5,19.4
186.7,73.7,21.1,184.8,70.5,20.6
178.3,83.0,26.1,176.1,81.0,26.1
172.5,87.2,29.3,172.1,100.0,33.8
183.7,84.0,24.9,182.2,78.7,23.7
172.9,53.1,17.8,171.6,54.8,18.6
166.7,56.2,20.2,165.5,59.9,21.9
174.6,64.9,21.3,172.8,68.1,22.8
178.4,73.4,23.1,176.1,63.6,20.5
168.9,79.1,27.7,168.9,80.1,28.1
174.9,84.2,27.5,173.9,79.2,26.2
171.6,60.0,20.4,169.5,53.3,18.6
178.5,73.1,22.9,176.4,72.7,23.4
177.1,72.2,23.0,176.2,62.7,20.2
171.7,63.8,21.6,169.8,60.6,21.0
180.7,73.0,22.4,178.7,65.0,20.4
169.5,58.0,20.2,167.4,55.0,19.6
167.5,62.8,22.4,167.3,62.9,22.5
172.2,85.5,28.8,171.4,80.4,27.4
172.4,90.5,30.4,171.8,89.3,30.3
169.6,70.3,24.4,168.5,79.1,27.9
173.0,74.1,24.8,172.2,69.1,23.3
163.2,61.0,22.9,162.9,64.6,24.4
174.1,69.2,22.8,172.5,68.1,22.9
173.8,65.1,21.6,173.0,61.0,20.4
181.4,88.1,26.8,179.1,74.0,23.1
173.3,60.3,20.1,171.2,63.1,21.5
176.6,64.4,20.6,174.8,63.9,20.9
178.9,54.6,17.1,176.9,56.7,18.1
169.8,82.4,28.6,169.0,79.8,27.9
170.1,59.0,20.4,169.2,64.7,22.6
176.6,64.5,20.7,176.0,63.8,20.6
174.3,96.8,31.9,174.1,104.9,34.6
178.6,57.5,18.0,176.5,58.4,18.7
180.8,77.4,23.7,178.4,74.6,23.4
175.3,111.1,36.2,174.3,106.3,35.0
172.9,57.8,19.3,171.2,61.2,20.9
173.8,58.2,19.3,171.3,60.3,20.6
171.1,64.5,22.0,169.9,60.0,20.8
172.3,73.2,24.7,171.4,75.8,25.8
167.6,66.5,23.7,166.5,62.3,22.5
179.3,68.5,21.3,177.9,70.0,22.1
179.5,80.0,24.8,177.9,84.7,26.8
173.0,55.5,18.5,172.2,60.5,20.4
178.9,67.5,21.1,177.4,61.9,19.7
171.4,67.6,23.0,169.8,62.2,21.6
171.1,74.6,25.5,169.6,73.4,25.5
180.4,66.2,20.3,178.9,67.4,21.1
178.4,80.9,25.4,176.4,79.2,25.4
178.3,57.5,18.1,176.6,62.7,20.1
167.1,59.4,21.3,166.4,66.1,23.9
170.9,60.2,20.6,168.5,60.8,21.4
179.6,94.5,29.3,177.6,94.1,29.8
175.5,51.9,16.9,173.2,51.6,17.2
173.1,64.6,21.6,171.8,64.4,21.8
164.9,48.4,17.8,162.6,47.0,17.8
171.2,62.1,21.2,170.1,65.7,22.7
181.4,88.1,26.8,180.4,93.2,28.6
162.4,53.3,20.2,161.9,53.3,20.3
175.6,86.6,28.1,174.1,86.6,28.6
169.6,57.3,19.9,167.6,58.8,20.9
185.0,95.3,27.8,183.8,98.7,29.2
172.4,59.2,19.9,170.1,57.9,20.0
170.7,74.5,25.6,170.5,73.8,25.4
176.6,65.0,20.8,174.4,67.1,22.1
175.8,90.4,29.3,173.5,81.3,27.0
195.3,73.4,19.2,193.1,70.4,18.9
176.4,70.0,22.5,175.0,67.6,22.1
179.6,86.1,26.7,178.2,86.8,27.3
177.8,88.8,28.1,177.3,85.5,27.2
176.8,64.2,20.5,175.4,65.3,21.2
171.3,81.6,27.8,170.4,76.4,26.3
164.1,46.7,17.3,162.7,48.4,18.3
169.0,57.2,20.0,167.0,55.7,20.0
171.7,76.3,25.9,171.3,76.7,26.1
182.4,66.8,20.1,180.7,75.9,23.2
176.0,79.6,25.7,175.2,73.0,23.8
175.4,93.8,30.5,172.9,93.6,31.3
165.4,55.6,20.3,164.7,66.7,24.6
181.7,70.5,21.4,180.9,76.8,23.5
173.0,110.2,36.8,173.2,110.2,36.8
169.3,67.4,23.5,168.3,65.7,23.2
174.8,63.8,20.9,174.1,66.0,21.8
176.6,88.4,28.3,174.5,89.2,29.3
179.0,84.8,26.5,177.8,94.3,29.8
166.0,58.0,21.0,165.1,61.9,22.7
181.4,71.2,21.6,180.3,67.1,20.6
173.3,77.0,25.6,171.9,69.5,23.5
161.7,60.3,23.1,159.8,54.7,21.4
175.0,54.5,17.8,173.5,61.2,20.3
178.0,66.5,21.0,176.2,62.6,20.2
178.5,66.7,20.9,177.2,63.8,20.3
167.7,95.1,33.8,166.1,94.2,34.2
170.6,51.6,17.7,169.6,53.3,18.5
172.4,85.0,28.6,170.9,79.4,27.2
172.1,47.8,16.1,170.6,51.9,17.8
169.7,82.4,28.6,167.9,79.9,28.3
179.3,67.7,21.1,177.9,65.3,20.6
174.5,89.5,29.4,173.5,84.7,28.1
176.3,58.7,18.9,174.4,55.8,18.3
179.2,63.9,19.9,177.8,62.6,19.8
174.2,62.9,20.7,173.7,65.0,21.5
176.7,84.1,26.9,175.9,81.1,26.2
177.5,70.2,22.3,175.3,72.2,23.5
176.2,83.7,27.0,174.5,82.3,27.0
168.0,60.3,21.4,167.3,56.9,20.3
176.7,59.2,19.0,174.9,58.6,19.2
181.3,93.7,28.5,180.2,93.0,28.6
176.9,84.1,26.9,175.7,87.9,28.5
168.3,54.5,19.2,166.5,57.1,20.6
169.5,81.5,28.4,168.5,82.3,29.0
174.4,96.1,31.6,172.8,97.2,32.6
176.6,53.3,17.1,175.2,55.0,17.9
181.3,67.1,20.4,180.3,68.8,21.2
174.6,67.3,22.1,172.8,68.7,23.0
175.0,77.2,25.2,173.2,74.4,24.8
171.9,66.7,22.6,170.7,72.1,24.7
174.5,55.0,18.1,173.2,57.2,19.1
175.4,72.8,23.7,173.9,83.1,27.5
177.9,63.4,20.0,175.7,60.0,19.4
174.6,59.7,19.6,172.9,54.9,18.4
173.1,72.5,24.2,172.1,76.0,25.7
180.4,76.2,23.4,179.2,76.0,23.7
166.6,61.4,22.1,166.1,56.8,20.6
177.0,77.1,24.6,175.9,69.7,22.5
174.5,53.9,17.7,172.4,55.5,18.7
180.0,60.5,18.7,177.7,58.5,18.5
174.2,94.3,31.1,173.6,92.0,30.6
179.9,68.8,21.3,179.0,70.1,21.9
175.6,99.5,32.3,174.7,94.3,30.9
173.9,74.4,24.6,172.1,72.7,24.5
176.6,86.2,27.6,175.1,84.4,27.5
179.9,68.9,21.3,178.4,67.5,21.2
181.5,90.9,27.6,179.8,88.7,27.5
167.0,41.9,15.0,165.5,47.4,17.3
174.1,74.6,24.6,172.5,74.8,25.1
179.3,68.0,21.2,177.8,64.9,20.5
178.5,85.6,26.9,177.2,86.6,27.6
168.9,80.6,28.3,167.9,73.4,26.1
190.6,66.8,18.4,188.9,63.3,17.7
181.7,73.0,22.1,180.2,70.0,21.6
180.9,77.9,23.8,179.0,74.3,23.2
175.3,69.2,22.5,173.9,70.6,23.3
173.6,92.7,30.8,172.6,92.8,31.1
178.6,70.6,22.1,177.3,75.2,23.9
174.2,78.2,25.8,174.0,73.3,24.2
172.7,76.3,25.6,171.5,75.2,25.6
180.7,99.7,30.5,178.1,103.4,32.6
168.1,60.0,21.2,165.6,51.8,18.9
170.8,94.7,32.5,170.7,99.3,34.1
172.0,69.8,23.6,171.2,69.9,23.9
175.8,80.8,26.1,175.2,77.1,25.1
184.4,101.1,29.7,181.5,99.2,30.1
178.6,81.1,25.4,176.8,83.5,26.7
165.8,61.8,22.5,164.8,55.4,20.4
171.1,47.1,16.1,169.1,52.4,18.3
179.7,103.7,32.1,177.6,98.5,31.2
189.2,73.3,20.5,186.5,72.4,20.8
181.3,69.0,21.0,179.8,66.1,20.4
173.4,77.9,25.9,171.5,77.2,26.2
169.1,61.5,21.5,168.9,63.4,22.2
178.3,65.1,20.5,176.0,64.5,20.8
173.4,71.9,23.9,171.8,72.0,24.4
177.2,111.4,35.5,176.9,112.7,36.0
177.6,77.3,24.5,175.6,76.0,24.6
176.8,98.1,31.4,175.3,98.2,31.9
170.5,66.7,22.9,169.0,60.9,21.3
174.3,64.0,21.1,173.3,65.8,21.9
182.5,75.9,22.8,180.5,77.2,23.7
172.2,63.0,21.2,170.3,61.1,21.1
175.3,64.9,21.1,173.9,66.2,21.9
169.2,87.2,30.5,168.3,79.4,28.0
182.6,86.3,25.9,181.3,89.0,27.1
166.2,67.0,24.3,165.3,65.9,24.1
168.2,56.2,19.9,167.5,61.1,21.8
178.8,87.1,27.2,177.4,88.6,28.2
169.4,54.6,19.0,168.6,56.5,19.9
172.1,63.5,21.4,171.6,68.0,23.1
175.5,64.2,20.8,173.3,66.6,22.2
181.0,61.0,18.6,179.3,65.3,20.3
190.1,120.9,33.5,187.5,112.2,31.9
181.1,71.7,21.9,179.2,68.0,21.2
176.9,95.3,30.5,175.1,93.7,30.6
174.5,91.7,30.1,173.2,88.6,29.5
178.1,72.7,22.9,176.7,71.5,22.9
178.3,54.0,17.0,176.6,60.1,19.3
173.2,74.7,24.9,172.8,75.1,25.1
177.0,64.2,20.5,175.6,58.6,19.0
183.3,69.7,20.7,182.5,67.4,20.3
171.2,76.9,26.2,170.3,75.3,26.0
175.4,62.5,20.3,173.7,64.9,21.5
168.5,89.1,31.4,167.3,87.8,31.4
179.2,105.2,32.8,177.6,100.9,32.0
177.3,74.8,23.8,176.3,74.2,23.9
180.2,83.9,25.8,178.0,77.9,24.6
168.8,59.5,20.9,167.2,60.8,21.7
178.8,67.4,21.1,177.7,61.9,19.6
182.5,96.6,29.0,181.5,85.2,25.9
176.8,92.9,29.7,174.2,93.7,30.9
170.9,69.4,23.8,170.9,65.4,22.4
165.6,60.5,22.1,164.6,60.8,22.5
172.1,65.4,22.1,169.9,63.3,21.9
170.2,58.7,20.3,169.4,60.1,20.9
178.0,68.4,21.6,176.1,70.4,22.7
176.7,76.3,24.4,176.1,81.8,26.4
164.4,64.7,23.9,163.7,63.9,23.8
176.2,72.3,23.3,174.7,71.0,23.3
176.6,107.5,34.5,175.2,110.2,35.9
166.1,65.6,23.8,165.9,61.0,22.2
170.2,71.8,24.8,169.3,73.7,25.7
189.4,77.7,21.7,186.3,77.3,22.3
188.6,81.7,23.0,185.7,80.1,23.2
165.8,48.2,17.5,164.5,50.6,18.7
180.0,69.7,21.5,177.9,69.0,21.8
174.3,59.5,19.6,173.8,59.7,19.8
179.9,82.9,25.6,177.9,85.5,27.0
173.6,66.1,21.9,171.4,62.2,21.2
175.8,89.1,28.8,174.0,86.3,28.5
175.0,69.4,22.7,173.4,70.4,23.4
178.0,55.8,17.6,176.5,55.5,17.8
179.7,67.4,20.9,178.9,66.5,20.8
171.2,53.4,18.2,169.3,55.4,19.3
175.4,70.6,22.9,173.9,73.4,24.3
165.9,52.5,19.1,163.5,52.4,19.6
172.5,68.3,23.0,171.3,69.8,23.8
171.0,60.5,20.7,170.3,61.6,21.3
173.0,57.2,19.1,171.2,55.3,18.9
171.7,70.2,23.8,171.0,67.4,23.0
165.3,59.6,21.8,164.7,56.0,20.7
176.7,54.8,17.6,174.8,54.3,17.8
178.2,80.4,25.3,177.1,87.4,27.9
166.5,63.1,22.8,165.6,59.6,21.7
178.2,76.0,23.9,176.3,74.8,24.1
175.4,73.9,24.0,173.0,80.2,26.8
183.9,68.7,20.3,181.4,68.1,20.7
171.0,63.7,21.8,169.3,61.1,21.3
175.0,55.8,18.2,173.9,58.8,19.4
177.1,73.4,23.4,176.3,66.5,21.4
172.1,63.5,21.4,170.4,61.3,21.1
175.5,79.0,25.6,173.8,79.4,26.3
169.6,60.9,21.2,169.0,64.6,22.6
178.9,66.7,20.8,177.0,65.0,20.7
184.9,81.7,23.9,183.2,72.6,21.6
174.0,81.7,27.0,173.4,82.8,27.5
182.9,72.1,21.6,181.3,62.4,19.0
177.4,95.5,30.3,177.0,86.1,27.5
167.9,85.1,30.2,166.7,82.0,29.5
189.2,82.2,23.0,186.0,80.1,23.2
178.8,59.6,18.6,177.9,56.6,17.9
180.6,54.7,16.8,179.2,56.8,17.7
177.5,79.6,25.3,176.0,82.1,26.5
179.2,69.8,21.7,178.6,75.3,23.6
176.7,68.1,21.8,174.6,65.1,21.4
177.4,73.8,23.5,176.5,71.2,22.9
172.5,68.5,23.0,170.6,64.2,22.1
168.6,52.7,18.5,166.5,53.9,19.4
169.6,60.5,21.0,168.4,55.2,19.4
182.7,119.0,35.7,180.6,110.6,33.9
174.7,53.0,17.4,173.0,52.5,17.5
173.3,78.1,26.0,172.3,80.9,27.3
166.3,65.4,23.6,164.9,63.0,23.2
173.8,84.9,28.1,171.5,79.8,27.1
180.1,102.6,31.6,178.7,106.2,33.2
166.5,56.1,20.2,165.5,57.0,20.8
178.1,67.0,21.1,176.1,59.8,19.3
170.9,60.0,20.5,169.4,60.0,20.9
177.1,77.3,24.6,175.7,83.1,26.9
176.2,68.1,21.9,174.3,73.7,24.3
185.2,68.3,19.9,182.6,71.4,21.4
180.5,69.1,21.2,179.2,70.8,22.0
173.3,73.2,24.4,171.5,67.4,22.9
174.2,58.5,19.3,172.4,60.5,20.3
172.5,69.5,23.4,172.0,66.2,22.4
179.5,74.5,23.1,178.5,72.9,22.9
176.7,65.2,20.9,175.0,67.7,22.1
168.9,67.9,23.8,168.1,69.3,24.5
177.2,82.7,26.3,176.5,85.8,27.5
165.1,61.1,22.4,163.8,57.6,21.4
169.4,62.9,21.9,167.6,61.3,21.8
175.4,74.0,24.1,173.5,77.2,25.6
176.4,70.0,22.5,174.2,68.6,22.6
179.5,70.0,21.7,177.9,72.1,22.8
175.9,93.0,30.1,174.4,90.8,29.9
172.8,70.3,23.5,171.9,70.3,23.8
175.6,69.2,22.4,174.4,69.0,22.7
170.9,54.3,18.6,168.5,55.4,19.5
178.6,80.7,25.3,176.7,85.3,27.3
174.5,68.4,22.5,174.3,70.4,23.2
178.3,63.5,20.0,176.2,63.3,20.4
183.5,89.2,26.5,182.9,85.7,25.6
170.4,87.5,30.1,169.3,79.3,27.6
176.9,58.1,18.6,175.3,57.5,18.7
172.2,58.4,19.7,170.7,56.3,19.3
178.2,81.5,25.7,176.8,78.7,25.2
175.5,74.8,24.3,174.1,71.5,23.6
173.5,60.8,20.2,172.6,63.6,21.4
174.9,61.1,20.0,173.4,61.2,20.4
182.9,79.3,23.7,181.9,80.3,24.2
168.2,60.7,21.5,167.1,59.5,21.3
168.0,76.2,27.0,168.3,76.1,26.9
180.7,77.5,23.7,178.5,76.9,24.1
170.4,87.3,30.1,169.0,91.0,31.9
179.6,91.5,28.4,179.6,80.9,25.1
180.2,67.3,20.7,178.5,68.4,21.5
164.2,46.5,17.2,161.4,47.1,18.1
170.8,80.8,27.7,169.3,77.9,27.2
175.3,55.1,17.9,174.3,59.5,19.6
178.9,63.3,19.8,176.9,66.3,21.2
179.1,70.2,21.9,177.3,64.3,20.5
180.6,84.4,25.9,178.6,79.4,24.9
180.9,112.8,34.5,178.7,104.0,32.6
169.7,80.6,28.0,168.5,77.7,27.4
183.2,77.8,23.2,181.9,74.3,22.4
190.0,77.0,21.3,188.4,75.7,21.3
176.7,79.4,25.4,174.7,75.4,24.7
176.0,96.5,31.2,173.9,90.1,29.8
175.4,77.9,25.3,173.5,73.4,24.4
173.3,72.3,24.1,171.8,69.5,23.6
171.0,73.1,25.0,170.5,75.3,25.9
179.0,85.9,26.8,177.7,79.2,25.1
165.7,63.1,23.0,164.7,60.5,22.3
177.4,59.1,18.8,176.3,56.7,18.3
174.4,91.1,30.0,173.0,94.3,31.5
184.3,66.8,19.7,182.9,77.8,23.3
177.8,75.1,23.8,176.7,71.3,22.8
167.0,55.3,19.8,165.2,58.3,21.4
177.9,86.1,27.2,176.9,77.4,24.7
174.4,71.6,23.5,173.6,83.8,27.8
171.7,60.8,20.6,170.2,57.1,19.7
174.4,77.0,25.3,172.6,80.8,27.1
179.7,66.5,20.6,177.6,66.5,21.1
175.8,65.5,21.2,175.1,64.7,21.1
174.1,67.3,22.2,173.2,69.3,23.1
167.8,61.5,21.8,167.7,68.2,24.3
185.6,68.1,19.8,183.5,68.3,20.3
173.4,56.5,18.8,172.1,56.6,19.1
173.6,65.0,21.6,172.2,67.5,22.8
169.8,85.1,29.5,168.5,85.0,30.0
172.0,67.8,22.9,172.2,72.2,24.4
180.3,74.1,22.8,178.3,67.9,21.4
179.2,90.9,28.3,177.5,89.5,28.4
173.8,57.5,19.0,173.2,58.0,19.3
169.1,74.1,25.9,168.7,79.2,27.8
171.2,73.9,25.2,170.0,73.4,25.4
165.6,47.9,17.5,164.6,47.2,17.4
180.2,84.4,26.0,177.8,83.1,26.3
171.6,70.1,23.8,171.0,66.7,22.8
178.9,90.7,28.3,176.7,91.1,29.2
172.4,64.4,21.7,170.1,61.2,21.2
167.6,72.2,25.7,167.5,72.0,25.7
179.7,102.6,31.8,178.5,93.2,29.2
168.3,59.4,21.0,167.5,55.8,19.9
178.0,89.4,28.2,176.8,96.3,30.8
177.0,73.1,23.3,176.6,69.5,22.3
170.0,66.8,23.1,169.2,61.2,21.4
181.1,85.8,26.2,180.5,87.8,26.9
173.8,58.4,19.3,172.9,58.5,19.6
173.5,67.1,22.3,172.8,70.0,23.4
166.9,62.8,22.5,165.7,62.6,22.8
178.6,88.3,27.7,176.4,88.5,28.4
184.1,106.2,31.3,182.4,101.7,30.6
176.0,66.7,21.5,175.0,70.0,22.9
176.6,76.7,24.6,174.8,82.2,26.9
164.5,63.7,23.5,163.3,54.8,20.5
177.6,58.6,18.6,176.2,59.6,19.2
177.3,70.0,22.3,175.4,64.0,20.8
176.3,89.7,28.9,174.2,89.5,29.5
169.7,60.4,21.0,168.2,60.4,21.4
176.6,84.8,27.2,175.6,83.5,27.1
176.2,62.0,20.0,175.9,66.1,21.4
178.6,52.8,16.6,176.2,54.0,17.4
171.4,56.6,19.3,168.9,57.1,20.0
177.9,73.6,23.3,176.7,73.9,23.7
180.2,65.8,20.3,179.6,66.1,20.5
169.9,51.4,17.8,168.9,55.5,19.4
181.8,54.4,16.5,179.7,53.5,16.6
163.0,64.9,24.4,162.4,60.3,22.9
175.4,62.9,20.4,174.3,68.8,22.6
176.9,85.3,27.3,174.8,80.4,26.3
175.8,62.6,20.3,174.5,61.3,20.1
162.3,54.2,20.6,162.2,61.3,23.3
177.4,53.4,17.0,175.4,60.9,19.8
180.9,68.2,20.8,178.4,60.5,19.0
174.4,87.0,28.6,173.2,91.6,30.6
171.9,95.0,32.1,170.4,91.6,31.6
177.9,74.7,23.6,175.9,72.5,23.4
185.3,82.3,24.0,184.1,93.8,27.7
173.4,53.0,17.6,171.3,56.3,19.2
184.8,101.4,29.7,183.2,96.6,28.8
181.2,69.9,21.3,180.5,72.0,22.1
177.1,74.6,23.8,174.9,73.5,24.0
166.0,49.6,18.0,165.0,56.5,20.7
165.0,64.5,23.7,163.1,67.3,25.3
176.2,94.8,30.5,175.2,98.3,32.0
186.3,121.0,34.9,184.4,115.8,34.1
175.3,73.1,23.8,174.1,72.6,24.0
171.9,59.0,20.0,169.6,53.8,18.7
171.2,58.1,19.8,170.2,55.7,19.2
170.4,63.5,21.9,169.3,57.3,20.0
171.9,72.6,24.6,171.3,71.8,24.5
180.4,72.9,22.4,178.3,79.1,24.9
172.4,74.0,24.9,171.7,69.7,23.6
179.5,52.3,16.2,177.1,54.4,17.3
174.4,83.5,27.5,173.5,86.7,28.8
187.7,99.2,28.2,185.6,99.1,28.8
170.7,54.0,18.5,169.6,56.7,19.7
166.1,76.9,27.9,166.1,72.3,26.2
172.8,49.6,16.6,171.6,54.2,18.4
179.4,78.1,24.3,178.3,81.0,25.5
169.0,62.9,22.0,167.8,62.1,22.0
175.6,67.7,22.0,173.7,58.1,19.2
174.4,75.9,25.0,172.7,79.6,26.7
177.9,74.9,23.7,176.6,80.5,25.8
169.1,62.1,21.7,168.6,60.5,21.3
182.7,79.2,23.7,180.8,76.7,23.5
168.0,64.3,22.8,166.8,61.2,22.0
175.8,51.8,16.8,173.6,59.1,19.6
182.4,67.3,20.2,180.4,70.6,21.7
172.8,74.6,25.0,171.4,71.8,24.4
169.4,53.6,18.7,167.2,49.5,17.7
174.6,58.1,19.1,172.2,56.8,19.2
170.0,62.1,21.5,169.4,61.1,21.3
174.4,100.4,33.0,172.8,104.0,34.8
168.4,85.7,30.2,167.8,85.7,30.4
170.5,80.6,27.7,169.4,82.1,28.6
173.2,51.1,17.0,171.4,53.7,18.3
182.2,66.9,20.2,180.2,62.5,19.3
186.3,62.1,17.9,184.2,67.3,19.8
173.6,70.3,23.3,173.2,71.9,23.9
174.3,68.0,22.4,172.6,70.2,23.5
175.4,70.8,23.0,174.1,70.0,23.1
181.3,70.5,21.4,179.1,65.3,20.4
180.5,94.4,29.0,179.2,99.3,30.9
175.9,83.0,26.8,174.9,88.8,29.0
162.9,53.2,20.0,161.1,49.1,18.9
177.8,72.3,22.9,176.8,65.3,20.9
175.5,64.0,20.8,173.8,63.6,21.1
175.2,65.7,21.4,174.7,69.5,22.8
175.1,61.6,20.1,174.2,64.1,21.1
173.6,64.4,21.4,171.6,59.2,20.1
176.8,55.8,17.9,175.6,58.5,19.0
168.7,69.6,24.5,167.4,65.3,23.3
177.2,89.5,28.5,176.1,86.9,28.0
173.7,54.5,18.1,172.7,56.9,19.1
169.7,70.5,24.5,168.5,77.1,27.1
175.1,93.4,30.5,174.3,97.1,32.0
184.4,77.0,22.6,181.5,82.6,25.1
185.4,84.9,24.7,183.1,76.0,22.7
182.8,117.5,35.2,180.9,111.5,34.1
168.1,53.8,19.0,167.3,51.4,18.4
173.3,77.4,25.8,172.1,68.5,23.1
175.1,63.3,20.6,173.5,63.3,21.0
163.0,62.4,23.5,164.2,66.7,24.7
178.6,61.7,19.3,176.9,58.8,18.8
176.8,78.9,25.2,176.5,85.6,27.5
174.9,62.5,20.4,172.9,60.8,20.3
175.0,61.9,20.2,173.6,59.9,19.9
181.1,58.4,17.8,179.7,57.1,17.7
174.7,71.7,23.5,173.2,67.0,22.4
183.9,65.5,19.4,181.7,70.0,21.2
170.9,56.8,19.4,170.1,63.4,21.9
175.6,63.4,20.6,174.8,65.0,21.3
177.8,86.2,27.3,176.6,83.7,26.8
166.4,61.2,22.1,164.6,55.5,20.5
184.0,65.9,19.5,183.5,67.7,20.1
174.9,61.7,20.2,174.7,70.3,23.0
169.0,51.5,18.0,166.6,51.9,18.7
169.8,56.8,19.7,167.9,58.2,20.7
167.8,81.9,29.1,167.3,89.2,31.9
176.3,58.4,18.8,175.4,59.5,19.3
184.1,77.2,22.8,182.4,77.3,23.2
170.1,49.7,17.2,168.3,48.9,17.3
176.3,67.3,21.7,174.5,64.8,21.3
175.8,72.1,23.3,175.0,69.6,22.7
178.7,68.4,21.4,177.8,75.1,23.8
180.3,69.2,21.3,179.0,71.7,22.4
168.5,60.3,21.2,167.1,57.2,20.5
176.1,98.6,31.8,173.9,98.3,32.5
172.3,88.0,29.6,171.3,85.4,29.1
180.5,81.4,25.0,178.9,84.0,26.3
169.8,60.8,21.1,168.2,59.7,21.1
172.5,84.3,28.3,172.0,77.5,26.2
177.5,84.2,26.7,175.5,85.3,27.7
172.4,71.4,24.0,171.5,73.0,24.8
170.7,79.8,27.4,170.3,84.2,29.0
182.5,61.6,18.5,181.0,61.2,18.7
164.9,50.9,18.7,161.8,49.1,18.7
169.9,59.9,20.8,169.4,61.6,21.5
173.9,87.0,28.8,172.7,74.6,25.0
178.1,97.3,30.7,176.5,93.0,29.8
171.7,79.5,27.0,171.1,80.5,27.5
170.0,61.5,21.3,168.5,60.3,21.2
168.9,58.1,20.4,167.8,60.4,21.4
179.0,58.7,18.3,176.8,60.6,19.4
177.7,73.3,23.2,176.4,72.5,23.3
178.0,72.0,22.7,176.9,69.5,22.2
168.5,66.9,23.6,167.3,58.3,20.8
176.3,57.8,18.6,175.0,62.7,20.5
168.1,74.2,26.3,167.3,73.0,26.1
175.2,60.4,19.7,174.7,57.5,18.8
176.6,73.3,23.5,174.9,73.3,24.0
172.6,68.5,23.0,171.4,64.5,21.9
178.6,69.8,21.9,177.2,74.7,23.8
187.5,70.6,20.1,185.5,68.7,20.0
170.6,52.6,18.1,168.7,57.0,20.0
171.8,88.1,29.8,171.4,88.5,30.1
165.7,67.2,24.5,164.8,70.7,26.0
176.9,68.2,21.8,176.2,70.4,22.7
168.3,69.0,24.4,168.0,72.7,25.7
182.0,61.8,18.7,180.2,62.8,19.3
170.2,52.6,18.2,168.0,59.8,21.2
168.6,81.9,28.8,167.2,81.7,29.2
172.5,71.1,23.9,170.3,71.5,24.7
173.9,62.9,20.8,171.5,60.1,20.5
187.2,86.5,24.7,185.7,88.8,25.7
177.7,96.3,30.5,176.8,103.3,33.0
171.7,62.4,21.2,170.0,62.1,21.5
173.0,57.4,19.2,171.0,53.0,18.1
179.9,65.3,20.2,177.6,74.1,23.5
167.8,81.6,29.0,167.2,87.7,31.4
168.1,68.8,24.3,167.1,69.6,24.9
177.0,79.8,25.5,176.1,76.9,24.8
175.8,55.3,17.9,173.5,55.5,18.4
171.2,59.9,20.4,169.6,61.3,21.3
173.3,47.7,15.9,170.7,51.9,17.8
180.9,84.3,25.8,178.4,84.4,26.5
171.9,87.8,29.7,170.6,88.6,30.4
170.7,72.0,24.7,170.0,66.5,23.0
172.4,78.3,26.3,171.5,68.7,23.4
169.6,61.5,21.4,168.0,63.7,22.6
178.2,108.2,34.1,177.2,110.8,35.3
181.7,74.3,22.5,180.0,80.8,25.0
177.3,68.6,21.8,176.2,71.8,23.1
170.6,82.1,28.2,170.4,86.6,29.8
175.9,71.5,23.1,173.8,70.0,23.2
170.4,58.3,20.1,168.6,62.7,22.1
173.7,63.1,20.9,173.0,55.8,18.6
182.2,90.9,27.4,181.1,94.8,28.9
176.4,81.1,26.1,174.7,84.4,27.7
172.7,61.4,20.6,171.7,64.9,22.0
166.2,64.6,23.4,165.4,62.5,22.9
169.7,91.5,31.8,168.4,101.2,35.7
170.4,60.6,20.9,170.2,66.8,23.0
176.4,59.7,19.2,175.7,58.4,18.9
183.5,65.6,19.5,181.6,64.2,19.5
175.8,68.2,22.1,174.2,66.0,21.8
178.2,66.8,21.0,177.4,64.3,20.4
172.6,67.5,22.7,170.8,63.7,21.8
180.9,77.0,23.5,179.3,74.2,23.1
172.5,61.5,20.7,170.9,67.7,23.2
179.8,69.5,21.5,179.3,65.9,20.5
178.6,83.5,26.2,176.5,84.4,27.1
175.4,76.4,24.8,173.4,66.3,22.0
170.9,56.8,19.4,169.8,54.6,18.9
175.0,94.8,31.0,173.5,96.8,32.2
165.1,96.1,35.3,165.1,96.5,35.4
179.1,106.8,33.3,177.3,105.7,33.6
171.4,71.4,24.3,170.7,73.6,25.2
175.0,59.8,19.5,174.1,63.6,21.0
177.6,81.2,25.7,176.6,76.6,24.6
166.2,47.9,17.3,164.3,50.1,18.6
173.8,67.4,22.3,171.6,63.0,21.4
180.1,62.1,19.1,178.5,65.0,20.4
166.9,67.4,24.2,167.6,69.5,24.7
170.0,55.8,19.3,169.6,59.1,20.5
177.9,75.2,23.8,176.2,74.3,24.0
171.7,69.0,23.4,170.0,66.5,23.0
171.3,56.4,19.2,169.6,60.5,21.0
176.3,69.1,22.2,174.5,62.8,20.6
169.5,90.0,31.3,168.9,87.1,30.6
180.6,93.4,28.6,179.3,87.6,27.3
181.5,87.5,26.6,179.1,83.2,25.9
177.7,56.7,18.0,175.4,59.3,19.3
177.2,71.9,22.9,175.0,75.0,24.5
172.0,67.5,22.8,170.5,62.4,21.5
178.4,71.0,22.3,177.7,78.2,24.7
165.2,51.1,18.7,164.0,53.1,19.8
172.0,62.8,21.2,170.2,59.6,20.6
177.6,76.2,24.2,175.8,73.0,23.6
174.5,71.7,23.5,173.3,72.3,24.1
176.3,70.6,22.7,175.3,74.9,24.4
179.3,78.1,24.3,177.2,78.0,24.9
171.7,78.1,26.5,170.9,84.4,28.9
172.4,61.7,20.8,171.8,59.2,20.1
172.5,95.0,31.9,171.0,86.0,29.4
173.7,66.8,22.1,173.1,70.0,23.4
181.9,83.3,25.2,180.1,83.1,25.6
177.7,85.3,27.0,176.8,85.8,27.4
169.3,56.6,19.7,167.7,53.3,19.0
170.4,74.0,25.5,169.5,76.8,26.7
180.9,76.4,23.3,178.6,75.2,23.6
174.9,57.3,18.7,172.5,55.8,18.8
164.7,79.4,29.3,163.3,80.2,30.1
184.1,94.5,27.9,182.2,95.0,28.6
176.2,81.3,26.2,174.6,79.7,26.2
172.0,77.8,26.3,171.8,76.3,25.8
177.2,55.8,17.8,175.6,60.7,19.7
175.1,71.8,23.4,172.9,63.1,21.1
179.8,66.1,20.4,178.0,72.0,22.7
170.5,59.5,20.5,169.8,57.2,19.8
175.1,80.8,26.4,173.4,81.8,27.2
167.2,67.3,24.1,165.9,69.2,25.1
169.4,59.7,20.8,168.8,61.4,21.5
172.4,58.1,19.5,170.2,58.7,20.3
186.3,63.5,18.3,184.5,60.9,17.9
163.9,44.7,16.6,161.7,48.6,18.6
168.9,61.6,21.6,167.9,58.8,20.9
174.5,91.5,30.0,173.1,81.5,27.2
174.8,84.8,27.8,173.0,85.3,28.5
178.2,57.3,18.0,176.8,60.4,19.3
178.4,68.6,21.6,178.0,71.8,22.6
168.7,63.6,22.3,167.2,60.0,21.5
170.8,74.0,25.4,170.6,66.8,23.0
174.5,73.5,24.1,173.1,71.5,23.9
168.5,92.0,32.4,167.0,100.8,36.1
168.4,72.5,25.6,167.3,65.0,23.2
182.4,86.1,25.9,180.9,83.5,25.5
171.4,68.7,23.4,170.3,68.6,23.7
168.8,57.7,20.3,166.9,56.2,20.2
173.4,53.6,17.8,172.3,56.9,19.2
173.9,114.5,37.9,173.7,112.8,37.4
168.2,60.9,21.5,167.7,62.2,22.1
175.5,69.5,22.6,174.7,66.5,21.8
173.8,68.5,22.7,173.1,73.6,24.6
173.2,69.6,23.2,171.4,70.2,23.9
175.6,82.7,26.8,173.5,79.0,26.2
170.2,70.8,24.4,168.9,72.2,25.3
169.6,56.4,19.6,169.1,64.5,22.6
166.9,55.3,19.9,165.9,55.7,20.2
173.8,61.9,20.5,173.0,63.6,21.2
175.3,104.0,33.8,173.5,100.6,33.4
173.0,86.8,29.0,172.4,73.1,24.6
170.0,62.5,21.6,168.1,63.1,22.4
180.6,65.2,20.0,179.4,62.2,19.3
171.4,72.1,24.5,170.4,64.6,22.3
171.5,80.5,27.4,169.8,77.1,26.8
175.5,69.0,22.4,174.2,69.7,23.0
184.8,69.8,20.4,182.5,64.6,19.4
179.6,84.0,26.0,177.8,86.2,27.3
177.9,117.2,37.0,176.5,117.0,37.5
175.2,69.9,22.8,174.4,72.5,23.8
165.3,62.8,23.0,163.4,60.7,22.7
185.5,66.2,19.2,183.8,74.2,22.0
185.5,101.4,29.5,183.1,107.6,32.1
183.1,70.1,20.9,181.5,70.0,21.2
168.1,58.4,20.7,165.9,52.5,19.1
169.2,60.7,21.2,166.9,52.5,18.8
180.2,65.5,20.2,179.0,58.2,18.2
174.3,71.8,23.6,173.5,74.8,24.9
179.9,77.8,24.0,179.5,72.4,22.5
171.1,75.7,25.9,168.9,69.7,24.4
172.0,88.7,30.0,171.3,96.3,32.8
183.9,69.3,20.5,182.8,73.1,21.9
174.3,102.7,33.8,173.3,99.2,33.0
178.9,55.5,17.3,177.0,56.4,18.0
172.6,86.8,29.1,170.8,95.2,32.6
167.1,75.1,26.9,166.7,73.5,26.5
168.6,64.5,22.7,166.9,62.3,22.4
172.2,63.6,21.4,170.1,62.1,21.5
182.5,81.5,24.5,181.7,80.4,24.4
180.9,90.1,27.5,178.6,85.7,26.8
172.3,68.6,23.1,170.7,67.2,23.1
167.9,62.7,22.2,166.4,61.2,22.1
169.9,53.9,18.7,168.3,55.4,19.5
171.6,60.8,20.6,169.5,68.9,24.0
174.4,59.2,19.5,172.5,56.8,19.1
174.9,71.2,23.3,174.0,71.0,23.5
177.9,81.3,25.7,176.2,84.5,27.2
180.9,75.3,23.0,179.5,62.7,19.5
178.2,66.9,21.1,176.3,65.4,21.0
169.3,57.2,20.0,166.9,51.8,18.6
177.0,59.2,18.9,176.5,56.8,18.2
174.4,68.8,22.6,173.6,69.7,23.1
178.4,82.1,25.8,176.7,81.7,26.2
168.2,56.5,20.0,166.9,55.3,19.9
176.1,69.0,22.3,174.7,68.1,22.3
170.9,71.4,24.4,169.6,76.0,26.4
177.3,104.9,33.4,177.3,106.9,34.0
177.3,81.2,25.8,175.8,83.5,27.0
169.8,62.3,21.6,168.6,57.4,20.2
183.6,66.4,19.7,181.6,69.0,20.9
170.1,90.3,31.2,168.4,84.6,29.8
169.6,62.8,21.8,167.7,60.5,21.5
177.7,98.9,31.3,175.8,102.4,33.1
180.9,62.0,18.9,179.7,70.7,21.9
183.7,68.6,20.3,181.1,62.6,19.1
177.2,79.1,25.2,175.6,77.9,25.3
184.2,80.5,23.7,181.9,78.4,23.7
178.8,89.5,28.0,176.3,92.9,29.9
180.4,72.9,22.4,178.1,68.2,21.5
177.7,68.9,21.8,177.4,71.1,22.6
175.9,53.5,17.3,173.4,52.5,17.5
172.6,67.1,22.5,170.9,64.4,22.0
169.5,54.2,18.9,168.6,50.5,17.8
167.1,63.2,22.6,165.9,61.9,22.5
171.9,51.8,17.5,170.4,54.5,18.8
168.4,58.1,20.5,166.4,57.4,20.7
188.3,117.7,33.2,185.2,112.1,32.7
165.5,74.9,27.3,164.6,71.2,26.3
175.2,70.9,23.1,173.6,64.5,21.4
169.4,91.9,32.0,167.6,85.5,30.5
170.6,73.3,25.2,169.2,67.9,23.7
168.6,81.2,28.6,168.4,79.1,27.9
177.2,105.4,33.6,175.8,109.5,35.4
179.0,74.2,23.2,177.1,67.0,21.4
168.8,86.2,30.3,168.8,76.2,26.7
174.5,90.8,29.8,172.9,86.0,28.8
170.6,77.1,26.5,169.9,76.6,26.5
175.8,74.7,24.2,174.4,81.7,26.9
168.8,66.8,23.4,168.1,63.9,22.6
174.4,68.0,22.4,173.4,69.1,23.0
165.7,63.8,23.2,165.1,61.6,22.6
170.2,46.2,15.9,170.3,64.6,22.3
178.2,66.2,20.8,176.6,68.7,22.0
177.2,108.2,34.5,176.5,100.1,32.1
179.5,68.5,21.3,177.9,65.2,20.6
179.8,80.4,24.9,177.6,74.5,23.6
174.8,80.0,26.2,172.7,57.0,19.1
181.0,65.9,20.1,179.7,64.1,19.9
178.4,102.3,32.1,177.8,102.7,32.5
176.3,77.5,24.9,174.5,82.1,27.0
165.5,71.8,26.2,164.5,70.5,26.1
169.8,75.6,26.2,168.9,73.4,25.7
176.3,58.4,18.8,174.2,60.3,19.9
164.3,72.8,27.0,162.5,66.3,25.1
180.3,65.2,20.1,178.9,71.2,22.3
170.8,68.7,23.5,169.7,64.8,22.5
170.8,74.4,25.5,169.8,70.8,24.5
171.7,68.8,23.3,170.2,72.3,25.0
169.0,59.6,20.9,167.3,54.4,19.4
170.7,61.2,21.0,168.8,60.4,21.2
165.4,63.4,23.2,164.8,61.2,22.5
171.5,68.0,23.1,170.0,71.7,24.8
179.2,57.4,17.9,178.2,60.5,19.0
167.5,55.0,19.6,165.4,56.1,20.5
170.0,67.9,23.5,168.6,72.4,25.5
177.1,69.6,22.2,175.7,66.1,21.4
173.9,80.7,26.7,172.3,76.1,25.6
173.6,73.1,24.3,171.9,68.5,23.2
169.6,61.6,21.4,168.0,60.3,21.4
178.2,56.3,17.7,175.7,58.5,19.0
180.0,60.4,18.6,177.5,63.8,20.2
168.2,56.2,19.9,166.3,54.7,19.8
179.1,64.4,20.1,177.8,65.5,20.7
168.1,54.4,19.3,166.8,56.9,20.4
171.1,65.2,22.3,169.3,67.5,23.5
166.8,68.4,24.6,165.6,63.3,23.1
172.9,61.2,20.5,170.5,59.5,20.4
177.2,70.2,22.4,175.9,74.9,24.2
172.0,62.0,21.0,170.1,66.2,22.9
179.2,60.0,18.7,178.6,69.1,21.7
175.0,80.9,26.4,173.5,80.1,26.6
176.1,53.3,17.2,174.5,54.1,17.8
185.9,73.3,21.2,183.2,74.1,22.1
169.3,58.8,20.5,169.7,60.2,20.9
169.6,69.1,24.0,169.6,63.7,22.1
174.1,67.7,22.3,172.6,64.2,21.6
172.1,76.0,25.7,171.0,80.0,27.4
171.9,65.8,22.3,169.7,60.8,21.1
180.6,85.6,26.2,179.4,91.2,28.3
169.4,59.5,20.7,167.6,60.8,21.6
172.5,63.5,21.3,171.3,62.4,21.2
174.5,65.1,21.4,174.2,68.1,22.4
180.0,61.7,19.0,179.1,62.2,19.4
170.0,61.7,21.3,169.3,56.3,19.6
175.2,62.9,20.5,172.9,58.4,19.5
179.9,64.2,19.8,178.5,63.0,19.8
180.6,103.9,31.9,178.2,97.3,30.6
176.7,84.7,27.1,175.4,82.5,26.8
169.6,76.2,26.5,168.4,73.6,26.0
180.9,69.8,21.3,178.9,66.1,20.7
174.8,53.1,17.4,172.4,52.8,17.7
171.5,53.3,18.1,170.3,56.6,19.5
166.8,54.2,19.5,164.3,51.1,18.9
186.5,90.2,25.9,184.1,84.4,24.9
171.5,79.2,26.9,170.0,77.0,26.7
186.7,75.1,21.5,184.4,73.2,21.5
182.4,55.1,16.6,179.9,52.6,16.2
170.8,58.1,19.9,169.9,57.6,19.9
164.3,50.2,18.6,162.5,51.7,19.6
173.0,68.5,22.9,170.9,67.2,23.0
172.9,65.1,21.8,171.3,64.5,22.0
178.2,61.6,19.4,176.7,57.9,18.6
171.7,74.5,25.3,171.2,69.4,23.7
177.3,67.4,21.4,176.1,64.2,20.7
173.4,83.5,27.8,171.9,78.9,26.7
174.4,74.7,24.6,173.1,64.7,21.6
179.3,103.0,32.0,178.2,104.8,33.0
162.3,59.0,22.4,160.3,61.6,24.0
169.2,68.6,24.0,168.8,62.3,21.9
170.4,52.2,18.0,168.2,58.3,20.6
172.7,64.4,21.6,171.5,68.3,23.2
173.5,76.6,25.4,172.4,78.3,26.3
168.8,60.3,21.2,167.0,55.3,19.8
183.0,61.5,18.4,181.4,67.5,20.5
173.8,102.8,34.0,172.3,100.9,34.0
168.4,50.6,17.8,166.3,53.2,19.3
182.5,55.9,16.8,181.1,61.6,18.8
174.4,62.2,20.5,172.1,64.5,21.8
174.0,56.9,18.8,171.9,57.2,19.3
182.3,74.8,22.5,180.6,76.3,23.4
169.7,55.2,19.2,168.1,56.8,20.1
178.4,75.2,23.6,177.9,82.3,26.0
166.6,92.9,33.5,165.5,93.1,34.0
171.4,59.7,20.3,170.8,58.6,20.1
176.5,70.0,22.5,175.6,76.7,24.9
178.3,74.0,23.3,177.3,74.5,23.7
168.9,67.4,23.6,167.7,67.3,23.9
181.1,99.6,30.4,179.1,99.9,31.1
183.4,72.3,21.5,182.2,72.6,21.9
172.8,61.8,20.7,172.1,64.0,21.6
181.0,71.7,21.9,179.1,67.8,21.1
173.0,64.9,21.7,171.8,67.9,23.0
189.8,66.9,18.6,188.9,68.4,19.2
174.4,74.4,24.5,173.9,75.8,25.1
175.4,74.1,24.1,173.7,76.6,25.4
181.0,66.0,20.1,180.9,68.1,20.8
174.5,66.0,21.7,172.5,62.8,21.1
165.3,55.9,20.5,164.6,55.8,20.6
180.6,87.7,26.9,178.9,84.7,26.5
174.2,67.2,22.1,173.1,66.2,22.1
183.1,65.1,19.4,182.0,60.8,18.4
179.6,76.2,23.6,178.0,78.2,24.7
168.9,74.2,26.0,167.8,75.9,26.9
182.6,75.7,22.7,181.7,70.6,21.4
180.1,96.7,29.8,179.1,100.1,31.2
174.8,65.6,21.5,173.5,59.1,19.6
180.3,84.0,25.8,178.8,88.8,27.8
168.5,88.4,31.1,166.8,84.8,30.5
180.8,77.4,23.7,178.4,74.6,23.4
175.7,71.5,23.2,174.1,70.2,23.2
180.7,97.0,29.7,178.5,92.5,29.0
178.8,59.0,18.5,177.0,54.8,17.5
181.0,68.0,20.8,178.8,63.0,19.7
164.7,61.4,22.6,164.2,64.8,24.0
179.1,112.1,34.9,177.8,110.8,35.0
181.7,66.0,20.0,179.7,66.3,20.5
170.9,71.4,24.4,169.0,67.8,23.8
187.0,99.8,28.5,184.4,105.5,31.0
169.3,73.4,25.6,168.0,69.8,24.7
171.4,96.3,32.8,170.8,88.9,30.5
171.3,62.1,21.2,170.7,60.7,20.8
180.6,65.8,20.2,178.8,66.5,20.8
181.0,86.3,26.3,179.9,84.9,26.3
181.5,59.0,17.9,180.3,56.3,17.3
183.9,75.1,22.2,181.8,72.5,21.9
177.7,61.7,19.5,175.8,62.6,20.3
177.4,70.1,22.3,175.8,68.8,22.3
169.4,72.2,25.2,168.0,73.9,26.2
171.3,68.3,23.3,169.1,59.5,20.8
170.9,69.9,23.9,170.4,69.8,24.0
168.9,74.3,26.0,166.5,84.0,30.3
177.3,73.3,23.3,175.7,72.4,23.5
171.4,60.7,20.7,171.0,59.6,20.4
184.3,78.0,23.0,182.9,76.3,22.8
180.2,73.8,22.7,178.1,77.5,24.4
169.5,79.0,27.5,169.2,79.0,27.6
172.5,84.8,28.5,170.3,78.4,27.0
162.8,62.0,23.4,163.0,58.5,22.0
170.8,69.2,23.7,169.6,65.7,22.9
173.3,67.6,22.5,172.8,67.3,22.5
177.1,61.8,19.7,174.7,68.0,22.3
176.1,88.2,28.4,174.3,86.6,28.5
171.3,98.3,33.5,170.4,94.3,32.5
170.3,57.7,19.9,168.5,62.4,22.0
174.1,78.2,25.8,172.4,76.6,25.8
179.0,73.2,22.8,176.6,74.5,23.9
178.1,77.2,24.3,177.2,84.5,26.9
163.2,61.5,23.1,161.6,61.2,23.5
175.5,63.2,20.5,173.9,64.4,21.3
180.5,77.2,23.7,178.5,75.8,23.8
174.4,81.0,26.6,173.2,84.1,28.0
178.7,68.1,21.3,178.1,71.0,22.4
175.5,60.8,19.7,174.8,62.9,20.6
174.4,68.2,22.4,174.1,70.3,23.2
174.5,67.4,22.1,173.6,74.7,24.8
177.4,73.1,23.2,176.7,71.5,22.9
185.4,68.5,19.9,183.8,65.7,19.4
183.5,77.6,23.0,181.2,82.7,25.2
169.9,64.0,22.2,169.2,61.5,21.5
164.0,50.6,18.8,161.8,51.6,19.7
176.1,81.0,26.1,175.3,79.3,25.8
163.9,47.5,17.7,161.5,48.2,18.5
174.2,97.9,32.3,172.5,90.1,30.3
175.4,56.8,18.5,173.2,58.3,19.4
169.5,70.8,24.6,168.7,73.7,25.9
181.1,70.7,21.6,180.0,72.0,22.2
175.3,85.2,27.7,174.7,87.6,28.7
173.1,77.2,25.8,172.7,72.6,24.4
168.3,75.9,26.8,167.6,81.1,28.9
176.0,93.2,30.1,173.6,91.5,30.4
174.7,67.2,22.0,173.5,64.2,21.3
181.7,74.3,22.5,179.3,71.7,22.3
170.8,56.3,19.3,168.8,59.0,20.7
163.3,65.7,24.6,162.1,68.1,25.9
172.6,60.1,20.2,170.5,61.6,21.2
187.7,101.1,28.7,185.9,95.2,27.6
175.2,66.9,21.8,174.1,62.7,20.7
162.5,79.4,30.1,163.5,86.9,32.5
171.2,65.7,22.4,169.5,67.5,23.5
167.4,65.5,23.4,166.4,65.3,23.6
180.6,79.4,24.3,178.2,78.9,24.9
166.8,67.5,24.3,165.4,65.3,23.8
167.6,51.8,18.4,165.9,51.4,18.7
180.2,69.8,21.5,177.8,72.2,22.9
163.3,72.8,27.3,162.1,68.8,26.2
182.5,61.8,18.6,181.5,61.5,18.7
173.1,67.6,22.6,171.1,66.6,22.8
176.9,66.4,21.2,175.1,66.1,21.6
178.7,64.4,20.2,177.1,68.2,21.8
176.1,81.4,26.2,174.8,82.4,27.0
173.0,48.4,16.2,170.9,51.7,17.7
167.1,52.5,18.8,166.1,52.4,19.0
175.8,85.0,27.5,174.0,82.3,27.2
182.4,94.2,28.3,180.5,99.3,30.5
181.4,74.7,22.7,179.1,65.1,20.3
174.9,97.2,31.8,172.8,95.7,32.0
174.3,57.8,19.0,173.3,60.1,20.0
179.7,80.8,25.0,177.3,73.0,23.2
173.8,51.3,17.0,172.0,52.7,17.8
173.0,71.7,24.0,172.7,70.4,23.6
178.9,83.0,25.9,178.3,90.8,28.6
169.4,67.6,23.6,168.2,68.4,24.2
169.2,59.9,20.9,167.6,59.5,21.2
164.3,67.3,24.9,164.0,67.8,25.2
176.4,53.1,17.1,174.0,50.7,16.8
177.2,65.3,20.8,175.2,65.6,21.4
180.9,65.8,20.1,178.8,66.7,20.9
179.5,83.7,26.0,178.4,85.2,26.8
170.1,69.8,24.1,169.1,65.4,22.9
177.6,89.9,28.5,176.5,91.9,29.5
175.6,90.0,29.2,174.7,96.6,31.6
166.3,90.9,32.9,165.4,91.6,33.5
174.8,70.6,23.1,174.0,68.9,22.7
177.0,72.7,23.2,175.1,74.6,24.3
176.0,61.7,19.9,174.2,62.7,20.7
173.2,91.7,30.6,172.5,89.5,30.1
176.2,66.4,21.4,174.7,64.8,21.2
171.3,66.8,22.8,171.1,63.0,21.5
175.8,93.9,30.4,173.3,95.1,31.6
160.8,56.0,21.7,161.2,58.4,22.5
170.6,62.2,21.4,169.9,59.7,20.7
170.3,65.6,22.6,168.1,61.4,21.7
176.2,59.9,19.3,173.8,59.3,19.6
179.4,80.7,25.1,178.4,80.5,25.3
180.7,83.7,25.6,178.3,79.6,25.1
176.3,69.0,22.2,175.8,66.9,21.7
176.1,81.8,26.4,175.0,74.9,24.5
172.4,63.5,21.4,171.3,59.1,20.1
171.3,68.2,23.2,169.1,62.1,21.7
179.7,66.8,20.7,178.7,64.9,20.3
174.3,82.0,27.0,173.9,88.3,29.2
170.6,61.1,21.0,168.6,63.2,22.2
173.7,67.8,22.5,171.6,63.3,21.5
173.0,62.0,20.7,170.8,62.6,21.5
191.8,110.8,30.1,189.6,107.6,29.9
167.4,57.6,20.6,167.5,59.6,21.3
181.4,62.7,19.1,179.8,61.6,19.1
168.0,66.9,23.7,167.6,69.5,24.7
178.2,78.4,24.7,176.2,76.2,24.6
173.9,69.2,22.9,172.6,71.7,24.1
179.7,84.5,26.2,178.6,83.7,26.2
178.0,62.3,19.7,176.1,62.2,20.1
169.4,67.1,23.4,168.7,63.6,22.4
177.1,75.0,23.9,175.4,69.0,22.4
174.8,62.1,20.3,173.5,64.9,21.6
168.7,59.1,20.8,168.1,61.7,21.9
176.9,57.5,18.4,174.6,57.7,18.9
174.0,66.2,21.9,172.7,69.4,23.2
174.9,69.4,22.7,173.7,66.9,22.2
169.7,70.4,24.4,168.8,65.2,22.9
175.8,78.8,25.5,173.9,70.9,23.5
179.4,67.7,21.0,178.3,74.2,23.3
174.4,74.6,24.5,172.7,75.5,25.3
175.1,72.9,23.8,174.3,73.6,24.2
166.4,61.9,22.4,166.2,61.9,22.4
174.7,72.1,23.6,173.4,74.5,24.8
168.7,73.9,26.0,168.1,73.2,25.9
172.2,52.8,17.8,169.6,56.8,19.8
168.4,55.4,19.5,167.2,59.6,21.3
169.1,63.4,22.2,167.4,61.1,21.8
191.0,74.7,20.5,189.3,67.1,18.7
168.7,68.8,24.2,167.9,69.4,24.6
170.0,55.1,19.1,168.2,54.3,19.2
178.1,75.5,23.8,177.3,67.9,21.6
164.3,60.0,22.2,163.1,56.6,21.3
171.0,64.3,22.0,170.5,71.0,24.5
172.2,67.3,22.7,170.8,64.6,22.2
175.5,69.3,22.5,173.8,69.5,23.0
182.5,91.4,27.4,180.7,96.5,29.6
183.5,73.7,21.9,183.1,68.2,20.3
174.5,73.1,24.0,173.6,71.3,23.6
175.3,66.1,21.5,173.9,66.4,22.0
180.6,86.3,26.5,179.2,83.3,25.9
174.5,98.1,32.2,173.8,97.9,32.4
175.7,88.0,28.5,173.2,94.6,31.5
168.6,60.6,21.3,168.0,60.0,21.3
174.0,62.6,20.7,172.6,61.8,20.7
170.9,61.1,20.9,170.0,63.8,22.1
175.0,102.1,33.3,173.6,96.6,32.1
175.0,72.5,23.7,173.8,73.4,24.3
173.7,88.4,29.3,171.9,89.8,30.4
175.8,65.6,21.2,175.5,70.2,22.8
168.0,75.1,26.6,166.8,76.2,27.4
176.7,80.4,25.8,175.7,81.3,26.3
178.4,72.7,22.8,176.4,72.3,23.2
179.6,71.9,22.3,177.3,67.7,21.5
180.0,61.3,18.9,177.6,58.8,18.6
167.0,68.3,24.5,166.9,70.9,25.5
178.4,84.3,26.5,176.8,80.6,25.8
180.8,79.5,24.3,178.7,85.0,26.6
170.8,80.3,27.5,170.0,76.4,26.4
173.7,66.5,22.0,173.3,63.3,21.1
169.5,57.2,19.9,167.3,52.3,18.7
181.5,78.5,23.8,179.9,75.3,23.3
179.7,78.7,24.4,178.9,72.9,22.8
168.4,64.9,22.9,168.4,73.9,26.0
173.5,70.4,23.4,172.7,67.9,22.8
178.0,73.4,23.2,176.2,66.6,21.4
166.0,79.8,29.0,165.8,75.8,27.6
175.4,70.5,22.9,173.4,68.9,22.9
187.2,83.7,23.9,184.6,77.5,22.8
165.4,44.9,16.4,163.4,49.0,18.3
162.5,68.6,26.0,161.0,67.6,26.1
177.8,60.1,19.0,176.2,60.2,19.4
170.1,57.9,20.0,168.0,50.7,18.0
166.8,53.3,19.2,164.7,53.8,19.8
161.1,61.9,23.9,159.6,55.0,21.6
173.4,72.3,24.0,171.6,69.0,23.4
183.9,61.2,18.1,183.5,67.3,20.0
177.7,72.6,23.0,176.9,70.0,22.3
173.2,78.0,26.0,172.4,70.2,23.6
176.6,60.5,19.4,175.6,58.0,18.8
162.6,72.2,27.3,163.2,69.7,26.2
170.4,51.2,17.6,167.7,51.2,18.2
180.1,79.2,24.4,178.8,71.0,22.2
175.0,83.7,27.3,173.7,79.9,26.5
187.3,74.3,21.2,186.0,67.3,19.4
182.1,83.2,25.1,179.5,80.3,24.9
182.4,83.3,25.0,181.0,77.5,23.7
167.7,53.1,18.9,165.6,50.3,18.3
181.6,89.3,27.1,178.9,87.0,27.2
170.3,62.9,21.7,169.4,61.7,21.5
179.5,78.4,24.3,177.2,81.1,25.8
184.0,64.3,19.0,183.1,67.8,20.2
173.8,73.0,24.2,172.2,68.1,22.9
183.3,94.3,28.1,181.1,95.4,29.1
184.3,76.1,22.4,183.6,74.1,22.0
175.9,91.4,29.5,175.5,89.7,29.1
173.2,68.3,22.8,172.0,68.3,23.1
171.3,59.4,20.2,169.7,57.7,20.0
173.5,79.6,26.4,172.1,84.5,28.5
169.4,72.6,25.3,168.0,68.9,24.4
171.5,57.3,19.5,169.8,57.8,20.0
173.6,76.4,25.4,172.5,73.1,24.6
179.5,52.3,16.2,177.1,54.4,17.3
172.4,67.4,22.7,171.6,62.8,21.3
168.6,62.4,22.0,167.8,70.2,24.9
186.2,79.1,22.8,184.5,79.5,23.4
187.6,82.2,23.4,185.4,81.3,23.6
179.8,84.9,26.3,177.7,77.2,24.4
177.8,75.4,23.9,175.8,66.2,21.4
181.6,92.7,28.1,180.5,88.1,27.0
167.2,48.6,17.4,165.4,49.6,18.1
169.5,70.2,24.4,169.1,74.3,26.0
174.7,76.5,25.1,173.6,72.9,24.2
181.5,123.7,37.6,179.5,114.3,35.5
165.8,74.4,27.1,165.5,76.5,27.9
173.2,67.6,22.5,171.6,66.9,22.7
176.0,77.2,24.9,174.4,68.1,22.4
174.0,81.4,26.9,173.0,84.8,28.3
180.1,82.0,25.3,177.9,66.0,20.8
172.2,59.9,20.2,170.3,62.6,21.6
170.8,91.9,31.5,169.4,84.6,29.5
179.1,57.2,17.8,176.5,53.8,17.3
175.0,69.6,22.7,174.3,71.4,23.5
173.4,72.1,24.0,172.0,74.9,25.3
175.1,71.1,23.2,174.8,72.4,23.7
182.9,70.0,20.9,180.5,73.1,22.4
168.3,77.9,27.5,167.4,71.1,25.4
165.9,69.2,25.1,165.1,70.6,25.9
175.9,71.2,23.0,175.8,72.9,23.6
176.1,70.7,22.8,174.1,70.6,23.3
168.5,66.5,23.4,167.6,69.6,24.8
171.7,65.6,22.3,169.9,64.6,22.4
180.7,91.8,28.1,178.8,91.8,28.7
167.5,70.6,25.2,167.0,67.1,24.1
181.0,94.0,28.7,180.2,95.2,29.3
177.7,69.3,21.9,175.5,67.9,22.0
172.8,76.2,25.5,171.3,80.9,27.6
174.8,99.2,32.5,173.8,100.6,33.3
176.1,80.7,26.0,175.2,76.2,24.8
176.1,66.5,21.4,174.6,59.9,19.6
173.7,80.6,26.7,172.0,72.8,24.6
167.2,77.4,27.7,167.3,68.2,24.4
179.4,63.0,19.6,178.4,62.4,19.6
170.5,65.1,22.4,168.6,66.1,23.2
178.1,68.3,21.5,177.1,62.9,20.1
173.4,103.9,34.6,171.8,103.5,35.0
176.4,86.6,27.8,175.6,86.1,27.9
170.8,60.5,20.7,169.8,63.0,21.9
171.8,64.6,21.9,169.7,64.8,22.5
183.2,68.4,20.4,182.1,70.2,21.2
182.1,81.0,24.4,179.8,80.9,25.0
180.7,77.2,23.6,178.4,70.9,22.3
168.7,63.2,22.2,167.9,63.9,22.7
192.1,98.3,26.6,189.5,89.7,25.0
175.7,69.3,22.4,173.5,69.2,23.0
170.1,71.7,24.8,168.9,73.2,25.7
181.6,65.2,19.8,180.2,68.0,20.9
171.7,53.4,18.1,170.6,60.5,20.8
173.5,79.2,26.3,173.1,79.8,26.6
181.4,63.6,19.3,180.5,62.1,19.1
170.5,70.0,24.1,169.8,76.0,26.4
173.6,74.1,24.6,172.4,66.8,22.5
168.8,64.4,22.6,168.2,66.8,23.6
180.9,77.1,23.6,180.1,75.4,23.2
174.2,64.9,21.4,173.1,59.2,19.8
167.1,56.2,20.1,165.5,53.3,19.5
167.2,57.8,20.7,166.5,61.8,22.3
169.6,91.8,31.9,168.8,93.9,32.9
168.9,65.0,22.8,167.0,62.5,22.4
178.9,62.9,19.7,177.5,65.8,20.9
172.5,58.4,19.6,170.7,60.7,20.8
178.1,76.4,24.1,177.0,86.4,27.6
174.7,56.3,18.4,174.1,56.3,18.6
172.7,50.5,16.9,169.9,51.8,17.9
166.6,69.0,24.9,165.5,65.6,24.0
167.7,65.0,23.1,166.8,63.6,22.9
177.6,89.8,28.5,176.4,87.5,28.1
175.0,64.2,21.0,173.4,64.9,21.6
183.2,102.4,30.5,181.2,96.3,29.3
178.3,68.5,21.5,176.5,64.2,20.6
177.4,62.5,19.9,175.7,58.7,19.0
170.1,59.4,20.5,168.7,54.5,19.2
172.8,58.7,19.7,171.5,59.3,20.1
183.1,84.2,25.1,181.4,79.6,24.2
177.4,59.5,18.9,176.5,60.0,19.3
177.5,103.3,32.8,175.9,100.3,32.4
182.8,78.0,23.3,180.5,77.1,23.7
175.2,63.4,20.7,173.1,65.8,22.0
182.0,82.2,24.8,180.9,78.2,23.9
170.2,51.2,17.7,168.4,51.8,18.3
180.3,95.4,29.3,178.4,94.3,29.6
170.8,68.5,23.5,168.8,69.1,24.3
165.7,56.6,20.6,163.6,53.2,19.9
176.5,70.8,22.7,174.8,70.9,23.2
164.7,74.7,27.5,164.9,82.4,30.3
168.7,55.1,19.4,168.1,60.0,21.2
173.7,62.7,20.8,172.9,63.9,21.4
171.3,56.2,19.2,169.7,54.2,18.8
179.5,94.1,29.2,178.2,90.9,28.6
169.1,66.9,23.4,167.5,56.8,20.2
175.1,60.3,19.7,174.2,55.4,18.3
172.2,77.6,26.2,170.6,74.7,25.7
181.2,91.8,28.0,180.0,94.8,29.3
178.9,81.8,25.6,176.5,82.0,26.3
175.2,76.3,24.9,173.8,70.5,23.3
169.8,72.6,25.2,169.1,69.9,24.5
180.8,80.1,24.5,179.4,84.1,26.1
173.0,77.9,26.0,171.3,82.5,28.1
174.8,64.6,21.1,173.7,59.4,19.7
167.6,65.6,23.4,167.4,68.3,24.4
172.3,62.8,21.2,171.1,59.3,20.3
172.3,72.5,24.4,172.4,70.5,23.7
170.7,67.1,23.0,168.9,66.0,23.1
170.1,62.9,21.7,167.5,60.7,21.6
180.3,93.7,28.8,178.6,93.7,29.4
173.5,67.4,22.4,171.4,61.9,21.1
178.3,92.0,28.9,175.8,105.3,34.1
175.6,95.7,31.0,173.6,94.3,31.3
174.0,66.9,22.1,172.6,60.2,20.2
179.2,72.2,22.5,177.2,79.0,25.2
167.3,59.8,21.4,166.3,57.7,20.9
174.1,65.4,21.6,173.7,64.6,21.4
168.5,61.1,21.5,167.8,59.5,21.1
179.0,63.4,19.8,177.8,60.6,19.2
161.6,64.0,24.5,160.9,59.0,22.8
183.7,85.0,25.2,183.2,89.8,26.7
171.3,76.3,26.0,171.2,88.7,30.2
177.2,106.8,34.0,175.3,105.8,34.4
185.4,74.2,21.6,183.3,72.0,21.4
178.7,82.8,25.9,176.7,82.8,26.5
172.7,60.2,20.2,171.7,61.1,20.8
178.6,83.2,26.1,177.3,84.7,27.0
169.6,69.4,24.1,168.6,68.2,24.0
171.3,58.0,19.8,168.8,49.9,17.5
170.0,52.8,18.3,168.5,51.5,18.1
165.0,71.1,26.1,165.2,74.5,27.3
177.7,62.2,19.7,176.2,62.5,20.1
168.5,75.7,26.7,168.1,71.4,25.3
175.5,72.3,23.5,174.9,69.6,22.7
184.0,73.9,21.8,182.5,69.4,20.8
172.9,69.6,23.3,171.7,70.0,23.7
179.1,76.0,23.7,176.9,77.1,24.6
180.1,81.5,25.1,178.3,83.0,26.1
176.3,57.1,18.4,174.7,61.1,20.0
181.7,78.6,23.8,179.3,71.5,22.2
178.0,65.6,20.7,177.3,67.9,21.6
173.1,67.0,22.4,172.3,72.4,24.4
174.9,59.8,19.5,172.5,57.2,19.2
171.6,85.3,29.0,170.9,84.4,28.9
172.5,82.8,27.8,170.7,75.9,26.0
172.4,71.7,24.1,171.0,64.8,22.1
176.9,69.6,22.2,176.0,70.6,22.8
185.2,83.9,24.5,182.4,87.9,26.4
174.5,83.4,27.4,173.3,77.6,25.8
169.3,95.5,33.3,168.6,90.8,32.0
176.1,86.6,27.9,174.2,80.4,26.5
178.4,106.3,33.4,177.6,104.1,33.0
172.4,72.6,24.4,171.1,70.1,23.9
177.4,70.4,22.4,175.7,74.1,24.0
168.3,53.3,18.8,167.1,53.8,19.3
170.3,52.4,18.1,168.0,63.1,22.4
186.1,63.8,18.4,184.0,63.7,18.8
185.4,77.0,22.4,182.5,70.1,21.0
177.2,61.5,19.6,176.2,62.2,20.0
177.3,71.8,22.8,176.5,73.5,23.6
182.0,73.9,22.3,181.0,71.7,21.9
167.9,78.9,28.0,168.1,81.7,28.9
184.3,95.0,28.0,183.2,96.7,28.8
174.5,84.3,27.7,172.7,76.6,25.7
172.1,68.6,23.2,171.7,72.3,24.5
175.3,83.2,27.1,173.2,77.2,25.8
175.9,54.8,17.7,173.6,55.4,18.4
173.6,89.5,29.7,172.7,83.8,28.1
172.9,70.4,23.5,171.2,72.7,24.8
172.8,51.0,17.1,170.9,54.3,18.6
172.0,59.6,20.1,170.0,56.4,19.5
163.1,70.9,26.7,162.9,75.4,28.4
184.8,70.4,20.6,182.4,69.5,20.9
176.9,58.1,18.6,175.1,56.2,18.3
177.7,70.9,22.5,176.8,66.9,21.4
180.7,67.8,20.8,179.2,65.4,20.4
174.3,85.6,28.2,172.7,82.2,27.6
171.3,70.5,24.0,169.7,68.7,23.9
181.4,76.7,23.3,178.8,77.7,24.3
180.8,75.6,23.1,179.3,74.5,23.2
167.2,89.3,31.9,167.1,90.3,32.3
172.4,70.6,23.8,170.7,70.3,24.1
168.7,55.5,19.5,166.8,59.9,21.5
173.3,87.6,29.2,172.6,90.9,30.5
178.0,57.0,18.0,177.2,59.6,19.0
167.9,62.7,22.2,167.4,66.9,23.9
181.8,82.7,25.0,180.1,76.7,23.7
183.8,62.8,18.6,182.5,62.1,18.7
167.9,59.6,21.1,166.5,56.5,20.4
175.8,63.1,20.4,174.9,69.7,22.8
173.7,67.3,22.3,172.3,60.2,20.3
179.9,62.6,19.3,178.7,64.6,20.2
174.0,73.3,24.2,172.4,70.6,23.8
174.0,61.5,20.3,172.7,61.5,20.6
169.8,70.8,24.6,169.1,67.8,23.7
180.5,74.3,22.8,179.0,85.2,26.6
178.9,103.6,32.4,178.2,93.0,29.3
174.3,75.9,25.0,173.4,75.9,25.2
172.7,65.0,21.8,171.7,57.9,19.7
174.9,65.7,21.5,174.4,65.5,21.5
181.7,66.9,20.3,179.7,65.8,20.4
163.2,74.3,27.9,162.7,75.2,28.4
168.5,79.0,27.8,167.2,74.4,26.6
172.9,64.8,21.7,172.3,62.7,21.1
170.1,63.6,22.0,168.9,60.6,21.2
172.8,56.1,18.8,170.4,54.7,18.8
175.1,65.6,21.4,173.8,68.5,22.7
171.8,66.7,22.6,170.8,69.3,23.7
191.0,80.5,22.1,188.1,80.4,22.7
175.9,59.0,19.1,174.8,60.4,19.8
181.1,123.9,37.8,179.4,117.9,36.6
178.9,57.9,18.1,177.4,61.5,19.5
175.1,69.5,22.7,174.7,75.6,24.8
181.9,116.6,35.2,179.7,112.8,34.9
179.7,60.6,18.8,177.9,57.5,18.1
175.4,52.8,17.2,173.3,55.2,18.4
177.8,90.0,28.5,176.5,87.2,28.0
180.4,61.8,19.0,179.2,119.6,37.3
178.9,62.6,19.6,176.9,62.8,20.1
169.1,65.1,22.8,168.7,62.2,21.9
171.2,65.4,22.3,169.2,64.7,22.6
184.8,76.9,22.5,181.9,84.9,25.6
178.7,63.0,19.7,176.5,59.7,19.2
171.3,62.6,21.3,169.6,59.1,20.5
167.5,77.7,27.7,167.2,80.5,28.8
179.2,69.6,21.7,177.8,69.9,22.1
171.9,89.9,30.4,170.9,83.4,28.6
182.5,57.9,17.4,181.4,58.3,17.7
168.6,68.3,24.0,167.3,63.6,22.7
161.4,54.2,20.8,160.8,65.0,25.1
174.9,77.9,25.5,174.3,71.9,23.7
172.7,59.5,19.9,171.4,59.8,20.3
180.8,72.8,22.3,179.5,73.9,22.9
170.6,57.6,19.8,169.2,56.4,19.7
172.9,54.8,18.3,171.1,58.0,19.8
172.3,62.4,21.0,171.4,55.8,19.0
169.8,66.6,23.1,168.2,63.6,22.5
172.3,52.8,17.8,170.1,53.3,18.4
181.6,76.8,23.3,179.6,68.2,21.2
167.4,54.8,19.6,165.4,55.8,20.4
180.9,61.9,18.9,178.6,61.8,19.4
171.3,54.3,18.5,169.3,50.1,17.5
182.1,87.4,26.4,180.2,86.4,26.6
168.7,64.4,22.6,168.1,68.3,24.2
184.1,80.1,23.6,182.3,74.4,22.4
169.7,66.9,23.2,168.6,65.8,23.2
176.6,95.2,30.5,174.7,93.4,30.6
173.5,71.2,23.7,172.8,66.7,22.4
173.2,73.6,24.5,171.3,63.0,21.5
180.5,76.4,23.4,178.9,78.3,24.5
177.7,66.2,21.0,176.6,60.3,19.4
183.8,73.0,21.6,181.8,80.7,24.4
181.1,71.7,21.9,179.2,68.0,21.2
172.5,60.8,20.4,171.5,61.3,20.8
177.1,63.7,20.3,175.9,66.1,21.3
174.6,63.3,20.8,172.5,60.7,20.4
175.0,63.4,20.7,172.9,67.1,22.4
177.1,65.2,20.8,175.7,64.9,21.0
169.8,62.6,21.7,168.5,60.9,21.5
176.4,80.5,25.9,175.6,81.5,26.4
183.7,83.0,24.6,181.8,80.7,24.4
175.4,66.1,21.5,175.0,66.5,21.7
174.8,74.8,24.5,173.9,83.5,27.6
178.0,66.3,20.9,176.9,65.3,20.9
170.1,54.2,18.7,169.0,54.8,19.2
187.9,83.1,23.5,186.0,90.3,26.1
169.8,56.0,19.4,167.6,54.7,19.5
164.8,61.0,22.5,164.6,61.3,22.6
179.7,60.7,18.8,178.1,62.0,19.6
177.2,81.1,25.8,175.5,77.0,25.0
173.6,90.0,29.9,171.5,92.6,31.5
167.0,52.4,18.8,165.3,52.7,19.3
179.7,62.6,19.4,178.1,63.2,19.9
184.3,69.7,20.5,183.8,71.6,21.2
175.3,71.3,23.2,173.5,66.7,22.2
170.7,68.0,23.3,168.9,64.8,22.7
167.6,71.5,25.5,167.5,70.7,25.2
171.8,57.8,19.6,170.4,55.7,19.2
184.7,87.2,25.6,182.9,90.3,27.0
168.4,50.2,17.7,166.2,53.4,19.3
168.1,61.3,21.7,166.8,59.2,21.3
181.3,64.2,19.5,179.9,61.3,18.9
179.4,87.5,27.2,178.5,94.0,29.5
173.3,71.8,23.9,172.4,68.3,23.0
176.2,87.6,28.2,173.9,90.9,30.0
169.8,56.7,19.7,167.7,56.4,20.1
166.1,56.3,20.4,165.6,54.4,19.8
180.2,93.1,28.7,178.3,81.4,25.6
178.1,79.6,25.1,176.3,83.9,27.0
172.9,80.8,27.0,172.3,76.6,25.8
183.3,87.8,26.1,181.3,87.8,26.7
177.5,68.7,21.8,177.1,65.0,20.7
177.9,58.0,18.3,176.1,62.4,20.1
176.6,79.7,25.6,175.3,79.0,25.7
169.7,53.3,18.5,167.6,53.0,18.9
175.3,63.0,20.5,174.1,65.7,21.7
176.3,58.8,18.9,174.2,61.2,20.2
161.3,54.7,21.0,159.8,50.1,19.6
166.9,55.9,20.1,166.2,57.5,20.8
176.7,65.1,20.9,175.2,62.4,20.3
171.7,71.4,24.2,169.8,75.2,26.1
171.4,65.6,22.3,170.4,68.7,23.7
171.5,66.4,22.6,169.5,61.7,21.5
172.0,65.3,22.1,170.7,63.5,21.8
173.0,60.7,20.3,170.7,55.5,19.0
172.9,67.6,22.6,172.0,68.4,23.1
172.4,71.0,23.9,171.7,65.8,22.3
171.0,69.1,23.6,169.3,69.9,24.4
164.9,47.0,17.3,163.2,49.5,18.6
181.9,77.8,23.5,179.2,73.5,22.9
173.1,68.6,22.9,172.0,66.1,22.4
174.6,76.8,25.2,172.9,74.0,24.8
177.8,66.2,20.9,175.6,64.6,21.0
180.8,79.8,24.4,178.3,78.6,24.7
165.4,57.9,21.2,164.1,58.3,21.6
173.2,62.8,20.9,171.5,66.4,22.6
182.2,88.4,26.6,180.3,88.3,27.2
173.7,72.5,24.0,172.9,69.3,23.2
171.1,57.0,19.5,168.9,56.4,19.8
169.4,54.6,19.0,168.0,57.2,20.3
181.6,73.1,22.2,180.2,66.4,20.5
168.3,95.8,33.8,167.0,91.3,32.7
171.1,61.8,21.1,170.0,71.2,24.6
175.8,94.8,30.7,174.2,87.9,29.0
175.9,77.3,25.0,173.7,64.0,21.2
179.8,73.1,22.6,178.4,73.2,23.0
163.5,59.1,22.1,161.8,56.0,21.4
169.1,62.5,21.9,167.6,60.7,21.6
173.9,64.0,21.2,173.2,56.9,19.0
172.4,72.1,24.3,171.1,75.4,25.8
180.0,75.7,23.4,178.4,65.5,20.6
174.1,66.7,22.0,171.9,67.7,22.9
182.1,110.4,33.3,180.5,105.5,32.4
181.2,80.4,24.5,180.3,81.3,25.0
168.2,64.5,22.8,168.0,66.3,23.5
168.5,60.5,21.3,167.8,56.1,19.9
174.0,54.0,17.8,172.4,55.3,18.6
175.6,92.4,30.0,174.1,81.7,27.0
183.9,77.6,22.9,181.6,68.4,20.7
179.3,64.5,20.1,178.2,65.4,20.6
173.2,60.3,20.1,171.6,64.0,21.7
176.0,106.3,34.3,174.3,104.6,34.4
173.0,70.4,23.5,172.7,72.3,24.2
175.2,76.4,24.9,174.4,69.4,22.8
169.3,68.0,23.7,167.3,59.7,21.3
177.2,56.9,18.1,176.5,64.9,20.8
175.7,64.5,20.9,174.7,58.5,19.2
181.8,108.1,32.7,180.7,106.3,32.6
184.7,76.9,22.5,183.0,78.0,23.3
164.9,45.1,16.6,162.3,48.1,18.3
170.3,68.7,23.7,168.3,68.2,24.1
178.5,91.3,28.7,176.2,84.6,27.3
174.9,74.6,24.4,173.0,68.4,22.9
176.3,85.7,27.6,174.6,75.8,24.9
174.7,63.0,20.6,173.1,67.9,22.7
179.4,87.0,27.0,177.5,80.9,25.7
168.0,72.0,25.5,167.9,67.0,23.8
174.1,58.2,19.2,172.6,53.9,18.1
167.5,59.1,21.1,166.0,59.5,21.6
174.7,79.4,26.0,172.8,75.3,25.2
180.1,70.1,21.6,178.5,71.0,22.3
171.2,81.6,27.8,169.7,77.0,26.7
167.0,89.0,31.9,166.8,100.4,36.1
174.8,71.6,23.4,173.9,70.4,23.3
170.0,59.9,20.7,168.4,58.0,20.5
181.2,77.1,23.5,179.2,80.9,25.2
185.0,67.4,19.7,183.1,67.9,20.3
183.5,96.1,28.5,181.6,86.3,26.2
166.2,53.5,19.4,165.0,54.8,20.1
172.5,57.0,19.2,170.3,57.6,19.9
177.9,63.7,20.1,177.0,76.7,24.5
171.1,65.7,22.4,170.0,62.5,21.6
166.4,57.5,20.8,164.5,58.6,21.7
168.9,59.1,20.7,167.8,62.3,22.1
162.4,57.1,21.7,162.1,60.4,23.0
171.0,60.8,20.8,169.4,64.0,22.3
179.0,59.2,18.5,176.8,58.7,18.8
168.9,65.7,23.0,168.4,64.6,22.8
173.4,62.5,20.8,172.6,60.6,20.4
168.9,95.0,33.3,168.2,99.2,35.1
171.4,73.6,25.1,170.6,76.3,26.2
172.2,85.0,28.7,171.7,89.7,30.4
171.8,68.7,23.3,171.3,70.6,24.1
171.9,78.0,26.4,170.4,81.5,28.1
181.8,72.4,21.9,180.6,67.6,20.7
180.4,86.0,26.4,179.2,74.9,23.3
187.5,91.1,25.9,185.2,103.2,30.1
172.1,77.9,26.3,171.9,77.3,26.2
171.7,71.9,24.4,171.4,79.8,27.1
182.1,99.0,29.9,180.3,98.1,30.2
173.8,73.1,24.2,171.7,77.0,26.1
174.8,58.3,19.1,172.2,53.9,18.2
181.9,66.7,20.2,180.0,66.4,20.5
175.0,62.6,20.4,173.5,64.5,21.4
169.4,62.4,21.7,167.9,62.4,22.1
167.8,65.8,23.4,167.0,67.7,24.3
176.8,75.7,24.2,176.1,81.2,26.2
179.1,76.2,23.8,178.3,74.4,23.4
176.5,102.0,32.7,175.3,92.8,30.2
174.3,53.2,17.5,172.9,56.3,18.8
180.4,107.7,33.1,179.1,93.9,29.3
193.7,103.9,27.7,189.9,104.0,28.8
165.0,63.4,23.3,164.5,60.4,22.3
174.9,61.5,20.1,173.5,56.2,18.7
174.0,59.4,19.6,172.6,65.6,22.0
173.4,83.4,27.7,172.5,77.8,26.1
176.3,78.1,25.1,175.7,81.1,26.3
173.2,74.8,24.9,172.0,63.6,21.5
167.2,56.0,20.0,166.7,55.1,19.8
179.6,92.4,28.6,177.7,91.4,28.9
174.8,56.3,18.4,172.9,57.5,19.2
169.9,48.3,16.7,168.8,52.3,18.3
173.8,77.2,25.6,173.0,77.2,25.8
172.5,81.4,27.4,170.8,81.4,27.9
172.6,82.6,27.7,171.7,80.8,27.4
176.4,74.6,24.0,174.9,69.1,22.6
172.7,70.4,23.6,171.6,68.0,23.1
168.0,65.5,23.2,167.3,68.5,24.5
175.4,85.0,27.6,173.3,84.8,28.2
179.8,76.4,23.6,178.1,77.9,24.6
170.1,79.3,27.4,169.2,80.0,27.9
183.6,96.0,28.5,182.2,94.2,28.4
183.8,62.8,18.6,181.6,61.5,18.6
181.6,75.8,23.0,180.2,75.0,23.1
178.6,78.5,24.6,177.0,70.9,22.6
175.6,94.7,30.7,174.0,97.8,32.3
177.5,93.0,29.5,176.2,94.7,30.5
169.0,67.1,23.5,167.5,66.2,23.6
173.2,73.0,24.3,171.9,67.8,22.9
172.0,60.3,20.4,170.5,57.2,19.7
165.9,62.2,22.6,164.6,55.4,20.5
175.4,99.6,32.4,174.3,101.6,33.5
174.5,66.5,21.8,172.6,64.3,21.6
160.6,59.9,23.2,160.9,64.7,25.0
174.6,94.8,31.1,172.5,87.4,29.4
166.2,60.4,21.9,166.1,62.0,22.5
176.5,72.4,23.2,174.5,74.3,24.4
184.8,100.0,29.3,183.5,100.3,29.8
172.7,93.6,31.4,171.3,82.3,28.0
173.9,72.6,24.0,173.4,71.7,23.8
175.6,99.6,32.3,174.9,107.1,35.0
181.1,64.8,19.8,179.2,65.7,20.5
178.9,60.7,19.0,177.6,60.1,19.1
175.5,72.9,23.7,174.4,65.9,21.7
173.3,59.6,19.8,171.2,57.6,19.7
173.6,85.4,28.3,173.0,87.7,29.3
178.7,77.0,24.1,176.6,83.9,26.9
171.7,51.8,17.6,170.9,57.4,19.6
183.5,63.0,18.7,181.7,61.8,18.7
168.7,69.4,24.4,168.0,71.7,25.4
174.3,67.2,22.1,173.4,66.3,22.0
173.6,66.1,21.9,171.6,65.0,22.1
181.2,64.9,19.8,180.0,62.4,19.3
172.6,76.6,25.7,172.1,76.5,25.8
185.4,69.9,20.3,184.1,71.1,21.0
174.7,80.1,26.2,174.2,79.5,26.2
177.8,101.3,32.0,175.5,92.8,30.1
182.0,65.4,19.7,181.2,60.5,18.4
178.2,60.3,19.0,176.6,60.2,19.3
168.3,58.6,20.7,168.6,57.6,20.2
173.7,79.3,26.3,173.5,72.6,24.1
179.6,71.4,22.1,178.1,61.9,19.5
175.5,62.5,20.3,174.9,57.9,18.9
171.0,57.0,19.5,168.8,57.7,20.2
176.2,67.8,21.8,175.3,68.2,22.2
172.4,65.7,22.1,171.7,58.9,20.0
171.1,71.3,24.4,169.7,72.0,25.0
173.7,67.4,22.3,172.6,69.6,23.4
169.2,65.4,22.8,167.7,53.8,19.1
172.3,71.3,24.0,170.9,67.4,23.1
172.1,66.4,22.4,170.1,61.5,21.3
172.6,76.0,25.5,170.7,75.3,25.9
169.9,65.7,22.8,168.9,62.9,22.0
168.0,64.0,22.7,167.0,55.4,19.9
174.8,74.9,24.5,174.1,77.2,25.5
172.6,80.8,27.1,171.1,75.0,25.6
174.9,56.4,18.4,173.1,59.7,19.9
170.3,73.8,25.4,169.0,74.4,26.0
174.4,90.5,29.8,172.1,90.7,30.6
170.9,55.2,18.9,170.3,54.6,18.8
165.7,54.9,20.0,163.6,54.7,20.4
182.9,57.6,17.2,181.6,67.1,20.4
168.1,70.0,24.8,167.6,90.0,32.0
178.0,81.2,25.6,177.4,86.8,27.6
176.2,99.3,32.0,174.0,99.7,32.9
175.4,76.7,24.9,174.8,81.9,26.8
177.4,56.5,18.0,175.1,57.3,18.7
172.6,66.1,22.2,171.3,66.0,22.5
168.0,61.4,21.8,167.2,62.4,22.3
178.7,61.1,19.1,177.9,59.8,18.9
169.6,49.2,17.1,167.9,50.6,18.0
182.1,91.3,27.5,180.0,92.7,28.6
178.8,79.7,24.9,177.4,82.2,26.1
185.6,113.1,32.8,182.1,109.7,33.1
176.4,66.3,21.3,174.3,63.5,20.9
171.6,70.8,24.0,169.9,58.2,20.2
177.6,78.8,25.0,175.6,69.2,22.4
173.6,65.6,21.8,173.0,67.6,22.6
169.3,66.0,23.0,168.3,68.7,24.2
176.4,58.0,18.6,175.7,65.5,21.2
179.2,75.8,23.6,178.4,68.6,21.5
168.0,60.9,21.6,168.0,56.3,19.9
178.6,84.6,26.5,176.5,77.2,24.8
169.7,78.3,27.2,169.1,74.2,25.9
176.1,70.8,22.8,173.8,61.5,20.4
174.0,55.4,18.3,172.8,57.8,19.4
174.4,67.2,22.1,173.8,66.7,22.1
174.5,88.0,28.9,172.7,86.8,29.1
173.0,74.0,24.7,171.0,76.9,26.3
173.5,81.2,27.0,172.6,78.3,26.3
184.0,76.0,22.4,182.7,71.5,21.4
172.1,80.3,27.1,171.3,77.2,26.3
166.9,56.5,20.3,165.2,56.6,20.7
175.0,72.3,23.6,174.0,69.0,22.8
172.2,61.2,20.6,171.1,58.0,19.8
173.7,64.8,21.5,172.0,59.7,20.2
167.4,105.8,37.8,166.8,98.5,35.4
180.9,87.6,26.8,179.5,96.6,30.0
177.9,74.5,23.5,176.7,72.7,23.3
171.3,57.2,19.5,170.4,53.1,18.3
176.0,72.3,23.3,174.8,75.7,24.8
173.9,86.9,28.7,172.1,85.1,28.7
176.4,65.1,20.9,174.5,64.2,21.1
173.5,69.5,23.1,171.3,65.0,22.1
179.0,78.3,24.4,177.3,76.4,24.3
176.3,72.5,23.3,175.2,72.8,23.7
163.1,50.6,19.0,161.9,53.8,20.5
174.6,103.3,33.9,172.6,92.2,31.0
172.2,64.0,21.6,170.2,64.3,22.2
181.4,66.6,20.2,179.3,70.1,21.8
176.7,70.4,22.5,174.6,82.6,27.1
175.1,61.0,19.9,172.9,57.7,19.3
166.9,103.1,37.0,167.1,100.4,36.0
180.6,82.0,25.1,179.0,84.0,26.2
177.2,68.1,21.7,175.5,69.1,22.4
177.2,79.9,25.4,175.9,81.0,26.2
180.4,62.4,19.2,178.2,65.1,20.5
174.1,71.1,23.5,172.9,67.4,22.5
174.7,68.6,22.5,174.5,71.6,23.5
180.0,99.1,30.6,178.3,97.1,30.6
172.0,91.1,30.8,171.0,89.5,30.6
168.3,50.5,17.8,167.2,57.0,20.4
177.7,97.2,30.8,175.7,90.7,29.4
174.1,66.8,22.0,173.7,69.3,23.0
177.4,71.0,22.6,176.3,69.0,22.2
174.7,76.1,24.9,174.1,68.3,22.5
173.5,56.7,18.8,172.0,58.8,19.9
175.1,69.4,22.6,174.0,71.4,23.6
174.8,86.7,28.4,173.6,83.9,27.8
169.1,64.5,22.6,167.9,65.0,23.0
177.9,74.0,23.4,176.0,71.1,22.9
173.2,92.5,30.8,171.6,85.6,29.1
179.8,61.1,18.9,178.1,64.0,20.2
175.4,54.4,17.7,173.8,58.5,19.4
165.8,50.7,18.4,164.8,51.1,18.8
175.1,85.6,27.9,174.0,80.0,26.4
181.4,56.0,17.0,180.7,61.9,19.0
182.5,87.8,26.4,180.3,81.6,25.1
175.2,68.0,22.2,173.8,62.7,20.8
172.1,70.9,23.9,171.7,72.9,24.7
181.6,73.3,22.2,181.0,75.6,23.1
174.5,94.0,30.9,173.3,98.7,32.9
173.4,79.2,26.3,171.4,73.6,25.1
169.6,60.9,21.2,169.0,64.6,22.6
179.2,85.2,26.5,178.1,87.5,27.6
175.0,113.5,37.1,174.0,111.3,36.7
180.3,91.0,28.0,179.2,86.9,27.1
184.9,98.2,28.7,183.6,91.8,27.2
180.8,74.7,22.9,178.9,74.2,23.2
176.5,80.3,25.8,176.1,89.7,28.9
187.0,76.4,21.8,185.2,72.7,21.2
179.6,59.8,18.5,177.4,62.1,19.7
179.0,69.1,21.6,177.0,59.0,18.8
177.1,72.4,23.1,176.2,73.4,23.6
184.7,62.7,18.4,182.2,61.9,18.7
173.6,63.3,21.0,172.9,70.2,23.5
171.6,72.6,24.7,170.0,63.2,21.9
173.9,82.0,27.1,171.9,76.2,25.8
167.9,57.0,20.2,167.6,61.6,21.9
172.9,82.1,27.5,170.9,77.6,26.5
174.8,107.9,35.3,172.8,102.2,34.2
177.3,61.6,19.6,175.3,64.6,21.0
168.2,60.4,21.3,167.7,65.7,23.4
172.2,65.6,22.1,171.1,68.3,23.3
178.8,71.9,22.5,176.9,70.7,22.6
173.1,69.1,23.1,171.2,62.9,21.5
169.3,74.0,25.8,168.2,79.0,27.9
180.2,88.0,27.1,178.8,87.2,27.3
169.2,58.6,20.5,167.9,52.4,18.6
175.3,67.8,22.1,174.1,77.4,25.5
173.7,77.3,25.6,173.0,78.5,26.2
173.7,63.0,20.9,173.1,67.7,22.6
171.2,61.4,20.9,169.4,68.8,24.0
172.7,96.7,32.4,171.1,94.4,32.2
174.8,65.4,21.4,173.8,65.0,21.5
174.1,61.9,20.4,173.3,61.1,20.3
166.9,50.4,18.1,165.7,53.6,19.5
177.4,76.8,24.4,175.8,76.3,24.7
177.3,64.9,20.6,174.9,66.8,21.8
175.4,66.2,21.5,173.5,75.2,25.0
175.7,64.7,21.0,175.1,65.3,21.3
178.5,72.6,22.8,177.1,75.8,24.2
175.0,83.9,27.4,173.7,77.7,25.7
171.3,96.8,33.0,169.4,100.1,34.9
181.5,78.1,23.7,179.0,75.6,23.6
176.3,87.7,28.2,174.9,85.4,27.9
164.9,73.1,26.9,164.4,71.0,26.3
173.3,65.1,21.7,172.3,66.9,22.5
170.3,63.4,21.9,169.0,62.8,22.0
178.6,81.9,25.7,177.1,80.1,25.5
179.3,66.3,20.6,177.6,65.0,20.6
173.0,56.5,18.9,171.2,57.4,19.6
168.5,52.4,18.5,166.9,54.0,19.4
180.3,92.8,28.5,178.1,97.4,30.7
165.1,67.3,24.7,164.7,71.8,26.5
168.3,58.7,20.7,167.4,61.2,21.8
177.5,64.4,20.4,176.7,67.0,21.5
176.4,89.4,28.7,175.1,96.2,31.4
180.4,84.9,26.1,177.8,83.1,26.3
175.6,65.7,21.3,174.4,67.4,22.2
170.3,83.3,28.7,169.6,77.9,27.1
166.3,77.4,28.0,166.9,72.8,26.2
173.9,59.6,19.7,172.6,62.2,20.9
162.1,59.6,22.7,160.3,56.0,21.8
178.9,66.0,20.6,176.9,67.0,21.4
163.7,54.1,20.2,162.4,54.1,20.5
171.6,52.4,17.8,170.7,55.7,19.1
169.6,64.8,22.5,167.0,61.1,21.9
172.9,62.8,21.0,170.4,60.7,20.9
183.6,64.8,19.2,181.9,65.5,19.8
179.5,60.8,18.9,178.7,57.6,18.0
171.5,91.6,31.1,171.1,90.2,30.8
178.0,115.1,36.3,176.9,104.5,33.4
181.7,71.5,21.7,179.7,68.8,21.3
175.5,57.4,18.6,174.7,63.4,20.8
167.4,63.8,22.8,165.7,58.6,21.3
178.7,77.6,24.3,176.4,74.1,23.8
180.1,88.4,27.3,178.2,91.6,28.9
171.4,57.2,19.5,168.9,52.9,18.5
169.0,65.7,23.0,167.8,65.5,23.2
170.2,68.1,23.5,169.0,61.0,21.3
172.1,61.1,20.6,171.2,66.6,22.7
181.5,107.5,32.6,179.7,102.9,31.9
176.2,63.2,20.4,174.3,67.2,22.1
177.7,76.7,24.3,176.2,77.2,24.9
173.6,84.9,28.2,173.2,85.3,28.4
177.9,83.6,26.4,176.0,84.2,27.2
174.8,59.3,19.4,173.7,58.1,19.3
177.7,73.0,23.1,175.1,79.5,25.9
172.6,96.8,32.5,171.8,96.7,32.8
182.9,77.6,23.2,180.9,78.3,23.9
169.9,72.8,25.2,168.5,81.8,28.8
170.5,56.1,19.3,168.4,53.5,18.9
169.7,74.4,25.8,168.7,66.1,23.2
170.4,84.3,29.0,168.8,93.6,32.9
175.4,85.3,27.7,174.5,83.6,27.5
173.1,82.0,27.4,170.8,81.1,27.8
178.2,70.1,22.1,176.4,71.7,23.1
177.9,94.6,29.9,176.9,90.1,28.8
168.9,74.0,25.9,167.5,74.9,26.7
180.9,55.4,16.9,178.5,54.7,17.2
171.9,73.8,25.0,169.9,79.0,27.4
169.5,72.9,25.4,169.5,76.6,26.7
173.7,82.9,27.5,173.2,83.8,27.9
170.7,79.3,27.2,169.2,89.2,31.2
173.0,52.9,17.7,171.2,61.1,20.8
174.2,46.1,15.2,172.5,50.4,16.9
178.2,75.3,23.7,177.4,70.9,22.5
179.7,68.5,21.2,177.2,73.3,23.4
173.1,76.8,25.6,171.3,76.2,26.0
165.6,68.6,25.0,163.9,63.2,23.5
175.9,59.2,19.1,175.1,58.9,19.2
177.3,55.3,17.6,176.1,52.7,17.0
173.3,73.9,24.6,172.7,70.6,23.7
174.8,78.9,25.8,172.8,80.2,26.9
179.3,59.2,18.4,178.0,57.0,18.0
179.3,58.8,18.3,177.2,63.8,20.3
169.4,50.6,17.6,168.2,51.5,18.2
171.1,77.4,26.4,169.9,75.9,26.3
171.7,70.0,23.7,170.9,67.1,23.0
167.6,66.6,23.7,167.0,73.0,26.2
177.1,70.5,22.5,175.5,70.6,22.9
175.8,67.3,21.8,173.9,63.9,21.1
166.7,61.1,22.0,166.9,60.9,21.9
182.9,75.1,22.4,182.5,81.1,24.4
177.9,55.1,17.4,175.8,55.3,17.9
168.1,59.8,21.2,167.4,66.8,23.8
176.1,93.3,30.1,174.0,93.8,31.0
176.4,72.9,23.4,175.4,77.8,25.3
175.1,98.0,32.0,174.1,94.7,31.3
175.2,86.2,28.1,173.8,84.4,27.9
171.6,82.2,27.9,169.8,87.9,30.5
169.6,71.3,24.8,168.0,72.5,25.7
172.9,69.5,23.2,170.5,65.0,22.4
179.5,68.3,21.2,178.0,64.8,20.4
163.9,70.5,26.2,164.5,68.4,25.3
164.7,51.9,19.1,162.8,51.3,19.4
189.9,85.1,23.6,186.9,82.3,23.6
168.3,73.2,25.8,168.0,68.2,24.2
170.3,66.8,23.0,168.8,68.0,23.9
175.6,75.3,24.4,174.9,77.4,25.3
171.8,54.6,18.5,169.5,55.5,19.3
184.0,81.3,24.0,181.3,72.5,22.0
181.1,73.2,22.3,178.9,71.0,22.2
169.5,57.8,20.1,167.7,60.2,21.4
171.1,66.6,22.7,170.1,59.2,20.5
168.7,62.4,21.9,168.1,56.0,19.8
170.3,61.3,21.1,167.9,53.9,19.1
167.3,58.1,20.8,165.9,55.7,20.3
175.4,92.2,30.0,173.9,94.4,31.2
174.9,67.0,21.9,174.4,67.3,22.1
169.4,68.4,23.8,167.6,61.2,21.8
173.1,66.5,22.2,171.2,64.1,21.9
174.6,65.2,21.4,173.5,64.8,21.5
178.8,57.9,18.1,177.4,63.4,20.2
166.9,74.8,26.9,167.0,69.0,24.8
178.9,81.8,25.6,177.3,83.7,26.6
171.9,55.1,18.6,169.4,52.5,18.3
170.3,76.2,26.3,170.2,72.6,25.1
177.4,116.9,37.1,175.5,108.0,35.1
165.0,79.0,29.0,163.9,78.2,29.1
178.5,80.4,25.2,177.0,85.9,27.4
169.8,67.7,23.5,169.6,62.5,21.7
174.4,83.4,27.4,173.3,85.9,28.6
177.1,55.2,17.6,175.2,52.9,17.2
181.8,71.8,21.7,179.6,75.1,23.3
176.0,76.3,24.6,174.1,73.1,24.1
169.3,62.3,21.7,167.9,66.1,23.4
189.6,87.6,24.4,187.4,94.9,27.0
177.7,111.2,35.2,176.4,105.3,33.8
175.0,69.4,22.7,173.4,70.4,23.4
178.1,79.3,25.0,177.1,80.0,25.5
171.5,57.8,19.7,170.6,57.4,19.7
174.3,77.0,25.3,174.0,80.3,26.6
172.2,79.3,26.7,170.4,81.0,27.9
172.7,98.0,32.9,171.0,101.0,34.5
180.1,56.0,17.3,179.7,60.4,18.7
180.7,95.1,29.1,179.3,98.1,30.5
167.0,49.4,17.7,165.0,48.6,17.8
177.9,93.1,29.4,176.5,84.1,27.0
179.7,78.7,24.4,178.9,72.9,22.8
176.4,63.1,20.3,174.4,59.2,19.5
177.2,113.5,36.1,175.6,113.0,36.7
169.1,64.8,22.7,167.4,64.3,22.9
171.3,68.6,23.4,170.2,69.1,23.9
171.9,91.0,30.8,170.7,95.0,32.6
183.9,91.6,27.1,182.7,93.5,28.0
172.5,59.6,20.0,170.6,60.9,20.9
174.5,61.6,20.2,173.5,63.5,21.1
193.9,88.5,23.5,191.0,90.9,24.9
175.9,79.1,25.6,173.7,78.6,26.1
167.4,64.4,23.0,165.9,68.5,24.9
170.0,65.7,22.7,167.9,62.1,22.1
177.7,80.3,25.4,176.2,72.3,23.3
170.3,89.9,31.0,170.2,84.1,29.0
173.9,75.8,25.1,173.5,66.1,22.0
180.0,86.7,26.8,178.6,86.1,27.0
183.6,72.9,21.6,182.5,79.8,24.0
168.6,49.4,17.4,167.0,51.6,18.5
173.4,79.8,26.5,171.4,76.5,26.0
173.8,61.9,20.5,171.9,62.2,21.1
183.4,60.0,17.8,182.0,64.7,19.5
169.5,78.0,27.1,168.4,72.4,25.5
184.8,59.0,17.3,183.1,61.3,18.3
176.4,68.0,21.9,175.5,63.2,20.5
177.3,65.2,20.7,176.1,62.6,20.2
185.8,78.9,22.9,184.3,84.3,24.8
172.7,76.5,25.6,171.2,81.2,27.7
169.5,58.9,20.5,169.0,60.1,21.0
184.4,80.0,23.5,182.1,79.4,23.9
174.3,76.3,25.1,173.4,78.9,26.3
181.8,83.5,25.3,179.4,85.6,26.6
175.1,63.3,20.6,174.4,69.5,22.9
182.1,69.5,21.0,180.8,64.1,19.6
170.3,69.2,23.9,169.7,74.5,25.9
184.7,82.2,24.1,182.6,72.3,21.7
172.6,89.2,29.9,170.6,93.0,31.9
174.5,81.9,26.9,173.6,74.5,24.7
172.3,62.6,21.1,170.3,58.3,20.1
179.5,66.9,20.8,177.4,69.5,22.1
177.3,70.1,22.3,175.9,78.7,25.4
180.0,69.8,21.5,178.9,72.2,22.5
169.0,53.3,18.7,167.6,51.2,18.2
171.9,60.5,20.5,170.2,61.2,21.1
176.6,75.1,24.1,175.1,79.8,26.0
174.6,65.4,21.5,173.7,59.2,19.6
177.9,80.7,25.5,177.1,67.6,21.5
171.8,69.7,23.6,171.8,69.2,23.4
176.8,79.1,25.3,175.0,81.6,26.6
160.6,72.3,28.0,162.3,78.9,29.9
170.8,70.5,24.2,170.2,63.5,21.9
180.6,73.7,22.6,178.2,75.7,23.8
180.4,59.1,18.2,179.2,65.1,20.3
176.4,70.7,22.7,175.3,68.1,22.2
172.9,64.2,21.5,170.9,62.4,21.4
168.2,69.4,24.5,168.2,68.6,24.2
174.8,90.8,29.7,173.3,84.3,28.1
181.1,93.5,28.5,178.9,96.9,30.3
160.9,67.2,26.0,160.9,64.4,24.9
173.5,62.8,20.9,171.8,63.8,21.6
177.5,58.5,18.6,175.9,62.8,20.3
170.2,60.8,21.0,168.1,58.1,20.5
180.0,86.6,26.7,177.9,83.9,26.5
183.4,53.7,16.0,181.1,57.5,17.5
172.7,76.7,25.7,172.2,79.6,26.8
188.3,91.3,25.7,185.4,87.1,25.3
167.7,64.2,22.8,167.9,64.5,22.9
177.2,71.3,22.7,175.8,74.2,24.0
178.8,72.1,22.6,177.1,67.1,21.4
163.9,46.9,17.5,161.2,49.8,19.1
162.4,64.9,24.6,160.9,64.4,24.9
170.6,64.5,22.2,168.9,65.6,23.0
173.8,65.8,21.8,172.2,59.9,20.2
176.3,70.4,22.6,174.7,74.0,24.3
166.2,90.4,32.7,165.7,94.4,34.4
165.2,59.7,21.9,163.3,60.3,22.6
178.5,97.4,30.6,176.6,105.8,33.9
167.9,58.3,20.7,167.4,56.4,20.1
180.7,76.2,23.3,179.3,67.8,21.1
175.2,58.9,19.2,173.6,61.9,20.5
169.4,75.0,26.1,169.0,74.3,26.0
167.6,89.3,31.8,166.8,84.8,30.5
172.6,62.5,21.0,171.6,63.5,21.5
172.2,71.9,24.2,171.5,71.1,24.2
180.8,82.9,25.4,178.9,67.5,21.1
174.9,87.6,28.6,174.0,89.6,29.6
178.2,58.9,18.5,177.5,62.3,19.8
173.6,54.7,18.2,171.4,58.1,19.8
184.2,64.7,19.1,182.4,71.2,21.4
167.6,45.5,16.2,164.9,48.7,17.9
182.5,93.9,28.2,181.2,89.5,27.3
176.8,63.9,20.4,175.9,61.3,19.8
167.7,81.1,28.8,167.9,83.3,29.6
182.7,69.1,20.7,180.7,66.3,20.3
174.5,65.2,21.4,173.6,68.0,22.6
171.2,65.6,22.4,169.0,62.3,21.8
185.7,89.6,26.0,183.2,98.7,29.4
174.9,82.2,26.9,173.7,81.2,26.9
175.1,104.1,34.0,174.1,97.9,32.3
179.7,66.4,20.6,177.6,61.2,19.4
175.1,67.8,22.1,174.8,62.2,20.4
172.5,90.0,30.2,171.7,91.5,31.1
181.0,62.3,19.0,179.0,68.0,21.2
181.3,64.6,19.7,180.2,66.6,20.5
178.8,77.6,24.3,177.0,69.5,22.2
178.3,70.9,22.3,176.5,71.1,22.8
171.2,70.6,24.1,170.0,77.7,26.9
174.6,68.5,22.5,173.2,60.8,20.3
179.1,84.3,26.3,177.9,84.8,26.8
170.8,80.5,27.6,169.5,83.4,29.0
165.4,67.8,24.8,164.6,71.2,26.3
162.8,54.0,20.4,161.1,59.1,22.8
173.7,101.8,33.7,172.9,98.5,32.9
167.0,64.7,23.2,165.2,63.1,23.1
171.6,55.7,18.9,170.9,57.9,19.8
173.3,65.4,21.8,173.3,69.9,23.3
174.9,56.7,18.5,174.1,56.3,18.6
172.5,64.2,21.6,170.7,61.0,21.0
172.6,63.8,21.4,170.8,60.7,20.8
173.8,63.3,21.0,172.7,61.2,20.5
183.6,95.6,28.4,182.0,95.4,28.8
178.0,54.5,17.2,176.4,58.2,18.7
163.6,62.4,23.3,163.3,67.9,25.5
174.5,73.5,24.1,173.8,74.9,24.8
184.1,81.6,24.1,182.5,78.3,23.5
177.8,117.1,37.0,176.2,118.8,38.3
180.3,62.1,19.1,177.8,65.2,20.6
173.1,57.1,19.1,170.7,59.3,20.4
174.4,62.0,20.4,172.1,63.1,21.3
178.7,100.0,31.3,175.9,96.7,31.2
172.3,73.8,24.9,171.7,69.5,23.6
178.2,94.9,29.9,177.0,83.7,26.7
188.1,122.9,34.7,184.6,108.6,31.9
166.8,76.4,27.5,166.0,84.9,30.8
174.7,64.8,21.2,173.1,64.0,21.4
174.1,75.3,24.8,172.6,75.4,25.3
178.2,79.9,25.2,176.6,82.9,26.6
169.3,62.8,21.9,168.3,61.1,21.6
173.3,69.1,23.0,172.6,66.5,22.3
173.1,71.5,23.9,171.0,75.0,25.7
166.6,46.6,16.8,165.2,51.0,18.7
178.4,103.8,32.6,177.0,101.7,32.5
172.3,87.0,29.3,171.3,90.5,30.8
164.2,48.7,18.1,161.9,52.8,20.1
183.8,63.6,18.8,182.0,59.3,17.9
178.0,72.5,22.9,176.3,69.3,22.3
177.6,62.7,19.9,176.4,60.4,19.4
176.3,70.3,22.6,174.1,64.4,21.3
183.9,77.3,22.9,182.7,77.2,23.1
176.4,86.8,27.9,175.7,88.3,28.6
179.2,76.6,23.9,178.2,75.6,23.8
183.7,87.1,25.8,181.0,89.6,27.4
165.6,52.7,19.2,164.4,57.4,21.3
172.6,108.1,36.3,171.9,102.8,34.8
169.6,76.2,26.5,168.3,75.5,26.6
168.3,61.5,21.7,166.3,58.9,21.3
180.5,66.5,20.4,179.7,71.7,22.2
172.1,73.0,24.6,170.5,70.4,24.2
178.3,78.6,24.7,177.0,80.4,25.7
167.5,64.9,23.1,167.2,63.6,22.8
169.7,57.3,19.9,167.8,57.4,20.4
174.7,67.7,22.2,174.2,68.7,22.6
170.8,58.4,20.0,169.7,58.7,20.4
177.1,53.9,17.2,175.6,56.8,18.4
178.9,78.3,24.5,177.3,75.1,23.9
179.4,108.6,33.7,177.5,116.0,36.8
175.7,64.5,20.9,174.1,66.4,21.9
179.2,68.2,21.2,178.0,72.4,22.8
171.1,62.6,21.4,170.1,61.2,21.1
172.9,74.4,24.9,171.8,78.7,26.7
172.5,62.5,21.0,172.2,59.8,20.2
174.2,62.0,20.4,172.9,54.2,18.1
171.7,79.0,26.8,170.7,75.0,25.7
173.6,69.7,23.1,172.5,64.0,21.5
175.3,67.5,22.0,173.1,61.3,20.5
169.3,65.4,22.8,168.6,68.7,24.2
176.0,73.0,23.6,175.5,69.0,22.4
180.9,77.9,23.8,178.5,79.0,24.8
179.5,90.2,28.0,177.3,89.3,28.4
162.7,64.9,24.5,162.2,62.9,23.9
184.5,76.2,22.4,183.3,85.4,25.4
178.9,60.8,19.0,178.0,64.0,20.2
168.6,61.9,21.8,167.8,62.4,22.2
181.3,72.4,22.0,180.6,68.5,21.0
175.3,62.2,20.2,174.0,61.7,20.4
181.3,81.4,24.8,180.3,88.8,27.3
181.8,71.6,21.7,180.0,71.8,22.2
173.1,65.7,21.9,172.0,66.6,22.5
171.2,54.8,18.7,170.0,53.7,18.6
183.2,61.1,18.2,182.2,62.4,18.8
173.5,81.8,27.2,171.2,81.2,27.7
172.6,58.3,19.6,170.5,63.6,21.9
172.8,66.3,22.2,170.8,68.6,23.5
163.7,57.7,21.5,162.3,51.2,19.5
184.4,87.5,25.7,183.1,83.2,24.8
173.0,64.4,21.5,171.2,58.6,20.0
182.2,86.0,25.9,181.0,77.3,23.6
171.3,49.2,16.8,170.2,55.0,19.0
165.1,79.9,29.3,164.3,77.0,28.5
169.5,46.9,16.3,167.9,54.0,19.2
177.0,57.9,18.5,175.1,63.8,20.8
173.1,71.7,23.9,171.3,81.1,27.6
178.3,71.9,22.6,176.2,74.3,23.9
180.1,68.7,21.2,178.0,72.0,22.7
175.7,77.4,25.1,174.7,78.7,25.8
167.6,68.7,24.5,167.6,68.5,24.4
171.5,65.0,22.1,169.4,61.0,21.3
172.6,73.3,24.6,171.9,72.2,24.4
169.8,59.1,20.5,168.3,59.9,21.2
173.4,55.4,18.4,172.1,54.4,18.4
174.1,62.0,20.5,171.7,59.3,20.1
168.5,61.0,21.5,167.6,63.9,22.7
179.1,90.2,28.1,177.8,92.7,29.3
168.8,60.3,21.2,167.1,58.0,20.7
179.8,63.7,19.7,178.5,62.0,19.5
175.3,51.1,16.6,172.8,53.0,17.7
165.2,66.0,24.2,164.5,66.5,24.6
169.7,59.2,20.6,168.0,60.3,21.4
171.3,89.0,30.3,170.4,84.8,29.2
173.9,66.2,21.9,172.7,66.0,22.1
175.8,70.2,22.7,175.1,71.2,23.2
182.7,74.6,22.3,181.0,69.5,21.2
169.5,95.3,33.2,168.3,83.9,29.6
174.0,73.6,24.3,173.5,70.1,23.3
188.6,78.6,22.1,186.6,79.2,22.8
175.8,75.0,24.3,175.2,69.9,22.8
169.3,83.7,29.2,168.5,76.8,27.0
183.6,123.6,36.7,181.7,109.2,33.1
172.7,65.4,21.9,170.7,60.2,20.7
173.4,67.4,22.4,171.9,64.4,21.8
177.3,95.0,30.2,175.2,91.1,29.7
182.5,75.0,22.5,181.7,70.9,21.5
170.1,63.7,22.0,169.6,65.8,22.9
166.8,66.9,24.0,166.3,67.9,24.5
169.2,73.0,25.5,168.1,71.9,25.5
175.2,63.1,20.6,173.3,61.4,20.4
169.9,59.0,20.4,168.9,74.1,26.0
175.7,69.1,22.4,174.2,62.3,20.5
175.2,71.8,23.4,173.6,71.0,23.5
174.3,54.6,18.0,172.8,55.3,18.5
175.8,82.6,26.7,175.5,80.2,26.0
171.7,48.7,16.5,170.1,50.5,17.5
177.9,69.2,21.9,176.4,65.9,21.2
168.0,75.9,26.9,168.6,80.5,28.3
164.8,79.2,29.2,163.7,74.9,27.9
169.1,72.1,25.2,167.9,67.6,24.0
182.2,92.1,27.7,180.5,96.1,29.5
171.2,100.9,34.4,170.5,98.0,33.7
171.9,69.2,23.4,171.6,67.7,23.0
161.5,69.1,26.5,159.9,63.3,24.8
171.0,57.0,19.5,168.2,50.8,18.0
176.9,76.2,24.4,176.4,76.3,24.5
176.9,71.4,22.8,175.6,70.5,22.9
186.0,58.5,16.9,183.5,64.6,19.2
180.2,55.9,17.2,178.8,65.0,20.3
176.3,73.8,23.7,175.3,73.3,23.8
172.9,105.0,35.1,172.5,107.6,36.1
163.1,49.6,18.6,162.0,51.7,19.7
173.4,61.5,20.5,172.5,60.0,20.2
178.9,60.7,19.0,177.6,60.1,19.1
173.9,53.5,17.7,171.3,57.0,19.4
169.1,51.8,18.1,166.5,51.2,18.5
184.6,98.0,28.8,183.3,93.3,27.8
173.3,60.0,20.0,172.3,54.3,18.3
174.3,77.7,25.6,172.1,72.7,24.5
171.9,106.4,36.0,171.2,104.7,35.7
171.3,59.4,20.2,170.6,55.2,18.9
173.5,95.5,31.7,171.9,98.3,33.3
181.2,63.0,19.2,179.5,67.9,21.1
178.8,98.5,30.8,176.5,102.2,32.8
172.1,63.0,21.3,171.8,68.2,23.1
183.2,115.2,34.3,181.3,120.8,36.8
183.2,73.4,21.9,181.5,71.6,21.7
168.0,53.1,18.8,166.8,52.9,19.0
176.6,69.4,22.3,175.9,73.0,23.6
172.8,81.6,27.3,171.3,85.6,29.1
172.0,100.3,33.9,170.7,97.0,33.3
173.5,46.1,15.3,172.0,58.8,19.8
172.9,63.1,21.1,170.7,58.9,20.2
177.6,69.6,22.1,176.8,73.6,23.5
165.6,71.1,25.9,165.1,71.8,26.3
172.5,67.6,22.7,170.6,63.2,21.7
172.7,83.4,28.0,172.5,82.7,27.8
176.6,73.5,23.6,175.5,67.9,22.1
162.7,64.4,24.3,162.9,64.8,24.4
170.8,58.5,20.1,170.2,56.2,19.4
174.7,75.9,24.9,173.3,63.1,21.0
176.5,79.0,25.4,174.4,83.8,27.6
166.6,54.4,19.6,164.3,50.5,18.7
173.3,71.8,23.9,171.3,74.2,25.3
176.2,59.4,19.1,174.0,65.4,21.6
169.7,77.5,26.9,168.8,69.6,24.4
177.2,90.5,28.8,176.1,94.1,30.3
179.8,81.8,25.3,177.8,84.6,26.8
174.5,59.0,19.4,173.9,56.8,18.8
180.5,63.8,19.6,179.3,66.9,20.8
172.1,64.5,21.8,171.6,69.7,23.7
174.4,67.5,22.2,172.8,63.5,21.3
161.5,48.7,18.7,160.3,50.9,19.8
176.2,76.1,24.5,175.2,74.2,24.2
182.5,67.3,20.2,180.9,64.9,19.8
176.9,63.9,20.4,175.7,62.8,20.3
174.5,71.5,23.5,172.1,61.2,20.7
179.5,72.8,22.6,178.1,64.2,20.2
170.0,53.9,18.7,168.4,58.2,20.5
173.0,59.4,19.8,171.7,55.7,18.9
171.5,74.2,25.2,169.8,72.1,25.0
169.3,61.8,21.6,169.0,62.5,21.9
174.9,99.3,32.5,173.8,101.9,33.8
180.6,89.6,27.5,179.3,95.2,29.6
171.8,80.0,27.1,170.3,78.6,27.1
173.6,69.1,22.9,173.0,66.7,22.3
174.9,59.5,19.5,172.9,60.0,20.1
171.3,70.2,23.9,171.0,66.3,22.7
166.6,67.8,24.4,165.8,62.2,22.6
176.1,87.7,28.3,175.3,85.2,27.7
174.6,87.0,28.5,172.2,92.2,31.1
168.5,66.2,23.3,167.5,65.9,23.5
179.8,72.4,22.4,178.5,68.8,21.6
172.9,64.9,21.7,172.0,62.8,21.2
176.4,74.6,24.0,175.8,73.8,23.9
179.2,61.8,19.2,177.8,61.8,19.5
179.2,65.1,20.3,178.0,63.7,20.1
169.3,64.0,22.3,167.9,61.7,21.9
168.1,60.1,21.3,165.9,51.4,18.7
178.3,71.2,22.4,177.9,69.5,22.0
176.2,65.6,21.1,174.8,65.6,21.5
180.8,93.9,28.7,178.9,91.8,28.7
176.2,80.9,26.1,175.7,82.0,26.5
171.9,86.9,29.4,171.6,86.6,29.4
169.6,63.6,22.1,168.1,67.2,23.8
174.4,69.2,22.8,173.0,70.7,23.6
167.7,66.1,23.5,167.4,57.1,20.4
187.8,79.4,22.5,185.9,82.4,23.8
172.1,63.5,21.4,170.5,67.3,23.1
178.3,86.3,27.1,175.9,84.9,27.4
172.4,73.1,24.6,171.4,72.1,24.6
172.8,76.2,25.5,171.9,77.3,26.2
176.2,79.0,25.4,175.0,86.6,28.3
170.2,88.2,30.4,170.2,85.6,29.6
179.3,61.1,19.0,178.4,65.0,20.4
166.7,74.5,26.8,165.4,75.5,27.6
172.8,66.6,22.3,171.7,64.0,21.7
169.8,59.0,20.5,167.7,61.3,21.8
177.5,58.5,18.6,175.9,62.8,20.3
183.3,99.4,29.6,181.2,105.1,32.0
175.8,58.2,18.8,174.5,65.6,21.5
176.2,71.8,23.1,174.1,71.9,23.7
181.1,109.6,33.4,179.4,95.5,29.7
180.3,79.5,24.5,178.2,77.5,24.4
174.1,64.1,21.1,172.4,65.9,22.2
174.7,63.7,20.9,173.6,63.1,20.9
164.5,71.4,26.4,162.8,62.1,23.4
179.8,65.4,20.2,178.3,66.9,21.1
168.7,89.3,31.4,168.5,79.7,28.1
179.7,88.8,27.5,177.3,88.5,28.1
167.4,71.5,25.5,165.9,78.4,28.5
177.7,92.1,29.2,176.0,89.9,29.0
184.5,81.1,23.8,183.6,75.6,22.4
169.7,60.9,21.1,169.4,62.4,21.7
174.2,65.0,21.4,172.5,66.1,22.2
169.7,91.1,31.6,168.8,91.7,32.2
168.9,67.0,23.5,167.6,81.1,28.9
176.7,61.4,19.7,175.7,67.8,22.0
177.3,55.5,17.7,175.7,56.2,18.2
176.1,65.8,21.2,174.6,65.5,21.5
188.7,129.9,36.5,185.8,122.5,35.5
172.6,83.2,27.9,172.2,82.8,27.9
179.5,63.6,19.7,177.8,60.7,19.2
171.0,53.5,18.3,168.8,49.9,17.5
166.6,53.1,19.1,165.1,56.6,20.8
176.7,70.2,22.5,176.2,65.6,21.1
179.7,80.3,24.9,177.5,82.4,26.2
173.8,60.2,19.9,173.0,63.9,21.3
177.4,62.8,20.0,175.8,61.8,20.0
172.9,66.8,22.3,171.7,60.7,20.6
167.9,59.0,20.9,166.5,60.1,21.7
188.6,120.6,33.9,185.4,119.8,34.9
179.8,95.5,29.5,178.0,92.8,29.3
178.2,69.9,22.0,177.0,71.9,23.0
168.1,91.7,32.5,166.8,91.3,32.8
179.8,87.2,27.0,178.8,86.0,26.9
188.2,85.3,24.1,186.3,80.3,23.1
170.5,54.0,18.6,168.5,58.0,20.5
178.6,89.5,28.1,177.8,88.9,28.1
175.8,71.3,23.1,173.7,69.8,23.1
174.3,80.7,26.6,172.9,81.9,27.4
171.9,82.5,27.9,171.2,85.3,29.1
169.8,71.7,24.9,168.1,71.8,25.4
174.8,79.5,26.0,173.6,68.4,22.7
180.0,102.3,31.6,178.0,95.5,30.1
175.2,62.5,20.4,173.9,62.8,20.8
178.7,76.3,23.9,177.4,76.4,24.3
177.0,76.7,24.5,175.4,78.0,25.3
174.8,82.9,27.1,172.8,82.9,27.7
177.9,75.0,23.7,177.2,77.9,24.8
178.0,80.3,25.3,176.6,75.7,24.3
174.8,59.7,19.5,172.3,61.3,20.6
175.0,88.5,28.9,172.6,90.7,30.4
170.1,69.5,24.0,169.9,68.1,23.6
179.5,81.9,25.4,177.4,86.3,27.4
184.3,64.4,19.0,182.8,62.2,18.6
166.4,78.4,28.3,166.1,78.3,28.4
177.5,104.7,33.2,175.4,103.0,33.5
173.3,57.2,19.0,171.6,59.9,20.4
176.7,65.8,21.1,176.0,69.6,22.5
177.2,103.5,33.0,175.7,112.3,36.4
181.2,83.5,25.4,179.2,83.8,26.1
178.2,74.5,23.5,177.1,76.0,24.2
179.9,62.3,19.2,177.8,62.7,19.9
175.3,76.9,25.0,174.5,73.8,24.2
172.6,74.0,24.8,171.4,75.1,25.6
176.4,59.1,19.0,174.0,58.2,19.2
178.5,60.8,19.1,178.0,63.6,20.1
175.5,58.2,18.9,174.1,58.0,19.1
162.2,53.5,20.3,161.7,52.5,20.1
169.5,78.2,27.2,169.1,68.0,23.8
181.2,75.6,23.0,179.4,70.7,22.0
179.1,84.8,26.4,177.5,92.5,29.4
178.7,81.9,25.6,176.8,75.8,24.2
170.8,71.1,24.4,169.8,70.6,24.5
176.4,60.1,19.3,174.3,56.5,18.6
165.4,60.6,22.2,164.2,56.9,21.1
175.2,60.2,19.6,173.4,63.3,21.1
180.1,77.1,23.8,177.9,79.3,25.1
169.8,83.5,29.0,168.8,82.4,28.9
176.9,69.5,22.2,174.6,69.1,22.6
175.3,75.0,24.4,173.8,77.9,25.8
171.2,70.6,24.1,170.0,77.7,26.9
185.4,55.8,16.2,183.5,60.9,18.1
165.8,79.6,29.0,165.2,66.7,24.4
183.0,61.8,18.5,181.0,62.4,19.0
173.4,71.6,23.8,171.6,71.1,24.1
174.9,60.3,19.7,173.6,64.1,21.3
181.7,75.8,23.0,179.6,77.8,24.1
175.4,55.2,17.9,173.5,52.8,17.5
168.4,55.8,19.7,166.7,60.8,21.9
180.1,57.8,17.8,178.0,62.4,19.7
179.3,74.3,23.1,178.5,76.0,23.9
174.8,73.0,23.9,173.0,67.7,22.6
182.3,69.4,20.9,181.1,70.3,21.4
190.3,74.1,20.5,188.8,70.5,19.8
164.8,53.8,19.8,163.5,52.6,19.7
176.9,78.7,25.1,175.9,79.7,25.8
173.0,68.3,22.8,172.2,70.4,23.7
175.2,65.3,21.3,174.1,64.5,21.3
181.9,88.6,26.8,179.6,87.2,27.0
174.7,77.8,25.5,174.4,74.2,24.4
174.0,64.3,21.2,172.0,57.5,19.4
189.8,73.2,20.3,187.3,75.8,21.6
176.9,95.7,30.6,174.5,91.7,30.1
167.0,57.7,20.7,166.4,55.1,19.9
174.8,62.9,20.6,173.5,66.5,22.1
175.4,86.7,28.2,174.8,89.8,29.4
178.5,85.8,26.9,176.5,79.5,25.5
177.8,56.0,17.7,177.2,60.8,19.4
178.9,77.2,24.1,176.8,76.5,24.5
173.8,88.0,29.1,172.4,89.6,30.1
173.6,61.1,20.3,172.6,61.7,20.7
173.8,68.7,22.7,172.0,63.7,21.5
166.4,70.2,25.4,164.9,76.5,28.1
172.2,63.0,21.2,170.6,66.1,22.7
169.7,68.1,23.6,169.1,67.6,23.6
179.7,57.8,17.9,178.3,55.9,17.6
180.1,82.2,25.3,177.7,79.6,25.2
169.8,48.3,16.8,167.5,48.8,17.4
173.7,93.4,31.0,172.1,88.4,29.9
174.0,70.0,23.1,172.2,68.4,23.1
181.8,105.8,32.0,179.1,106.8,33.3
180.6,84.4,25.9,179.5,87.7,27.2
177.6,69.7,22.1,175.5,63.3,20.6
168.2,59.2,20.9,166.6,56.6,20.4
171.5,72.9,24.8,170.5,79.1,27.2
178.6,68.2,21.4,176.2,82.0,26.4
168.9,84.2,29.5,167.7,82.1,29.2
165.1,61.8,22.7,164.1,58.9,21.9
170.1,71.4,24.7,169.0,64.7,22.7
163.2,55.8,21.0,161.3,49.9,19.2
175.5,68.0,22.1,173.9,71.6,23.7
176.3,70.8,22.8,174.5,70.4,23.1
173.7,70.5,23.4,172.6,68.5,23.0
170.1,70.1,24.2,168.8,76.4,26.8
178.1,74.9,23.6,177.0,64.7,20.7
183.0,75.0,22.4,181.6,79.4,24.1
179.8,80.9,25.0,178.5,80.8,25.3
167.8,65.2,23.2,165.6,59.8,21.8
166.9,77.9,28.0,166.2,74.7,27.1
165.1,65.3,24.0,164.6,64.9,23.9
172.8,61.2,20.5,172.1,61.6,20.8
174.8,98.9,32.4,173.9,88.8,29.4
176.4,68.6,22.0,174.7,70.3,23.0
174.7,96.2,31.5,173.2,97.0,32.3
181.1,72.3,22.0,179.7,72.1,22.3
186.5,87.2,25.1,184.7,81.5,23.9
171.5,62.7,21.3,169.4,62.5,21.8
171.9,74.1,25.1,170.1,74.6,25.8
172.3,57.7,19.4,169.9,57.2,19.8
173.9,74.2,24.5,172.7,76.8,25.7
167.5,54.6,19.5,165.2,54.4,19.9
174.1,87.6,28.9,172.4,92.2,31.0
167.2,57.9,20.7,165.5,56.0,20.5
169.5,82.7,28.8,167.8,73.5,26.1
158.5,48.1,19.1,158.5,51.2,20.4
172.6,88.0,29.5,172.1,86.5,29.2
186.5,75.3,21.6,185.3,72.4,21.1
178.0,56.8,17.9,176.6,58.4,18.7
175.5,55.7,18.1,173.5,56.9,18.9
167.4,60.1,21.4,166.7,59.5,21.4
172.7,57.9,19.4,170.9,56.7,19.4
176.8,59.6,19.1,174.9,59.0,19.3
180.6,98.7,30.3,179.1,115.0,35.8
178.5,109.4,34.3,176.6,108.5,34.8
168.0,53.1,18.8,165.8,51.7,18.8
176.6,76.2,24.4,174.7,72.5,23.8
174.8,59.7,19.5,174.1,55.7,18.4
177.9,70.9,22.4,176.0,68.7,22.2
161.5,54.5,20.9,160.9,54.2,20.9
171.6,70.7,24.0,171.4,71.1,24.2
175.7,61.5,19.9,175.1,58.3,19.0
179.8,64.7,20.0,178.5,65.6,20.6
183.7,87.2,25.8,181.1,87.5,26.7
175.6,76.7,24.9,174.8,67.9,22.2
180.1,93.6,28.9,179.0,94.1,29.4
172.0,69.0,23.3,169.8,72.3,25.1
178.2,75.4,23.7,177.2,76.8,24.5
174.8,95.1,31.1,173.1,96.8,32.3
185.8,81.8,23.7,184.4,77.6,22.8
169.2,48.9,17.1,168.7,56.6,19.9
178.7,59.0,18.5,177.8,61.6,19.5
183.5,79.9,23.7,180.5,82.6,25.4
173.5,72.2,24.0,172.5,67.3,22.6
174.6,74.4,24.4,173.4,73.1,24.3
168.8,62.0,21.8,168.1,71.0,25.1
172.9,60.0,20.1,171.8,61.3,20.8
184.5,88.3,25.9,182.2,103.3,31.1
181.0,78.6,24.0,180.1,84.8,26.1
175.4,62.0,20.2,173.2,65.2,21.7
184.3,71.1,20.9,182.4,68.0,20.4
170.5,62.4,21.5,168.9,58.7,20.6
179.8,63.6,19.7,177.2,65.1,20.7
172.9,101.1,33.8,171.4,100.1,34.1
177.7,71.8,22.7,176.9,73.5,23.5
174.6,76.8,25.2,173.7,70.7,23.4
168.7,67.2,23.6,167.8,66.5,23.6
168.3,69.7,24.6,167.5,69.8,24.9
170.8,45.3,15.5,168.1,51.3,18.2
177.3,58.3,18.5,175.8,63.2,20.4
174.9,69.6,22.8,173.5,66.4,22.1
174.3,56.9,18.7,172.4,57.6,19.4
172.1,78.7,26.6,170.2,79.5,27.4
175.5,68.7,22.3,174.8,71.7,23.5
174.7,88.5,29.0,172.6,91.6,30.7
180.3,64.1,19.7,179.3,65.6,20.4
177.4,93.9,29.8,175.7,96.8,31.3
171.3,72.1,24.6,169.8,77.4,26.8
167.8,49.5,17.6,166.1,51.7,18.7
173.5,100.3,33.3,171.9,98.7,33.4
182.3,99.5,29.9,180.9,104.7,32.0
165.4,59.8,21.9,164.8,58.7,21.6
177.2,76.4,24.3,175.5,74.5,24.2
181.2,59.6,18.2,178.4,58.7,18.4
180.7,86.4,26.5,179.2,71.2,22.1
171.8,74.7,25.3,170.8,67.1,23.0
161.5,51.6,19.8,160.7,53.0,20.5
173.4,65.5,21.8,171.1,63.1,21.6
171.2,58.1,19.8,169.3,58.0,20.2
175.5,68.4,22.2,173.4,59.9,19.9
172.9,50.5,16.9,171.1,55.2,18.9
180.2,78.2,24.1,178.0,69.3,21.9
170.9,92.1,31.5,169.7,92.1,32.0
174.4,83.1,27.3,173.3,75.5,25.1
166.9,60.8,21.8,166.6,63.1,22.7
166.8,67.9,24.4,165.2,63.3,23.2
180.2,69.2,21.3,178.8,67.7,21.2
189.8,109.9,30.5,186.9,105.0,30.1
184.6,74.4,21.8,183.6,70.7,21.0
168.7,62.8,22.1,167.7,62.2,22.1
177.2,67.8,21.6,175.4,62.9,20.5
175.9,76.1,24.6,175.0,75.5,24.7
174.9,88.5,28.9,173.5,84.5,28.0
176.6,66.5,21.3,175.5,62.6,20.3
174.5,72.0,23.6,173.2,69.8,23.3
174.9,76.9,25.1,174.2,79.5,26.2
173.7,60.4,20.0,173.2,60.2,20.1
182.6,102.0,30.6,181.0,96.6,29.5
178.3,55.4,17.4,176.7,57.2,18.3
170.2,67.9,23.4,168.7,69.0,24.2
178.2,71.3,22.5,176.8,68.6,22.0
175.1,78.3,25.5,174.9,71.3,23.3
179.5,73.1,22.7,177.5,72.9,23.1
178.1,103.6,32.7,176.0,102.2,33.0
180.1,62.2,19.2,177.4,59.5,18.9
169.7,50.7,17.6,169.1,54.7,19.1
181.6,66.5,20.2,179.8,64.5,19.9
170.9,64.7,22.2,169.8,67.9,23.5
174.3,77.7,25.6,172.1,72.7,24.5
176.8,57.8,18.5,175.0,58.2,19.0
176.6,56.4,18.1,175.3,55.9,18.2
170.1,66.5,23.0,168.1,61.0,21.6
178.2,93.3,29.4,176.9,96.1,30.7
172.1,55.7,18.8,170.9,54.7,18.7
175.5,96.3,31.3,174.5,103.2,33.9
166.7,52.6,18.9,165.1,52.8,19.4
165.5,60.6,22.1,165.5,60.7,22.2
185.1,82.9,24.2,183.8,89.0,26.3
172.7,84.9,28.5,170.3,77.0,26.6
174.7,65.9,21.6,172.4,58.5,19.7
172.5,68.5,23.0,171.4,65.6,22.3
180.6,79.1,24.3,178.3,74.7,23.5
180.6,77.4,23.7,178.8,80.4,25.2
181.7,100.4,30.4,179.9,100.9,31.2
169.7,69.4,24.1,169.1,77.9,27.3
178.7,70.9,22.2,177.5,64.3,20.4
173.7,49.1,16.3,172.5,56.1,18.9
170.9,73.9,25.3,169.2,71.8,25.1
175.9,65.4,21.1,173.9,65.5,21.6
187.0,95.7,27.4,184.3,97.2,28.6
171.0,69.1,23.6,168.7,57.6,20.2
187.4,65.4,18.6,185.5,63.0,18.3
172.1,77.5,26.2,170.0,76.0,26.3
182.9,75.5,22.6,181.8,73.8,22.3
167.5,56.8,20.2,166.8,53.6,19.3
172.7,66.7,22.4,171.0,64.5,22.1
169.9,57.5,19.9,168.2,52.6,18.6
165.6,51.3,18.7,164.1,49.2,18.3
176.7,73.1,23.4,175.2,61.6,20.1
162.9,52.6,19.8,162.0,52.2,19.9
177.0,71.0,22.7,175.8,70.5,22.8
172.0,55.5,18.8,170.1,53.9,18.6
174.4,73.0,24.0,172.4,74.1,24.9
169.3,70.8,24.7,168.2,72.3,25.5
166.3,81.2,29.4,165.5,75.6,27.6
177.3,113.1,36.0,176.5,110.6,35.5
174.6,109.8,36.0,172.7,100.2,33.6
180.2,78.0,24.0,178.7,82.7,25.9
182.6,98.8,29.6,181.7,95.6,29.0
173.8,77.9,25.8,173.4,67.2,22.3
173.4,60.5,20.1,171.8,61.0,20.7
172.6,65.2,21.9,170.7,66.3,22.7
176.9,54.3,17.4,175.8,59.7,19.3
172.1,69.5,23.5,171.9,68.6,23.2
163.1,70.1,26.4,161.1,63.0,24.3
170.0,73.7,25.5,168.5,69.3,24.4
170.5,57.9,19.9,169.8,59.8,20.7
179.0,92.3,28.8,177.8,82.4,26.1
177.2,73.5,23.4,175.4,73.9,24.0
178.4,82.3,25.9,177.2,83.8,26.7
178.1,101.4,32.0,176.0,103.4,33.4
169.0,91.1,31.9,168.5,88.4,31.2
175.9,94.6,30.6,173.9,92.1,30.4
173.9,78.6,26.0,172.5,78.0,26.2
176.8,57.4,18.4,174.5,59.6,19.6
176.4,60.0,19.3,175.7,65.1,21.1
178.7,83.8,26.2,177.5,85.5,27.1
172.7,75.7,25.4,172.0,75.9,25.6
174.5,58.9,19.3,173.6,60.6,20.1
181.0,75.7,23.1,178.7,74.6,23.4
173.9,75.8,25.1,172.3,69.7,23.5
185.1,57.7,16.8,182.2,59.0,17.8
175.4,59.6,19.4,175.0,65.3,21.3
175.0,61.2,20.0,173.8,67.3,22.3
175.4,84.1,27.3,174.6,78.1,25.6
175.5,61.6,20.0,174.7,67.1,22.0
179.5,78.6,24.4,178.3,79.0,24.8
182.3,62.9,18.9,181.4,64.5,19.6
181.0,83.0,25.3,179.5,85.3,26.5
173.6,62.8,20.8,172.3,60.5,20.4
170.7,82.1,28.2,170.6,72.0,24.8
174.9,85.5,28.0,172.6,82.7,27.8
170.0,43.8,15.2,167.6,47.9,17.0
175.8,81.5,26.4,175.4,85.3,27.7
177.8,74.0,23.4,176.6,71.8,23.0
172.6,75.6,25.4,170.7,73.3,25.2
171.4,62.1,21.1,170.1,56.7,19.6
173.6,80.7,26.8,172.5,80.7,27.1
165.4,63.0,23.0,164.3,58.6,21.7
179.4,58.3,18.1,178.3,56.1,17.6
178.4,99.5,31.3,177.0,98.2,31.3
184.5,83.7,24.6,182.3,80.7,24.3
175.5,82.6,26.8,173.4,78.4,26.1
176.5,91.9,29.5,174.0,92.2,30.5
177.6,69.0,21.9,176.7,63.8,20.4
179.1,61.4,19.1,178.0,62.9,19.9
172.4,52.9,17.8,170.9,54.6,18.7
177.2,77.6,24.7,175.6,68.5,22.2
167.3,58.2,20.8,166.5,58.5,21.1
166.9,60.9,21.9,166.5,61.8,22.3
163.5,56.0,20.9,162.8,57.2,21.6
172.9,78.1,26.1,170.5,79.9,27.5
172.4,54.6,18.4,171.5,55.7,18.9
168.7,74.0,26.0,167.5,69.7,24.9
158.7,46.8,18.6,158.7,49.4,19.6
172.8,62.0,20.8,171.2,61.8,21.1
170.8,59.8,20.5,168.9,62.9,22.0
171.8,63.4,21.5,169.7,61.3,21.3
169.3,79.4,27.7,169.0,76.7,26.9
172.0,57.5,19.4,170.4,52.6,18.1
173.1,78.3,26.1,171.7,70.1,23.8
171.4,62.8,21.4,169.8,57.7,20.0
173.2,73.6,24.5,172.2,72.0,24.3
181.8,70.2,21.2,180.1,72.3,22.3
179.3,65.3,20.3,177.4,63.2,20.1
175.5,73.4,23.8,173.9,73.7,24.4
172.1,62.4,21.1,170.1,60.8,21.0
177.3,69.3,22.0,176.1,65.3,21.1
177.1,63.3,20.2,175.8,63.6,20.6
170.8,63.0,21.6,170.3,55.9,19.3
169.8,82.2,28.5,169.1,86.0,30.1
175.0,78.0,25.5,173.8,90.2,29.9
171.9,77.1,26.1,170.5,70.1,24.1
180.8,85.2,26.1,179.6,90.8,28.1
173.2,78.7,26.2,172.6,79.4,26.7
174.5,72.1,23.7,172.6,75.3,25.3
175.7,72.3,23.4,174.0,71.1,23.5
172.0,65.1,22.0,170.6,63.7,21.9
173.8,73.5,24.3,172.2,77.5,26.1
168.6,57.6,20.3,166.6,55.0,19.8
176.5,60.7,19.5,175.1,59.0,19.2
165.5,40.7,14.9,163.7,47.6,17.7
177.0,72.9,23.3,175.9,76.0,24.6
163.4,60.5,22.7,162.5,59.4,22.5
179.4,82.8,25.7,177.7,81.2,25.7
179.6,76.7,23.8,178.7,75.9,23.8
169.1,72.2,25.2,167.7,75.1,26.7
179.5,62.9,19.5,178.6,62.7,19.7
181.9,63.5,19.2,179.5,73.9,22.9
185.4,64.9,18.9,184.1,62.9,18.6
163.7,65.9,24.6,163.3,70.2,26.3
172.2,54.7,18.4,170.8,67.8,23.3
182.1,76.1,22.9,179.9,77.8,24.1
175.1,76.0,24.8,174.7,78.3,25.7
168.6,71.7,25.2,168.7,78.7,27.6
176.4,66.3,21.3,174.7,64.1,21.0
169.6,72.9,25.3,168.1,69.7,24.7
171.1,58.3,19.9,170.8,63.1,21.6
174.6,85.1,27.9,172.8,80.6,27.0
173.2,72.0,24.0,172.0,75.6,25.5
187.0,67.8,19.4,186.0,67.3,19.5
174.9,56.5,18.5,172.6,58.3,19.6
173.0,82.6,27.6,171.2,81.3,27.7
172.3,61.0,20.5,171.8,61.9,21.0
176.1,77.7,25.1,174.2,81.5,26.8
183.6,60.0,17.8,182.0,64.2,19.4
164.2,73.6,27.3,163.3,74.2,27.8
172.5,93.2,31.3,172.1,95.7,32.3
175.2,74.7,24.3,173.6,73.2,24.3
176.8,75.9,24.3,175.6,74.1,24.0
177.4,74.1,23.5,175.6,71.5,23.2
168.2,72.8,25.7,166.5,74.0,26.7
169.9,61.9,21.4,168.8,61.8,21.7
178.3,72.1,22.7,177.5,77.0,24.4
181.7,69.5,21.1,180.4,78.0,24.0
167.9,66.4,23.6,166.9,63.4,22.8
174.7,60.4,19.8,172.8,56.6,19.0
179.4,58.3,18.1,178.3,56.1,17.6
167.8,81.8,29.1,166.7,79.2,28.5
168.8,60.1,21.1,168.0,65.8,23.3
184.5,90.4,26.6,182.0,91.0,27.5
169.4,83.9,29.2,168.9,88.5,31.0
177.3,86.0,27.4,176.3,82.5,26.5
169.8,66.9,23.2,169.5,74.0,25.7
169.3,79.4,27.7,168.5,70.6,24.8
183.5,78.6,23.3,182.2,72.5,21.8
166.8,68.1,24.5,165.8,61.5,22.4
168.6,61.1,21.5,167.2,63.7,22.8
168.6,57.3,20.2,167.0,56.0,20.1
171.9,56.4,19.1,170.1,58.8,20.3
165.9,69.0,25.1,165.8,67.9,24.7
180.5,64.9,19.9,179.1,64.0,20.0
169.1,68.2,23.9,168.0,67.9,24.1
174.2,79.1,26.1,172.1,77.1,26.0
176.1,60.0,19.3,175.1,64.3,21.0
185.6,76.6,22.2,183.9,76.3,22.6
175.6,79.6,25.8,174.1,75.4,24.9
179.1,88.2,27.5,178.4,86.0,27.0
184.1,58.1,17.1,182.3,59.7,18.0
174.5,106.6,35.0,173.4,97.6,32.5
166.6,73.2,26.4,166.3,69.7,25.2
174.4,87.6,28.8,173.8,72.5,24.0
165.1,68.2,25.0,164.5,70.5,26.1
170.1,66.7,23.1,168.6,62.6,22.0
167.8,50.6,18.0,165.7,51.8,18.9
173.9,70.9,23.4,172.6,69.5,23.3
173.6,99.1,32.9,172.6,100.5,33.8
167.1,61.2,21.9,166.6,60.1,21.7
169.6,92.5,32.2,168.3,95.1,33.6
175.7,91.1,29.5,173.1,91.2,30.4
179.3,57.0,17.7,178.8,59.9,18.7
180.1,75.3,23.2,178.2,80.2,25.3
170.3,56.6,19.5,169.4,59.4,20.7
171.9,64.6,21.9,170.6,60.1,20.7
172.2,61.8,20.8,171.5,65.4,22.2
176.1,71.0,22.9,175.5,62.7,20.4
169.5,60.6,21.1,167.2,58.3,20.9
181.3,54.3,16.5,178.9,54.0,16.9
175.5,49.6,16.1,173.5,49.7,16.5
176.5,59.1,19.0,175.5,62.2,20.2
168.4,59.0,20.8,167.9,59.2,21.0
175.9,68.9,22.3,174.5,64.7,21.3
166.0,68.4,24.8,166.2,66.5,24.1
177.9,76.9,24.3,176.2,65.7,21.2
176.8,92.0,29.4,174.5,84.2,27.7
175.2,69.5,22.6,173.8,71.3,23.6
169.0,58.0,20.3,166.7,54.2,19.5
177.7,76.8,24.3,175.6,79.3,25.7
172.8,64.3,21.5,171.5,61.0,20.7
167.2,53.2,19.0,166.4,55.1,19.9
170.6,60.4,20.8,168.8,57.9,20.3
177.4,72.0,22.9,176.2,78.4,25.3
178.6,64.8,20.3,177.5,69.5,22.0
187.3,72.3,20.6,184.3,80.2,23.6
182.9,71.5,21.4,181.2,65.0,19.8
172.6,92.5,31.0,171.6,88.1,29.9
180.5,63.9,19.6,178.4,60.9,19.1
173.9,84.1,27.8,172.6,89.3,30.0
179.0,84.1,26.2,177.2,82.7,26.3
168.6,47.2,16.6,166.9,48.4,17.4
169.8,64.9,22.5,168.7,66.5,23.4
174.4,83.0,27.3,173.2,83.8,27.9
173.2,63.7,21.2,171.9,68.9,23.3
173.3,71.7,23.9,172.3,74.7,25.2
184.2,72.0,21.2,181.7,76.6,23.2
168.2,66.5,23.5,167.7,68.1,24.2
173.1,66.6,22.2,171.5,63.0,21.4
174.6,73.3,24.0,173.2,72.8,24.3
172.3,56.4,19.0,170.3,58.9,20.3
173.9,60.6,20.0,172.2,63.4,21.4
160.1,57.4,22.4,160.3,52.9,20.6
172.8,68.1,22.8,170.7,65.5,22.5
179.4,56.6,17.6,177.5,56.6,18.0
169.9,67.8,23.5,169.1,70.2,24.6
173.3,68.7,22.9,173.2,68.0,22.7
169.5,61.3,21.3,169.1,60.0,21.0
175.3,61.7,20.1,173.1,58.5,19.5
178.2,69.1,21.8,176.9,65.1,20.8
173.6,56.2,18.6,172.6,63.9,21.4
174.8,81.0,26.5,173.2,76.2,25.4
172.0,63.7,21.5,170.9,62.9,21.5
180.7,68.5,21.0,178.9,66.0,20.6
172.5,74.3,25.0,172.1,68.9,23.3
175.6,80.3,26.0,174.9,83.5,27.3
180.3,75.7,23.3,178.6,81.8,25.7
175.2,63.1,20.6,174.8,64.1,21.0
169.7,62.9,21.8,169.3,65.5,22.8
168.0,56.2,19.9,165.9,55.7,20.2
181.6,87.4,26.5,178.9,81.6,25.5
177.7,93.2,29.5,175.8,93.0,30.1
178.7,60.5,18.9,177.2,60.3,19.2
169.2,67.1,23.4,168.0,60.2,21.3
163.1,57.9,21.8,161.8,61.2,23.4
175.2,59.4,19.4,174.1,54.0,17.8
169.5,57.6,20.0,167.9,65.4,23.2
174.2,72.3,23.8,173.2,76.7,25.6
178.3,79.4,25.0,177.5,69.0,21.9
181.2,91.0,27.7,179.1,89.0,27.7
187.1,88.6,25.3,185.4,88.3,25.7
171.3,60.0,20.4,168.8,65.8,23.1
181.2,71.5,21.8,179.5,73.6,22.8
176.1,64.1,20.7,174.7,65.6,21.5
172.0,87.8,29.7,170.7,86.7,29.7
179.4,73.0,22.7,177.3,73.1,23.2
175.7,77.2,25.0,173.8,76.7,25.4
178.0,71.1,22.4,177.1,66.4,21.1
177.4,76.2,24.2,175.1,71.3,23.3
171.2,77.9,26.6,169.5,73.3,25.5
174.0,76.0,25.1,173.9,78.5,26.0
179.0,74.8,23.3,178.1,71.0,22.4
179.5,96.1,29.8,177.7,97.7,31.0
173.0,71.4,23.9,171.5,73.7,25.1
178.2,82.4,25.9,176.8,78.8,25.2
173.1,72.6,24.2,172.2,70.3,23.7
171.3,83.9,28.6,170.2,79.1,27.3
165.0,86.4,31.7,164.4,84.0,31.1
171.9,67.8,22.9,170.9,67.3,23.1
165.5,64.8,23.7,163.7,60.9,22.7
177.1,54.0,17.2,175.3,56.2,18.3
180.4,60.7,18.7,179.4,62.3,19.4
174.1,81.9,27.0,173.3,81.6,27.2
171.9,87.3,29.5,171.0,97.5,33.4
188.9,81.9,23.0,186.9,78.4,22.4
172.3,65.1,21.9,170.7,62.5,21.5
165.0,52.6,19.3,163.4,54.7,20.5
174.0,57.0,18.8,173.0,55.0,18.4
172.1,65.0,21.9,171.0,63.8,21.8
165.5,47.9,17.5,164.0,49.0,18.2
171.7,62.9,21.3,170.7,64.8,22.3
184.8,88.6,25.9,182.3,86.7,26.1
170.7,83.2,28.6,170.1,82.0,28.3
163.0,48.4,18.2,161.3,53.8,20.7
176.6,62.4,20.0,174.6,61.1,20.0
172.3,97.8,32.9,171.2,98.7,33.7
176.1,72.6,23.4,175.1,68.9,22.5
171.5,61.8,21.0,170.0,64.0,22.2
172.8,59.8,20.0,170.7,57.7,19.8
190.3,97.2,26.8,188.4,93.1,26.2
178.9,69.3,21.7,176.9,60.7,19.4
176.1,79.2,25.5,174.9,80.8,26.4
175.1,71.6,23.4,174.3,81.3,26.7
173.2,57.6,19.2,171.4,56.6,19.2
182.7,107.6,32.2,180.1,108.3,33.4
170.8,54.3,18.6,168.4,50.7,17.9
174.2,67.6,22.3,173.0,61.8,20.6
180.6,73.8,22.6,178.2,73.2,23.1
186.0,92.2,26.7,183.4,92.1,27.4
173.4,60.5,20.1,171.8,61.0,20.7
174.6,64.6,21.2,173.3,62.7,20.9
185.7,79.4,23.0,184.3,78.7,23.2
171.2,72.5,24.7,169.9,74.3,25.8
171.4,56.0,19.1,169.8,55.9,19.4
184.1,78.0,23.0,182.6,75.8,22.7
170.0,56.6,19.6,168.2,55.6,19.7
169.0,86.2,30.2,169.4,86.1,30.0
178.4,79.1,24.9,177.8,75.3,23.8
171.5,66.2,22.5,170.7,59.5,20.4
182.4,108.3,32.6,180.7,100.0,30.6
173.3,61.6,20.5,171.9,63.8,21.6
176.5,70.8,22.7,175.1,76.8,25.0
172.7,91.0,30.5,171.5,89.7,30.5
170.4,51.8,17.8,168.6,54.7,19.3
173.9,63.8,21.1,171.8,65.9,22.3
161.6,68.0,26.0,160.3,63.3,24.7
169.9,59.2,20.5,167.7,54.8,19.5
172.2,74.4,25.1,171.7,67.6,22.9
168.4,81.0,28.6,167.3,82.3,29.4
177.3,96.5,30.7,175.0,92.2,30.1
175.0,92.4,30.2,173.5,92.6,30.7
182.7,108.0,32.4,180.4,104.1,32.0
173.4,65.1,21.7,171.1,60.8,20.8
168.2,51.2,18.1,166.1,50.0,18.1
162.5,55.8,21.1,160.8,53.2,20.6
186.0,72.2,20.9,185.1,68.4,20.0
176.7,51.9,16.6,174.6,61.6,20.2
175.8,69.2,22.4,174.6,70.5,23.1
169.2,59.7,20.9,167.9,65.7,23.3
181.1,75.6,23.1,180.3,91.8,28.3
168.7,63.6,22.3,167.2,60.0,21.5
175.4,87.9,28.6,173.9,84.1,27.8
181.8,84.1,25.4,179.7,82.9,25.7
180.0,71.7,22.1,177.9,70.7,22.3
163.8,64.2,23.9,163.7,60.2,22.5
173.7,61.8,20.5,173.0,63.0,21.1
178.3,58.5,18.4,176.0,60.0,19.4
167.1,77.5,27.8,167.3,79.9,28.6
174.2,75.8,25.0,172.1,73.9,25.0
172.8,80.5,27.0,170.7,77.3,26.5
167.1,88.0,31.5,167.2,87.6,31.3
170.7,63.0,21.6,169.1,60.7,21.2
172.2,69.8,23.5,171.5,65.6,22.3
176.5,93.1,29.9,174.4,93.2,30.7
171.7,56.8,19.3,168.6,52.2,18.4
168.9,53.9,18.9,167.2,52.2,18.7
165.0,49.0,18.0,162.7,52.6,19.9
171.4,54.0,18.4,169.6,54.2,18.9
173.4,60.2,20.0,172.8,57.5,19.3
164.8,69.0,25.4,163.5,66.7,24.9
178.8,66.5,20.8,177.1,65.7,20.9
179.4,69.8,21.7,178.8,66.3,20.7
172.8,60.5,20.3,171.6,60.6,20.6
188.4,98.4,27.7,186.9,92.8,26.6
169.1,53.8,18.8,167.0,54.2,19.4
181.1,87.0,26.5,179.8,92.3,28.6
183.5,79.1,23.5,182.1,77.9,23.5
170.0,63.6,22.0,169.0,59.7,20.9
175.9,71.3,23.0,174.2,75.8,25.0
176.5,56.0,18.0,174.9,56.2,18.4
165.4,84.0,30.7,164.8,77.4,28.5
170.7,58.7,20.1,168.8,63.6,22.3
177.7,65.1,20.6,175.6,63.1,20.5
173.9,62.1,20.5,172.3,58.8,19.8
175.1,82.0,26.7,172.9,82.6,27.6
171.6,90.0,30.6,169.8,89.7,31.1
174.0,74.5,24.6,173.6,70.8,23.5
169.2,73.9,25.8,168.4,71.9,25.4
182.2,57.4,17.3,179.9,69.0,21.3
171.9,57.3,19.4,171.0,60.1,20.6
179.8,86.2,26.7,177.1,90.9,29.0
169.0,87.4,30.6,167.8,82.2,29.2
172.8,67.6,22.6,171.6,65.9,22.4
173.2,79.0,26.3,172.3,80.6,27.1
176.5,80.2,25.7,174.6,80.4,26.4
181.0,77.3,23.6,179.5,80.6,25.0
169.6,71.0,24.7,168.3,71.6,25.3
170.6,63.3,21.7,168.9,60.9,21.4
185.8,89.2,25.8,183.4,81.1,24.1
172.3,67.1,22.6,170.2,63.2,21.8
177.9,67.1,21.2,176.3,68.2,21.9
179.3,64.3,20.0,177.7,62.3,19.7
169.7,53.1,18.4,168.1,58.4,20.7
169.4,58.8,20.5,168.1,60.4,21.4
177.9,65.9,20.8,176.8,63.5,20.3
170.8,86.5,29.7,169.5,81.7,28.4
176.7,58.2,18.6,174.6,62.3,20.4
172.0,69.8,23.6,170.9,76.2,26.1
167.9,71.3,25.3,166.7,71.1,25.6
180.8,75.9,23.2,180.0,71.7,22.1
172.1,58.0,19.6,169.7,53.5,18.6
177.9,83.0,26.2,175.7,75.4,24.4
183.4,66.8,19.9,182.1,67.8,20.4
179.1,61.9,19.3,177.5,59.3,18.8
164.7,52.9,19.5,163.7,54.4,20.3
180.2,65.5,20.2,179.1,63.1,19.7
177.0,97.1,31.0,176.1,87.4,28.2
177.2,70.3,22.4,175.7,70.3,22.8
182.0,62.9,19.0,180.9,64.4,19.7
172.9,96.7,32.3,172.5,96.7,32.5
176.2,94.5,30.4,174.7,85.0,27.9
169.7,72.1,25.0,168.1,73.5,26.0
172.9,78.2,26.2,172.2,74.1,25.0
169.6,59.8,20.8,168.2,61.8,21.8
169.6,76.6,26.6,168.3,69.7,24.6
173.0,74.0,24.7,171.3,66.8,22.8
167.9,63.3,22.5,167.6,61.9,22.0
177.1,84.4,26.9,175.5,86.7,28.2
172.6,86.9,29.2,172.0,94.2,31.8
165.2,70.1,25.7,164.4,76.4,28.3
172.6,60.2,20.2,172.3,60.6,20.4
173.5,90.3,30.0,171.5,93.0,31.6
180.6,72.2,22.1,179.1,72.8,22.7
172.6,52.3,17.6,170.9,49.6,17.0
164.3,55.3,20.5,163.5,59.1,22.1
182.8,69.6,20.8,180.4,67.5,20.7
169.8,71.4,24.8,169.8,68.0,23.6
179.0,74.8,23.3,177.0,76.6,24.5
172.8,96.4,32.3,172.2,94.1,31.7
172.5,88.8,29.8,170.6,92.6,31.8
172.5,65.3,21.9,170.7,61.6,21.1
169.3,68.1,23.8,167.8,72.9,25.9
170.6,68.2,23.4,168.4,68.0,24.0
178.2,93.7,29.5,177.2,95.4,30.4
179.7,78.4,24.3,177.2,77.5,24.7
179.3,64.3,20.0,177.6,67.8,21.5
187.2,73.9,21.1,185.7,74.2,21.5
169.0,51.7,18.1,167.6,50.8,18.1
168.4,77.3,27.3,167.9,66.6,23.6
176.1,61.0,19.7,175.1,61.7,20.1
170.9,66.9,22.9,170.1,67.9,23.5
179.5,60.1,18.7,177.7,66.0,20.9
175.9,69.3,22.4,174.9,69.0,22.5
170.2,57.3,19.8,169.0,58.9,20.6
177.9,90.7,28.7,176.2,86.9,28.0
165.0,54.2,19.9,163.4,53.3,20.0
178.8,68.2,21.3,177.1,66.1,21.1
183.4,64.5,19.2,182.6,68.2,20.4
171.8,62.5,21.2,170.2,66.1,22.8
181.8,63.3,19.2,179.4,62.0,19.3
177.0,69.5,22.2,175.6,70.3,22.8
177.3,91.3,29.0,176.2,93.6,30.1
180.0,69.3,21.4,178.2,61.8,19.5
170.2,53.0,18.3,167.8,59.2,21.0
172.2,70.3,23.7,170.9,67.9,23.3
178.0,87.0,27.5,176.5,94.6,30.4
173.8,59.2,19.6,172.8,59.4,19.9
179.3,67.3,20.9,178.7,65.9,20.6
182.0,73.0,22.0,180.8,67.4,20.6
171.7,73.2,24.8,170.7,69.9,24.0
174.7,66.4,21.8,172.9,62.4,20.9
171.5,85.2,29.0,171.1,78.5,26.8
163.5,55.8,20.9,162.8,52.8,19.9
171.7,61.0,20.7,171.2,60.2,20.6
168.4,65.6,23.1,167.1,62.9,22.5
170.6,86.1,29.6,169.3,88.0,30.7
176.0,58.7,19.0,174.8,63.3,20.7
181.7,73.2,22.2,180.1,76.8,23.7
171.3,99.2,33.8,171.5,89.9,30.6
166.9,62.2,22.3,165.9,61.0,22.2
170.7,62.6,21.5,168.8,59.6,20.9
175.5,65.0,21.1,173.5,61.9,20.6
166.6,72.4,26.1,165.1,75.6,27.7
170.3,67.3,23.2,169.0,72.6,25.4
175.5,59.1,19.2,174.6,62.9,20.6
164.5,58.8,21.7,164.0,60.9,22.7
177.6,78.5,24.9,176.6,72.6,23.3
170.8,63.0,21.6,170.2,62.2,21.5
175.2,56.6,18.4,174.1,58.1,19.2
183.8,91.2,27.0,181.5,85.3,25.9
167.9,71.6,25.4,166.6,72.8,26.2
175.6,69.9,22.7,174.6,65.8,21.6
170.3,56.8,19.6,169.2,55.1,19.3
175.7,72.7,23.5,174.4,71.3,23.4
166.8,80.7,29.0,166.9,82.0,29.5
162.6,54.2,20.5,161.8,56.0,21.4
177.7,77.0,24.4,176.7,77.8,24.9
169.4,57.2,19.9,167.9,58.8,20.9
173.2,74.6,24.9,172.3,75.2,25.3
174.7,65.3,21.4,172.9,76.4,25.6
175.7,84.3,27.3,173.7,74.9,24.8
172.7,97.9,32.8,171.8,97.4,33.0
180.8,93.9,28.7,178.5,95.3,29.9
182.1,76.3,23.0,179.9,71.9,22.2
166.9,65.9,23.7,167.5,66.9,23.8
170.4,56.3,19.4,169.1,56.5,19.8
179.3,77.0,24.0,176.9,82.4,26.4
177.5,64.1,20.3,176.6,62.2,19.9
171.0,56.7,19.4,169.8,67.3,23.3
169.7,65.6,22.8,169.0,63.6,22.2
170.6,61.4,21.1,169.6,59.8,20.8
177.9,101.0,31.9,176.8,91.7,29.4
175.0,76.5,25.0,174.4,78.5,25.8
175.2,67.6,22.0,173.8,65.5,21.7
163.7,59.1,22.1,162.8,61.1,23.0
177.0,69.9,22.3,175.0,69.5,22.7
177.3,86.7,27.6,175.5,80.0,26.0
173.2,68.4,22.8,171.9,68.6,23.2
171.5,79.9,27.2,171.1,83.0,28.3
168.3,45.3,16.0,166.7,49.2,17.7
169.7,56.1,19.5,167.8,55.7,19.8
179.0,81.3,25.4,178.2,80.3,25.3
174.3,93.4,30.7,172.5,87.1,29.3
177.6,58.9,18.7,175.5,56.8,18.4
178.0,80.0,25.2,176.0,72.8,23.5
174.7,71.8,23.5,173.9,74.9,24.8
171.3,70.6,24.1,169.8,72.4,25.1
169.0,57.2,20.0,166.9,57.0,20.5
183.2,76.4,22.8,181.9,85.9,26.0
172.6,76.9,25.8,171.1,80.6,27.5
173.9,66.4,22.0,173.3,60.3,20.1
176.9,75.3,24.1,174.5,74.0,24.3
169.3,63.1,22.0,167.4,61.1,21.8
182.9,112.0,33.5,181.0,108.1,33.0
169.1,66.3,23.2,168.1,67.1,23.7
175.8,75.3,24.4,173.7,71.4,23.7
169.8,61.9,21.5,167.8,62.7,22.3
175.5,77.0,25.0,174.9,71.4,23.3
173.1,69.1,23.1,171.7,70.2,23.8
171.7,107.1,36.3,172.3,106.9,36.0
180.1,85.0,26.2,178.2,85.1,26.8
183.4,87.0,25.9,182.0,88.2,26.6
188.8,117.8,33.0,185.5,121.7,35.4
169.8,55.7,19.3,168.0,59.9,21.2
168.4,74.0,26.1,168.1,76.8,27.2
168.6,87.0,30.6,166.3,84.6,30.6
174.8,78.9,25.8,173.3,81.4,27.1
167.8,74.2,26.4,167.4,74.9,26.7
179.0,59.9,18.7,176.8,61.3,19.6
180.6,90.7,27.8,178.6,93.2,29.2
174.1,68.9,22.7,172.5,70.4,23.7
180.0,63.2,19.5,178.1,64.8,20.4
167.7,66.3,23.6,166.8,65.9,23.7
180.1,80.8,24.9,178.5,76.1,23.9
181.5,70.8,21.5,180.5,74.7,22.9
179.2,61.0,19.0,177.1,71.1,22.7
171.3,61.1,20.8,169.6,61.0,21.2
175.3,91.5,29.8,173.6,90.1,29.9
178.7,75.9,23.8,176.9,77.2,24.7
170.2,70.0,24.2,168.6,66.5,23.4
165.7,68.6,25.0,165.8,62.3,22.6
172.6,72.9,24.5,172.2,67.3,22.7
175.9,101.2,32.7,174.7,102.2,33.5
174.2,79.5,26.2,172.8,71.7,24.0
171.1,64.0,21.9,169.7,62.8,21.8
169.3,85.4,29.8,168.2,80.6,28.5
176.5,64.0,20.5,174.5,63.8,21.0
175.6,72.4,23.5,174.8,65.2,21.3
182.4,85.0,25.5,181.1,85.9,26.2
165.4,57.0,20.8,164.7,53.2,19.6
176.1,60.1,19.4,175.8,62.0,20.1
186.5,85.1,24.5,184.6,84.5,24.8
170.9,76.1,26.1,170.5,80.0,27.5
179.3,73.4,22.8,177.6,70.6,22.4
170.9,56.5,19.3,169.2,60.2,21.0
170.9,112.6,38.6,171.1,108.8,37.2
176.1,77.9,25.1,175.0,76.2,24.9
173.0,72.4,24.2,172.4,58.7,19.7
168.1,64.2,22.7,166.6,62.7,22.6
180.5,95.8,29.4,179.9,88.8,27.4
176.4,65.2,21.0,174.7,69.1,22.6
171.6,73.6,25.0,169.7,75.3,26.2
176.2,68.0,21.9,174.4,64.8,21.3
170.7,48.1,16.5,168.8,50.5,17.7
172.8,69.7,23.3,170.8,71.4,24.5
179.1,63.2,19.7,177.9,64.0,20.2
182.0,69.3,20.9,181.1,72.6,22.1
174.9,74.6,24.4,173.9,64.8,21.4
173.8,69.5,23.0,172.9,71.8,24.0
171.3,62.1,21.2,171.2,62.9,21.5
167.7,81.1,28.8,167.3,80.0,28.6
169.7,60.6,21.0,168.6,62.6,22.0
176.8,60.6,19.4,174.9,67.2,22.0
180.8,65.2,19.9,180.3,67.0,20.6
178.8,63.4,19.8,177.7,63.3,20.0
177.6,68.0,21.6,175.6,72.2,23.4
173.6,75.2,25.0,172.4,78.8,26.5
172.3,59.1,19.9,170.1,62.1,21.5
167.7,50.4,17.9,166.1,52.0,18.9
181.8,72.4,21.9,180.6,67.6,20.7
169.1,72.0,25.2,168.3,73.5,25.9
168.4,78.4,27.6,168.1,82.5,29.2
177.3,86.1,27.4,176.4,79.0,25.4
167.1,61.4,22.0,165.4,54.0,19.7
172.4,78.2,26.3,172.0,82.6,27.9
175.5,68.0,22.1,173.4,64.4,21.4
179.8,117.3,36.3,178.4,113.7,35.7
171.3,63.7,21.7,169.0,60.5,21.2
169.9,59.5,20.6,169.1,55.5,19.4
182.4,95.0,28.6,180.2,92.6,28.5
178.0,83.6,26.4,176.2,84.3,27.2
168.2,63.4,22.4,168.0,64.7,22.9
180.6,68.3,20.9,179.5,69.1,21.4
173.1,68.5,22.9,172.3,69.5,23.4
178.9,67.2,21.0,176.9,61.2,19.6
180.9,92.5,28.3,178.5,91.6,28.8
168.6,89.0,31.3,167.2,78.2,28.0
188.7,105.9,29.7,184.7,106.7,31.3
165.2,60.9,22.3,164.6,59.2,21.9
174.7,80.2,26.3,172.9,81.5,27.3
172.6,51.8,17.4,170.5,53.9,18.5
173.0,65.2,21.8,172.6,67.9,22.8
176.5,61.2,19.6,174.9,58.5,19.1
179.8,64.0,19.8,179.2,64.0,19.9
172.3,61.3,20.6,171.0,58.9,20.1
177.4,83.6,26.6,176.5,77.7,25.0
167.8,71.6,25.4,166.8,65.6,23.6
169.6,54.1,18.8,168.3,54.3,19.1
180.3,69.8,21.5,178.4,67.2,21.1
176.8,64.1,20.5,174.9,64.3,21.0
172.5,100.3,33.7,170.3,101.5,35.0
172.0,81.9,27.7,170.2,81.3,28.1
178.8,87.5,27.4,177.8,88.9,28.1
167.4,67.9,24.2,166.0,61.9,22.5
166.2,83.4,30.2,166.1,91.2,33.0
180.1,67.7,20.9,178.6,63.1,19.8
180.2,91.3,28.1,179.0,90.0,28.1
167.5,84.8,30.2,166.7,85.3,30.7
171.9,75.7,25.6,170.4,81.4,28.0
176.1,69.3,22.3,174.1,62.0,20.4
182.9,64.2,19.2,180.8,60.1,18.4
171.3,91.5,31.2,170.4,82.8,28.5
169.4,53.2,18.5,167.5,54.7,19.5
182.2,70.1,21.1,181.5,72.5,22.0
174.5,72.6,23.8,173.6,70.5,23.4
168.6,60.0,21.1,167.1,60.9,21.8
182.0,69.9,21.1,179.6,67.8,21.0
173.0,79.8,26.7,170.9,80.0,27.4
163.2,81.5,30.6,163.0,82.2,30.9
178.0,86.8,27.4,175.4,93.0,30.2
177.2,64.3,20.5,175.1,65.2,21.2
177.3,64.4,20.5,175.9,64.6,20.9
179.5,82.3,25.5,178.3,72.8,22.9
177.3,88.4,28.1,176.4,90.8,29.2
180.4,83.3,25.6,179.1,79.2,24.7
173.3,57.5,19.1,171.6,59.5,20.2
165.7,62.2,22.7,165.0,62.8,23.1
167.0,67.9,24.3,166.0,68.9,25.0
170.6,101.6,34.9,170.1,95.1,32.8
179.4,69.8,21.7,178.7,68.0,21.3
187.7,87.9,24.9,185.2,93.4,27.2
180.3,99.1,30.5,178.9,95.5,29.8
177.0,74.2,23.7,176.4,78.7,25.3
173.5,86.1,28.6,172.2,90.4,30.5
172.9,63.9,21.4,171.9,64.3,21.8
172.4,70.7,23.8,171.2,71.4,24.3
177.2,66.7,21.2,175.0,63.4,20.7
182.5,65.1,19.5,181.1,61.8,18.8
181.3,72.9,22.2,179.5,67.8,21.0
170.6,75.9,26.1,169.8,78.9,27.3
169.0,68.3,23.9,168.4,71.1,25.1
173.2,94.0,31.3,171.3,94.1,32.1
170.6,80.9,27.8,169.9,81.6,28.3
173.4,67.6,22.5,171.8,72.3,24.5
168.8,61.4,21.5,167.5,63.9,22.8
179.6,66.6,20.6,178.4,68.1,21.4
179.2,77.9,24.3,176.7,75.1,24.0
177.6,70.5,22.4,176.6,67.1,21.5
181.2,70.9,21.6,179.8,67.5,20.9
179.3,80.0,24.9,177.8,85.6,27.1
169.2,80.8,28.2,167.9,72.0,25.5
174.2,57.2,18.8,172.3,56.4,19.0
173.8,67.2,22.2,171.7,65.0,22.1
167.4,90.1,32.2,166.2,90.4,32.7
178.3,73.3,23.1,177.0,67.8,21.6
176.6,59.3,19.0,175.5,59.3,19.3
172.3,78.7,26.5,171.4,70.6,24.0
176.9,95.9,30.6,175.4,93.8,30.5
176.3,60.3,19.4,174.9,62.6,20.4
173.1,66.4,22.2,173.0,68.1,22.8
181.4,69.2,21.0,179.7,67.6,20.9
180.3,87.4,26.9,179.0,86.5,27.0
176.4,92.6,29.8,173.7,94.9,31.5
184.4,73.4,21.6,183.7,67.1,19.9
172.0,70.7,23.9,171.5,70.8,24.1
178.1,70.0,22.1,176.6,74.0,23.7
183.9,92.2,27.3,181.5,95.8,29.1
170.6,60.9,20.9,168.7,57.1,20.1
171.2,84.8,28.9,170.0,84.7,29.3
179.0,86.6,27.0,176.9,94.7,30.3
169.4,83.3,29.0,169.5,80.5,28.0
174.8,112.3,36.8,174.4,109.0,35.8
177.7,74.0,23.4,176.6,73.4,23.5
168.5,72.2,25.4,168.5,74.8,26.3
184.9,72.8,21.3,182.5,72.2,21.7
179.6,81.3,25.2,177.5,80.5,25.6
172.6,81.3,27.3,171.5,71.1,24.2
180.9,91.3,27.9,178.9,90.7,28.3
176.5,69.6,22.3,174.5,68.4,22.5
160.7,52.5,20.3,160.3,55.2,21.5
181.7,72.6,22.0,179.9,75.5,23.3
175.7,82.2,26.6,174.7,83.5,27.4
165.4,65.3,23.9,165.8,63.8,23.2
168.0,67.3,23.8,165.1,60.9,22.3
171.2,65.7,22.4,169.3,71.1,24.8
181.0,70.6,21.6,178.3,77.4,24.3
170.1,64.4,22.3,168.8,61.1,21.5
168.4,74.2,26.2,168.2,70.4,24.9
172.7,71.1,23.8,171.2,75.1,25.6
178.3,72.9,22.9,177.2,72.1,23.0
173.4,61.2,20.4,172.5,60.1,20.2
180.7,63.6,19.5,179.3,66.9,20.8
183.8,92.9,27.5,181.4,86.7,26.3
181.7,79.1,24.0,180.4,77.9,23.9
183.9,95.1,28.1,182.6,92.5,27.8
177.8,67.0,21.2,175.2,68.5,22.3
188.4,88.9,25.0,185.4,90.8,26.4
170.6,83.5,28.7,169.3,86.8,30.3
175.0,62.8,20.5,173.9,61.4,20.3
182.2,72.7,21.9,181.1,70.9,21.6
174.7,78.1,25.6,173.1,68.8,22.9
165.5,66.6,24.3,163.8,65.1,24.3
172.0,54.0,18.3,169.8,57.4,19.9
164.8,52.7,19.4,164.2,52.9,19.6
184.7,80.6,23.6,182.0,99.0,29.9
168.4,51.9,18.3,166.3,56.5,20.4
170.6,47.5,16.3,169.8,58.4,20.2
177.3,79.2,25.2,175.7,72.9,23.6
175.5,62.5,20.3,174.9,57.9,18.9
179.6,86.1,26.7,178.3,80.4,25.3
174.6,60.1,19.7,173.7,53.8,17.8
168.4,51.7,18.2,167.6,56.0,19.9
178.1,89.6,28.2,176.8,87.0,27.8
175.7,68.7,22.3,174.9,72.3,23.6
173.7,64.2,21.3,173.4,64.1,21.3
173.8,87.7,29.0,172.0,85.2,28.8
168.9,54.4,19.1,167.8,54.0,19.2
185.0,76.5,22.4,183.9,75.1,22.2
181.6,66.8,20.3,181.2,70.6,21.5
175.7,88.7,28.7,174.2,86.5,28.5
176.1,85.0,27.4,174.7,83.5,27.4
167.7,52.5,18.7,167.3,53.3,19.0
178.1,71.3,22.5,176.0,71.6,23.1
180.7,55.6,17.0,179.9,57.7,17.8
170.9,46.7,16.0,168.8,48.5,17.0
171.6,79.9,27.1,170.4,79.8,27.5
177.6,88.6,28.1,176.7,86.9,27.8
172.2,68.9,23.2,170.1,72.3,25.0
164.4,63.8,23.6,163.4,66.7,25.0
166.6,71.8,25.9,165.8,74.6,27.1
172.4,66.5,22.4,171.7,63.9,21.7
167.1,59.8,21.4,165.6,58.9,21.5
184.7,89.3,26.2,183.0,87.1,26.0
178.5,80.1,25.1,176.4,82.2,26.4
176.3,77.1,24.8,175.7,78.5,25.4
167.8,64.1,22.8,167.2,65.0,23.2
161.5,71.7,27.5,160.3,63.2,24.6
177.5,100.8,32.0,176.0,98.8,31.9
164.3,78.3,29.0,162.6,81.2,30.7
181.7,93.0,28.2,179.6,93.1,28.9
179.7,66.9,20.7,177.7,69.0,21.9
170.6,66.7,22.9,169.7,60.2,20.9
172.0,76.2,25.8,169.9,70.4,24.4
175.6,72.7,23.6,173.8,75.8,25.1
179.1,90.9,28.3,177.9,90.8,28.7
175.1,89.0,29.0,173.9,94.3,31.2
170.4,61.1,21.0,168.5,62.3,21.9
172.9,55.1,18.4,171.5,57.9,19.7
178.8,89.5,28.0,176.3,92.9,29.9
173.4,53.3,17.7,171.8,50.6,17.1
178.3,59.0,18.6,177.0,57.4,18.3
173.9,69.3,22.9,172.5,61.9,20.8
171.0,52.7,18.0,169.4,52.9,18.5
179.0,73.9,23.1,177.4,70.7,22.5
177.2,62.3,19.8,176.5,65.8,21.1
179.0,86.1,26.9,176.6,79.9,25.6
176.2,81.6,26.3,173.8,82.5,27.3
179.5,57.3,17.8,177.2,58.8,18.7
173.4,80.9,26.9,171.4,78.5,26.7
175.6,63.3,20.5,173.3,57.6,19.2
177.6,65.4,20.7,176.3,64.5,20.7
187.9,77.2,21.9,186.7,90.7,26.0
177.6,59.7,18.9,175.7,55.3,17.9
171.3,68.6,23.4,170.0,65.4,22.6
182.4,68.7,20.6,180.0,65.3,20.2
165.8,79.6,29.0,165.2,66.7,24.4
184.3,90.2,26.6,183.1,82.8,24.7
173.6,65.8,21.8,172.4,70.1,23.6
172.5,65.3,21.9,171.3,67.2,22.9
174.5,64.7,21.2,173.2,60.3,20.1
176.3,92.9,29.9,173.9,98.3,32.5
177.3,73.8,23.5,176.6,75.6,24.2
170.5,54.2,18.6,168.3,54.7,19.3
170.1,57.8,20.0,168.8,57.4,20.1
176.6,85.0,27.3,174.9,85.7,28.0
180.7,110.4,33.8,179.1,103.8,32.4
174.7,78.8,25.8,172.9,73.9,24.7
170.9,61.2,21.0,169.6,62.7,21.8
177.1,72.8,23.2,174.9,74.1,24.2
177.7,65.0,20.6,176.1,68.2,22.0
181.0,80.7,24.6,178.8,83.2,26.0
172.4,69.6,23.4,171.1,62.9,21.5
170.7,57.8,19.8,169.0,59.4,20.8
180.0,90.5,27.9,179.1,82.3,25.7
172.3,85.0,28.6,170.7,82.8,28.4
164.2,55.6,20.6,162.7,50.2,19.0
182.5,77.8,23.4,180.1,83.0,25.6
182.2,101.7,30.6,181.0,103.2,31.5
172.0,75.9,25.7,171.3,75.7,25.8
168.1,56.8,20.1,165.4,54.9,20.1
166.2,70.4,25.5,166.5,68.3,24.6
175.1,64.7,21.1,172.7,60.8,20.4
175.3,60.2,19.6,172.8,58.8,19.7
176.8,58.2,18.6,174.9,58.3,19.1
172.1,67.4,22.8,170.9,73.1,25.1
183.4,86.6,25.7,180.8,89.8,27.5
170.8,55.3,19.0,169.5,54.3,18.9
179.3,60.1,18.7,178.4,66.1,20.8
178.9,93.3,29.2,176.5,90.4,29.0
177.7,71.4,22.6,175.1,70.4,23.0
170.7,64.4,22.1,169.0,62.8,22.0
184.6,81.3,23.9,182.5,61.3,18.4
172.5,57.4,19.3,170.2,56.4,19.5
174.1,97.3,32.1,173.2,91.3,30.4
175.2,58.5,19.1,173.4,62.9,20.9
170.1,79.8,27.6,169.1,76.4,26.7
173.8,65.2,21.6,172.3,63.7,21.5
182.6,98.1,29.4,181.1,92.4,28.2
175.9,67.9,21.9,175.4,67.5,21.9
173.0,87.1,29.1,172.2,84.2,28.4
176.4,57.2,18.4,174.2,59.4,19.6
175.8,68.7,22.2,173.9,59.6,19.7
184.1,122.3,36.1,181.4,108.8,33.1
179.2,94.7,29.5,176.8,98.4,31.5
175.9,67.5,21.8,174.5,66.0,21.7
168.0,66.7,23.6,168.0,67.7,24.0
162.6,44.0,16.6,160.3,47.0,18.3
169.8,67.5,23.4,169.2,67.5,23.6
175.3,64.0,20.8,173.3,75.4,25.1
172.9,80.7,27.0,170.8,79.5,27.3
172.7,54.9,18.4,170.8,59.2,20.3
177.4,58.1,18.5,176.5,58.5,18.8
167.5,60.5,21.6,167.1,58.9,21.1
177.9,87.6,27.7,175.6,87.5,28.4
183.6,66.4,19.7,181.6,69.0,20.9
165.5,63.2,23.1,165.2,61.0,22.3
180.8,89.8,27.5,179.2,85.4,26.6
176.4,66.1,21.2,174.9,73.2,23.9
180.0,80.8,24.9,178.4,80.1,25.2
173.9,66.9,22.1,173.5,67.6,22.4
166.2,69.3,25.1,164.8,73.0,26.9
163.7,45.2,16.9,161.7,53.9,20.6
181.8,84.1,25.4,179.5,83.3,25.8
176.8,65.2,20.9,175.1,62.8,20.5
172.6,62.5,21.0,171.0,61.8,21.2
176.2,75.4,24.3,175.1,74.8,24.4
175.5,76.5,24.8,173.9,73.9,24.4
173.1,54.0,18.0,171.9,56.1,19.0
186.3,114.9,33.1,183.7,102.5,30.4
184.8,89.2,26.1,182.6,86.0,25.8
179.3,79.4,24.7,177.7,80.5,25.5
176.9,71.9,23.0,175.0,69.6,22.7
175.2,75.0,24.4,173.8,77.2,25.5
175.3,60.2,19.6,173.2,57.5,19.1
169.1,66.7,23.3,168.1,66.4,23.5
185.9,77.1,22.3,184.3,72.9,21.5
171.3,86.5,29.5,170.0,85.6,29.6
173.3,57.3,19.1,171.8,57.7,19.6
181.6,70.3,21.3,180.2,70.8,21.8
176.8,61.2,19.6,176.0,63.1,20.4
178.2,69.6,21.9,177.5,75.3,23.9
177.1,89.6,28.6,175.6,91.1,29.6
167.7,53.7,19.1,166.1,51.8,18.8
169.5,92.1,32.1,168.3,92.8,32.8
175.3,101.3,33.0,172.9,99.6,33.3
173.7,65.7,21.8,171.8,65.8,22.3
177.7,68.1,21.6,175.6,68.1,22.1
172.2,72.0,24.3,171.0,68.4,23.4
180.8,70.5,21.6,180.0,71.3,22.0
170.2,87.0,30.0,169.3,84.7,29.6
172.4,65.0,21.9,170.4,61.9,21.3
183.9,96.4,28.5,182.3,100.4,30.2
174.5,71.7,23.5,173.8,73.7,24.4
180.5,85.2,26.2,179.1,83.2,25.9
175.0,81.6,26.6,173.8,79.5,26.3
170.0,51.0,17.6,167.7,48.2,17.1
164.2,54.4,20.2,164.4,60.7,22.5
173.0,63.3,21.2,172.5,59.1,19.9
173.8,87.2,28.9,172.2,88.6,29.9
183.7,75.4,22.3,181.3,71.6,21.8
175.8,71.8,23.2,174.3,69.0,22.7
173.0,92.2,30.8,171.6,93.6,31.8
170.5,68.9,23.7,168.7,70.0,24.6
166.5,61.8,22.3,164.8,53.6,19.7
179.0,82.8,25.8,178.0,84.7,26.8
177.2,60.1,19.1,174.9,54.6,17.9
181.1,94.1,28.7,178.9,96.1,30.0
160.8,65.2,25.2,160.2,62.0,24.2
170.7,76.1,26.1,169.7,69.5,24.1
174.3,82.6,27.2,173.3,80.5,26.8
166.0,47.7,17.3,163.3,51.3,19.2
173.0,57.1,19.1,171.2,56.2,19.2
176.1,63.6,20.5,174.5,62.7,20.6
172.2,73.2,24.7,171.2,71.0,24.2
175.7,66.5,21.5,174.6,61.0,20.0
175.3,52.7,17.1,172.8,53.5,17.9
173.6,93.0,30.9,172.4,89.2,30.0
167.4,67.9,24.2,167.2,69.1,24.7
172.5,63.9,21.5,171.0,64.3,22.0
173.7,78.3,26.0,172.6,81.3,27.3
174.2,67.4,22.2,172.7,66.6,22.3
185.7,79.2,23.0,184.3,82.2,24.2
177.6,90.2,28.6,175.4,82.7,26.9
181.3,73.8,22.5,180.6,74.7,22.9
173.0,56.0,18.7,170.9,57.8,19.8
168.1,62.1,22.0,167.1,61.1,21.9
175.1,61.1,19.9,173.2,57.9,19.3
171.3,69.7,23.8,170.3,66.5,22.9
175.3,67.2,21.9,174.5,65.9,21.6
169.9,73.0,25.3,168.0,73.8,26.2
176.7,78.5,25.1,176.2,79.8,25.7
170.1,69.1,23.9,168.2,64.7,22.9
181.5,89.0,27.0,179.8,87.9,27.2
164.1,62.3,23.1,164.0,65.8,24.5
173.9,55.0,18.2,172.6,64.3,21.6
174.3,60.0,19.7,173.5,62.4,20.7
173.2,57.9,19.3,171.0,58.1,19.9
172.8,88.9,29.8,172.3,86.8,29.2
170.9,52.4,17.9,169.1,51.7,18.1
185.9,78.4,22.7,184.3,80.6,23.8
179.7,72.0,22.3,177.8,70.3,22.3
177.2,71.4,22.7,175.0,71.0,23.2
174.4,58.9,19.4,173.1,63.4,21.1
168.8,76.4,26.8,168.3,78.7,27.8
168.4,58.9,20.8,166.6,57.8,20.8
184.4,79.4,23.4,183.4,80.5,23.9
167.7,75.2,26.7,166.3,68.8,24.9
175.2,83.7,27.3,175.2,77.0,25.1
174.9,73.4,24.0,174.2,68.7,22.7
175.3,78.9,25.7,174.6,71.6,23.5
174.4,59.1,19.4,173.8,61.1,20.2
175.9,89.5,28.9,173.3,95.1,31.6
176.9,93.6,29.9,174.5,99.3,32.6
176.5,73.6,23.6,174.5,73.5,24.1
170.2,46.0,15.9,167.8,47.5,16.9
172.2,79.2,26.7,171.5,79.4,27.0
173.6,77.8,25.8,173.2,69.2,23.1
175.8,57.1,18.5,173.4,59.4,19.8
176.7,102.9,33.0,175.8,102.4,33.1
177.2,59.4,18.9,175.3,59.2,19.3
171.8,81.9,27.7,171.9,86.8,29.3
169.5,50.4,17.5,167.8,51.5,18.3
169.9,70.1,24.3,169.6,72.7,25.3
165.8,49.2,17.9,165.3,53.7,19.6
176.0,62.5,20.2,173.5,60.8,20.2
175.4,60.0,19.5,175.1,62.4,20.3
169.2,62.5,21.8,167.3,55.1,19.7
176.0,68.5,22.1,175.3,74.9,24.4
173.0,77.7,26.0,172.5,79.0,26.5
178.8,69.4,21.7,178.5,67.5,21.2
179.1,85.4,26.6,178.0,86.8,27.4
179.2,70.3,21.9,177.7,64.5,20.4
183.9,81.3,24.0,181.8,73.9,22.4
174.9,82.8,27.1,174.1,85.3,28.2
180.9,73.4,22.4,179.5,67.1,20.8
167.4,54.8,19.6,166.4,53.2,19.2
176.1,74.1,23.9,174.2,70.7,23.3
171.1,60.5,20.7,169.6,61.1,21.2
172.6,62.4,20.9,172.3,66.9,22.6
176.6,67.7,21.7,175.1,76.0,24.8
176.0,67.4,21.8,174.1,66.5,21.9
167.1,73.2,26.2,166.7,74.6,26.8
173.2,54.3,18.1,172.4,55.3,18.6
171.0,90.7,31.0,169.3,88.1,30.7
174.2,64.4,21.2,173.8,64.1,21.2
176.2,53.5,17.2,174.9,56.5,18.5
168.4,76.9,27.1,168.2,77.6,27.5
167.4,64.0,22.8,167.5,64.3,22.9
166.3,79.6,28.8,166.0,73.5,26.7
172.2,68.5,23.1,171.5,64.7,22.0
164.8,72.8,26.8,164.3,78.3,29.0
168.5,69.3,24.4,168.3,74.4,26.3
184.0,88.9,26.3,181.5,91.3,27.7
179.4,65.2,20.3,178.3,65.8,20.7
186.6,88.9,25.5,185.2,88.1,25.7
171.3,62.1,21.2,170.7,65.3,22.4
182.7,81.6,24.4,181.8,87.6,26.5
172.6,66.8,22.4,171.5,66.1,22.5
168.3,69.7,24.6,167.5,69.8,24.9
172.2,64.5,21.8,171.9,65.7,22.2
168.7,80.7,28.4,167.4,87.6,31.3
173.6,65.4,21.7,171.3,63.2,21.5
187.7,99.2,28.2,185.6,99.1,28.8
166.9,54.6,19.6,165.6,56.2,20.5
176.5,68.9,22.1,176.1,68.8,22.2
177.7,91.5,29.0,175.6,86.7,28.1
175.6,84.6,27.4,174.2,83.3,27.4
168.6,54.8,19.3,166.2,54.7,19.8
176.4,70.9,22.8,175.3,71.6,23.3
185.6,84.1,24.4,183.0,84.4,25.2
168.3,68.6,24.2,167.4,61.8,22.1
171.4,78.2,26.6,170.1,75.1,26.0
182.5,84.0,25.2,181.4,92.3,28.1
180.4,93.2,28.6,179.6,95.3,29.5
177.0,58.8,18.8,175.3,64.8,21.1
174.8,74.1,24.3,173.2,74.4,24.8
175.7,77.3,25.0,175.2,82.3,26.8
168.6,86.1,30.3,168.1,84.8,30.0
166.3,57.0,20.6,165.3,55.9,20.5
171.3,77.5,26.4,170.0,79.5,27.5
181.1,59.2,18.1,179.5,64.7,20.1
164.7,52.7,19.4,162.7,56.2,21.3
181.1,63.6,19.4,179.7,62.3,19.3
175.8,91.8,29.7,173.9,87.7,29.0
171.9,64.8,21.9,171.3,68.9,23.5
166.7,58.1,20.9,164.8,58.2,21.4
165.8,58.0,21.1,165.0,56.5,20.8
181.8,72.1,21.8,181.2,66.8,20.3
174.8,69.5,22.7,174.1,67.9,22.4
181.0,77.1,23.5,180.4,73.5,22.6
172.3,66.2,22.3,171.0,63.4,21.7
174.1,70.5,23.3,172.0,65.9,22.3
177.6,73.3,23.2,175.7,74.4,24.1
174.4,53.1,17.5,172.2,51.6,17.4
173.4,67.5,22.4,171.3,76.7,26.1
171.9,55.7,18.8,170.3,58.7,20.2
165.4,68.1,24.9,164.6,67.6,24.9
179.1,61.1,19.0,178.3,61.5,19.4
175.4,87.1,28.3,173.4,80.4,26.7
171.3,68.5,23.3,170.1,64.1,22.1
177.2,59.5,18.9,176.2,66.6,21.5
182.8,88.7,26.5,181.4,88.7,27.0
171.8,66.1,22.4,171.5,61.9,21.0
169.7,50.9,17.7,167.9,53.1,18.8
166.1,57.9,21.0,164.0,56.1,20.9
173.5,63.6,21.1,173.3,69.4,23.1
166.2,105.0,38.0,165.8,97.0,35.3
176.8,70.7,22.6,176.1,64.4,20.8
169.5,46.3,16.1,168.2,49.8,17.6
168.0,62.9,22.3,166.5,60.0,21.6
164.4,70.8,26.2,163.5,70.5,26.4
171.2,50.5,17.2,169.4,53.7,18.7
168.9,51.6,18.1,168.1,57.4,20.3
175.2,72.6,23.7,173.4,69.8,23.2
173.8,77.8,25.8,173.1,80.5,26.9
170.2,94.2,32.5,169.0,95.3,33.4
168.4,88.5,31.2,168.3,88.8,31.4
177.7,73.3,23.2,176.3,71.0,22.8
174.8,68.5,22.4,172.9,70.1,23.5
176.7,80.3,25.7,176.0,79.8,25.8
173.9,78.8,26.1,172.5,77.8,26.2
171.5,60.1,20.4,170.7,59.3,20.3
186.2,91.2,26.3,184.3,92.1,27.1
172.5,74.5,25.0,170.4,75.1,25.9
178.0,58.2,18.4,175.8,57.4,18.6
177.4,72.4,23.0,176.4,70.0,22.5
181.0,77.6,23.7,179.7,69.6,21.5
177.1,79.6,25.4,176.3,79.6,25.6
173.7,75.8,25.1,172.8,74.2,24.9
181.9,90.2,27.3,179.7,91.0,28.2
177.4,71.9,22.8,175.3,73.9,24.1
180.8,50.9,15.6,179.4,54.5,16.9
170.8,76.3,26.2,169.9,75.8,26.3
170.9,52.9,18.1,168.1,51.8,18.3
169.9,62.4,21.6,168.2,59.7,21.1
175.7,51.3,16.6,174.7,53.1,17.4
176.7,77.1,24.7,175.5,74.7,24.3
173.4,68.8,22.9,171.6,72.7,24.7
167.1,71.3,25.5,165.7,75.8,27.6
173.4,82.3,27.4,172.0,82.0,27.7
184.0,84.0,24.8,181.6,80.1,24.3
178.6,79.3,24.9,178.4,80.2,25.2
171.0,70.4,24.1,169.8,71.3,24.7
178.5,70.7,22.2,177.9,68.0,21.5
175.2,79.1,25.8,173.6,75.6,25.1
182.3,80.4,24.2,180.9,72.4,22.1
170.3,69.0,23.8,169.7,68.6,23.8
175.0,66.8,21.8,173.6,63.8,21.2
182.9,71.1,21.3,181.0,67.9,20.7
171.1,55.9,19.1,169.5,56.9,19.8
174.2,57.1,18.8,171.8,56.6,19.2
181.1,107.7,32.8,179.8,104.9,32.4
172.1,48.8,16.5,170.6,48.6,16.7
173.2,77.1,25.7,171.3,81.5,27.8
186.8,103.3,29.6,184.6,101.7,29.9
177.4,86.6,27.5,176.6,91.3,29.3
181.3,68.2,20.7,180.2,68.8,21.2
163.1,54.1,20.3,161.0,50.6,19.5
183.1,88.6,26.4,181.5,94.3,28.6
180.7,63.2,19.4,180.2,68.5,21.1
174.6,95.8,31.4,173.2,98.8,32.9
178.7,80.1,25.1,177.0,78.5,25.0
169.7,52.7,18.3,168.6,57.0,20.0
172.3,65.3,22.0,171.2,62.1,21.2
183.6,114.6,34.0,180.8,103.2,31.6
177.9,70.4,22.2,175.9,71.6,23.1
177.2,65.0,20.7,175.6,65.4,21.2
178.7,76.2,23.9,178.0,75.6,23.9
176.5,81.9,26.3,175.0,80.6,26.3
171.9,69.2,23.4,170.5,67.3,23.2
173.6,66.0,21.9,172.7,69.5,23.3
177.8,72.3,22.9,175.6,73.0,23.7
166.7,67.2,24.2,166.5,69.1,24.9
169.3,57.5,20.1,167.5,58.4,20.8
172.5,72.7,24.4,171.7,75.7,25.7
172.2,57.9,19.5,169.9,59.3,20.6
173.0,74.2,24.8,171.6,73.2,24.8
163.6,40.7,15.2,161.0,45.4,17.5
180.3,51.5,15.8,178.6,58.0,18.2
178.7,66.1,20.7,177.1,60.8,19.4
174.7,57.5,18.8,172.7,57.1,19.1
180.7,94.9,29.1,178.8,101.4,31.7
173.1,69.8,23.3,171.8,67.0,22.7
176.3,68.1,21.9,175.0,69.2,22.6
178.7,68.0,21.3,178.4,67.5,21.2
176.9,53.9,17.2,175.7,54.0,17.5
177.5,80.0,25.4,175.2,76.9,25.1
178.3,64.6,20.3,177.2,62.4,19.9
175.3,84.1,27.4,174.4,81.7,26.8
184.0,60.8,18.0,182.6,61.0,18.3
179.4,58.8,18.3,178.1,58.9,18.6
173.0,69.1,23.1,171.4,70.9,24.1
170.2,59.6,20.6,168.1,58.6,20.7
171.7,80.3,27.2,170.6,84.9,29.1
167.0,57.8,20.7,165.9,56.3,20.5
164.7,54.2,20.0,164.3,56.0,20.7
180.7,76.2,23.3,179.3,67.8,21.1
171.9,80.6,27.3,170.0,74.6,25.8
167.2,74.1,26.5,166.7,72.9,26.2
172.6,89.1,29.9,172.0,88.6,29.9
170.8,76.3,26.2,169.4,75.4,26.3
180.5,56.7,17.4,179.0,64.0,20.0
183.1,66.4,19.8,181.9,62.9,19.0
174.7,69.7,22.8,174.0,67.9,22.4
179.5,78.1,24.2,178.5,80.3,25.2
178.4,77.6,24.4,176.1,84.4,27.2
179.1,92.9,29.0,177.6,90.7,28.8
174.8,80.8,26.4,174.4,77.4,25.5
167.2,51.1,18.3,165.2,63.5,23.3
177.7,67.9,21.5,176.9,66.4,21.2
172.6,73.7,24.7,171.4,72.3,24.6
171.9,72.6,24.6,170.4,74.6,25.7
171.6,82.2,27.9,169.8,87.9,30.5
169.4,54.7,19.1,167.8,53.7,19.1
176.9,69.6,22.2,174.6,62.8,20.6
177.5,87.9,27.9,176.2,75.5,24.3
169.5,50.2,17.5,166.9,50.3,18.1
172.2,60.8,20.5,170.8,62.4,21.4
176.9,79.5,25.4,174.8,69.8,22.8
176.1,75.5,24.3,175.1,77.2,25.2
174.1,68.4,22.6,173.3,67.5,22.5
174.7,68.0,22.3,173.3,68.0,22.7
180.4,75.8,23.3,178.0,73.6,23.2
178.2,80.3,25.3,176.3,82.2,26.5
177.2,73.1,23.3,176.3,76.1,24.5
165.4,63.3,23.1,165.4,62.0,22.7
170.7,74.1,25.4,170.1,75.8,26.2
179.7,57.8,17.9,178.3,55.9,17.6
175.9,70.9,22.9,175.1,64.4,21.0
173.3,70.9,23.6,171.8,66.4,22.5
190.8,67.7,18.6,188.3,64.1,18.1
175.8,73.7,23.8,174.0,72.3,23.9
174.3,86.3,28.4,172.8,79.9,26.8
173.9,76.2,25.2,172.7,77.1,25.8
176.6,78.0,25.0,176.1,74.9,24.2
175.8,72.1,23.3,174.1,70.8,23.4
184.0,101.8,30.1,181.4,92.0,27.9
175.8,90.1,29.2,174.7,86.3,28.3
170.6,60.6,20.8,170.0,63.5,22.0
166.9,87.9,31.6,165.7,89.6,32.6
178.9,67.5,21.1,178.1,70.3,22.2
180.4,82.4,25.3,178.9,76.2,23.8
161.2,66.7,25.7,160.5,65.5,25.4
176.8,70.6,22.6,176.4,68.9,22.2
173.9,78.6,26.0,172.2,84.6,28.5
173.1,57.3,19.1,171.3,57.5,19.6
165.4,59.8,21.9,163.9,56.6,21.1
177.8,64.2,20.3,175.5,61.5,20.0
175.1,79.1,25.8,174.5,75.6,24.8
175.1,71.9,23.5,173.6,70.7,23.5
170.9,57.4,19.7,169.7,55.9,19.4
170.1,60.6,20.9,168.7,60.6,21.3
176.2,71.4,23.0,174.7,70.1,23.0
175.9,72.9,23.6,173.7,58.0,19.2
173.5,55.2,18.3,172.2,55.1,18.6
174.9,65.1,21.3,174.2,66.2,21.8
167.8,61.3,21.8,166.4,63.1,22.8
164.7,60.1,22.2,163.2,60.6,22.8
169.5,95.3,33.2,168.3,83.9,29.6
175.1,63.6,20.7,174.1,68.1,22.5
164.6,69.1,25.5,163.8,76.1,28.4
168.1,43.8,15.5,164.8,50.7,18.7
171.9,58.3,19.7,170.7,58.4,20.0
172.2,66.3,22.4,170.5,64.8,22.3
175.9,76.5,24.7,175.0,78.0,25.5
182.4,75.0,22.5,180.5,81.4,25.0
170.0,89.9,31.1,170.3,87.7,30.2
170.9,75.5,25.9,169.7,67.8,23.6
183.4,61.4,18.3,182.8,66.2,19.8
181.3,81.3,24.7,180.5,75.8,23.3
179.6,66.5,20.6,178.4,65.4,20.6
181.8,61.2,18.5,179.6,59.0,18.3
172.7,70.7,23.7,171.7,65.6,22.3
165.0,79.8,29.3,164.6,76.6,28.3
177.7,84.8,26.9,175.3,83.8,27.3
170.4,58.0,20.0,169.5,63.3,22.0
169.0,61.0,21.4,167.9,61.2,21.7
171.1,55.3,18.9,169.1,54.3,19.0
177.4,82.8,26.3,176.8,74.8,23.9
162.0,61.2,23.3,160.8,58.3,22.6
166.9,62.0,22.3,164.6,51.3,18.9
172.0,72.0,24.3,171.2,66.6,22.7
178.1,76.3,24.1,176.1,79.0,25.5
175.0,80.4,26.3,172.7,79.9,26.8
166.1,84.9,30.8,166.1,80.6,29.2
169.5,57.6,20.0,166.7,52.8,19.0
172.2,74.2,25.0,171.6,72.7,24.7
165.9,66.3,24.1,166.3,68.3,24.7
177.5,104.7,33.2,175.4,103.0,33.5
180.0,65.3,20.2,178.0,68.2,21.5
162.5,68.6,26.0,161.0,67.6,26.1
180.4,80.5,24.7,179.8,85.0,26.3
168.7,76.2,26.8,168.6,77.9,27.4
175.6,70.3,22.8,174.6,70.7,23.2
171.4,77.9,26.5,169.7,71.5,24.8
167.1,56.9,20.4,165.9,58.7,21.3
180.3,75.3,23.2,178.7,71.0,22.2
169.6,69.2,24.1,168.9,71.7,25.2
176.3,59.0,19.0,175.4,70.3,22.8
180.1,101.3,31.2,178.8,103.2,32.3
179.8,75.8,23.4,177.9,70.6,22.3
169.0,95.3,33.4,166.9,96.8,34.8
193.0,70.3,18.9,189.5,83.8,23.3
180.3,68.9,21.2,178.4,67.4,21.2
170.8,51.3,17.6,169.7,53.9,18.7
178.0,95.5,30.1,176.6,96.6,31.0
184.8,63.4,18.6,183.5,61.4,18.2
177.5,66.4,21.1,177.0,68.1,21.7
182.3,65.4,19.7,180.4,61.4,18.9
167.3,71.9,25.7,167.0,75.8,27.2
168.8,58.3,20.5,168.3,61.2,21.6
171.7,58.8,19.9,170.4,64.1,22.1
164.2,67.7,25.1,162.8,67.8,25.6
171.5,75.2,25.6,170.0,74.7,25.8
164.9,66.8,24.6,164.0,70.2,26.1
180.5,66.0,20.3,178.6,61.5,19.3
180.8,68.3,20.9,179.8,74.0,22.9
181.5,66.0,20.0,179.4,63.1,19.6
185.3,76.0,22.1,183.2,69.2,20.6
178.9,79.2,24.7,178.1,79.8,25.2
175.3,70.3,22.9,173.9,63.9,21.1
174.7,61.8,20.2,174.0,62.5,20.6
192.0,131.7,35.7,188.7,124.4,34.9
179.0,68.5,21.4,177.9,73.9,23.3
182.1,106.3,32.1,181.0,101.2,30.9
176.7,55.2,17.7,176.1,65.3,21.0
180.8,77.1,23.6,179.6,77.4,24.0
167.1,57.5,20.6,165.0,57.1,21.0
182.3,107.1,32.2,179.0,105.7,33.0
168.0,53.5,19.0,165.8,51.5,18.7
171.3,68.5,23.3,170.8,66.4,22.8
168.3,84.7,29.9,167.4,85.9,30.6
168.4,56.1,19.8,166.6,58.9,21.2
181.8,63.9,19.3,180.1,60.0,18.5
173.6,61.3,20.3,172.0,58.1,19.7
174.8,64.5,21.1,174.1,66.3,21.9
163.3,81.5,30.6,162.8,78.4,29.6
170.4,75.0,25.8,169.4,74.9,26.1
170.0,74.2,25.7,168.3,76.5,27.0
182.5,66.0,19.8,180.6,64.8,19.9
170.7,61.3,21.0,170.1,56.0,19.4
180.2,74.9,23.1,179.2,75.4,23.5
172.4,55.9,18.8,170.3,54.1,18.6
173.6,57.7,19.1,172.3,58.5,19.7
168.7,82.1,28.8,167.7,85.4,30.4
177.9,56.0,17.7,177.0,66.5,21.2
172.7,73.8,24.7,171.3,70.9,24.2
178.6,84.5,26.5,177.0,86.5,27.6
165.8,93.2,33.9,165.4,83.6,30.6
182.5,58.5,17.6,180.2,62.0,19.1
191.5,69.5,19.0,188.7,70.6,19.8
169.3,57.1,19.9,168.8,60.6,21.3
172.1,69.7,23.5,171.7,64.9,22.0
174.0,69.9,23.1,173.0,70.0,23.4
175.0,75.0,24.5,173.4,63.9,21.3
172.9,67.7,22.6,171.5,63.5,21.6
184.7,69.2,20.3,183.0,68.6,20.5
166.8,69.7,25.1,166.2,67.0,24.3
170.9,50.9,17.4,169.6,54.0,18.8
165.7,57.7,21.0,164.5,59.5,22.0
172.6,62.2,20.9,170.7,68.9,23.7
174.8,82.8,27.1,174.3,87.7,28.9
172.7,64.2,21.5,171.7,65.8,22.3
173.4,67.0,22.3,172.2,65.3,22.0
182.6,107.2,32.2,179.9,104.5,32.3
174.2,57.1,18.8,172.1,56.8,19.2
190.4,81.4,22.5,188.2,83.8,23.7
178.0,94.5,29.8,175.9,95.6,30.9
178.0,70.4,22.2,177.2,69.9,22.2
168.0,61.5,21.8,166.5,60.4,21.8
166.5,58.2,21.0,164.9,62.3,22.9
175.2,80.9,26.4,174.3,80.6,26.5
172.0,58.8,19.9,171.4,67.0,22.8
179.3,71.1,22.1,177.9,64.4,20.4
171.4,85.0,28.9,169.5,79.8,27.8
165.3,75.7,27.7,164.2,78.8,29.2
171.8,89.9,30.5,171.3,89.5,30.5
165.9,51.2,18.6,163.7,53.4,19.9
173.2,65.5,21.8,170.8,55.5,19.0
170.0,65.7,22.7,168.8,57.1,20.0
182.7,54.4,16.3,181.4,61.3,18.6
182.3,95.4,28.7,180.6,85.9,26.3
184.1,75.1,22.2,182.1,70.2,21.1
171.0,77.3,26.4,169.4,75.5,26.3
178.7,74.2,23.2,178.1,65.6,20.7
171.6,55.5,18.8,169.5,59.2,20.6
176.7,98.0,31.4,175.7,98.7,32.0
175.2,78.1,25.4,173.9,81.6,27.0
171.0,90.1,30.8,171.2,92.2,31.5
162.9,60.7,22.9,162.8,64.4,24.3
175.7,52.1,16.9,173.4,56.4,18.7
176.8,70.8,22.7,175.8,69.7,22.5
170.0,61.4,21.2,169.7,57.2,19.9
173.1,103.4,34.5,171.9,100.9,34.1
174.6,55.0,18.0,172.5,54.3,18.2
166.3,53.0,19.2,163.8,49.1,18.3
171.3,86.3,29.4,170.2,82.7,28.5
182.9,108.2,32.3,180.8,97.8,29.9
177.8,79.6,25.2,175.7,81.5,26.4
175.1,89.5,29.2,173.7,87.6,29.0
163.6,70.4,26.3,162.8,62.9,23.8
181.2,96.6,29.4,180.6,96.5,29.6
170.7,51.2,17.6,168.2,52.6,18.6
173.1,68.1,22.7,171.5,59.4,20.2
176.4,78.8,25.3,175.0,77.4,25.3
167.5,77.5,27.6,167.8,89.2,31.7
174.2,67.4,22.2,172.5,69.4,23.3
171.2,55.6,19.0,169.3,77.8,27.2
182.0,85.7,25.9,179.2,85.2,26.5
170.0,71.4,24.7,168.8,72.0,25.3
168.9,77.8,27.3,168.0,69.8,24.7
176.1,77.2,24.9,174.5,70.2,23.1
173.6,66.4,22.0,172.3,64.9,21.9
172.5,53.0,17.8,171.7,53.9,18.3
180.1,92.8,28.6,178.7,88.4,27.7
178.7,110.2,34.5,177.3,107.0,34.0
174.9,82.9,27.1,174.4,87.8,28.8
161.3,63.5,24.4,160.3,62.5,24.3
184.0,93.5,27.6,182.8,91.4,27.4
173.3,70.0,23.3,171.3,72.7,24.8
171.7,84.4,28.6,170.6,84.2,28.9
178.7,68.6,21.5,176.5,72.2,23.2
166.7,63.8,23.0,166.3,63.4,22.9
171.4,67.6,23.0,169.7,63.1,21.9
174.2,51.2,16.9,172.0,53.2,18.0
174.4,56.1,18.4,172.2,61.6,20.8
179.1,86.4,26.9,176.9,77.2,24.7
167.8,46.4,16.5,165.5,51.7,18.9
173.3,64.1,21.3,171.7,66.2,22.5
175.6,69.7,22.6,174.4,72.6,23.9
160.4,67.2,26.1,159.7,63.1,24.7
172.9,67.9,22.7,170.9,64.4,22.0
177.7,78.1,24.7,175.3,78.5,25.5
184.6,82.1,24.1,182.4,77.6,23.3
174.1,57.3,18.9,172.3,57.3,19.3
167.0,60.7,21.8,167.1,63.3,22.7
174.7,79.0,25.9,172.6,75.8,25.4
181.2,75.1,22.9,180.0,75.1,23.2
177.4,76.6,24.3,176.7,74.5,23.8
164.8,68.0,25.0,165.0,69.7,25.6
177.4,68.6,21.8,175.6,67.1,21.8
171.7,60.5,20.5,170.0,61.1,21.1
178.2,69.4,21.9,177.5,66.1,21.0
182.1,75.7,22.8,180.3,88.4,27.2
180.0,67.0,20.7,179.0,77.5,24.2
172.6,70.4,23.6,172.6,69.2,23.2
176.0,76.6,24.7,174.6,72.3,23.7
175.2,77.0,25.1,174.1,81.2,26.8
180.4,103.1,31.7,177.9,96.7,30.5
180.2,55.0,16.9,179.0,56.5,17.6
181.5,66.0,20.0,179.4,63.1,19.6
184.0,78.4,23.2,182.7,70.5,21.1
175.4,62.4,20.3,175.0,65.5,21.4
173.6,72.4,24.0,173.2,69.9,23.3
185.3,70.6,20.6,182.7,75.2,22.5
182.0,87.1,26.3,180.7,88.7,27.2
179.2,68.9,21.5,178.3,72.2,22.7
165.6,67.2,24.5,164.4,71.7,26.5
163.2,52.4,19.7,162.9,51.7,19.5
170.8,60.6,20.8,169.1,59.8,20.9
174.5,89.5,29.4,172.4,94.3,31.7
180.2,70.4,21.7,178.0,71.4,22.5
172.5,71.2,23.9,171.0,72.5,24.8
179.6,87.9,27.3,178.1,85.2,26.9
168.2,55.7,19.7,166.2,50.4,18.3
174.5,66.0,21.7,172.5,66.2,22.2
179.4,66.3,20.6,178.2,72.8,22.9
174.1,67.9,22.4,173.5,66.8,22.2
168.7,59.1,20.8,168.0,55.7,19.8
180.7,74.3,22.8,178.3,77.1,24.2
173.8,75.4,25.0,173.2,59.8,20.0
177.0,77.3,24.7,175.6,77.6,25.2
174.3,89.3,29.4,173.1,89.3,29.8
165.0,46.6,17.1,163.0,47.9,18.0
171.9,62.6,21.2,170.2,65.6,22.7
163.8,90.5,33.7,164.2,90.8,33.7
168.1,55.7,19.7,166.9,55.5,19.9
170.3,51.8,17.9,167.8,53.1,18.9
183.8,64.6,19.1,183.2,65.8,19.6
177.1,69.3,22.1,176.6,64.6,20.7
172.6,98.9,33.2,171.3,97.2,33.1
175.8,90.4,29.3,173.5,81.3,27.0
190.0,76.0,21.1,188.7,73.0,20.5
172.4,61.7,20.8,170.6,63.4,21.8
175.9,61.7,19.9,175.3,62.7,20.4
170.4,55.8,19.2,168.9,58.3,20.5
166.5,51.1,18.4,164.8,54.7,20.1
178.9,82.5,25.8,177.4,80.0,25.4
175.1,77.4,25.2,174.2,81.1,26.7
176.9,63.4,20.3,174.8,63.0,20.6
167.3,69.7,24.9,166.0,68.1,24.7
175.8,57.6,18.6,173.9,62.0,20.5
163.6,83.2,31.1,163.7,83.6,31.2
184.6,83.8,24.6,182.0,86.1,26.0
167.6,52.5,18.7,165.2,48.8,17.9
181.2,81.5,24.8,178.9,88.1,27.5
177.4,77.8,24.7,175.3,76.7,24.9
174.8,67.6,22.1,172.3,59.8,20.2
176.6,87.7,28.1,176.0,82.9,26.8
177.4,74.1,23.5,175.8,62.3,20.2
173.2,58.2,19.4,172.5,59.9,20.1
175.5,59.0,19.2,173.5,60.4,20.1
173.8,63.8,21.1,172.6,64.0,21.5
179.9,100.9,31.2,177.8,98.7,31.2
163.5,59.7,22.3,163.1,56.8,21.4
178.2,70.5,22.2,178.1,70.0,22.1
172.8,59.3,19.9,169.6,51.6,17.9
178.2,69.9,22.0,177.0,71.9,23.0
178.2,63.3,19.9,175.8,60.7,19.7
179.8,62.7,19.4,178.8,72.0,22.5
170.7,76.4,26.2,169.8,72.6,25.2
170.5,73.8,25.4,169.6,75.6,26.3
181.7,64.6,19.6,179.6,64.7,20.1
172.9,56.2,18.8,171.9,59.5,20.1
173.7,71.1,23.6,172.6,70.8,23.8
172.7,63.5,21.3,171.3,61.3,20.9
166.9,43.8,15.7,164.2,47.3,17.5
173.1,72.3,24.1,171.9,75.4,25.5
177.7,64.9,20.6,175.8,62.8,20.3
176.7,55.3,17.7,175.6,58.6,19.0
175.5,54.0,17.5,174.5,58.6,19.2
179.6,66.0,20.5,178.5,62.5,19.6
173.5,69.8,23.2,172.1,67.3,22.7
176.2,79.0,25.4,174.6,79.7,26.2
176.5,109.1,35.0,174.8,102.1,33.4
175.4,84.4,27.4,174.2,81.5,26.9
175.6,77.4,25.1,174.6,83.8,27.5
175.1,90.8,29.6,173.0,87.7,29.3
171.6,71.4,24.2,170.6,73.8,25.4
170.0,59.7,20.7,169.3,64.9,22.6
184.4,88.0,25.9,182.2,89.7,27.0
172.3,90.5,30.5,171.4,90.6,30.8
164.0,60.8,22.6,162.3,57.0,21.6
190.2,71.3,19.7,188.7,70.5,19.8
184.9,72.4,21.2,182.8,76.6,22.9
176.5,94.4,30.3,174.2,95.2,31.4
163.7,51.6,19.3,161.8,53.4,20.4
176.4,63.1,20.3,174.5,62.0,20.4
181.2,76.4,23.3,179.7,71.7,22.2
170.1,71.7,24.8,168.6,70.9,24.9
167.4,77.0,27.5,165.8,76.5,27.8
169.2,69.3,24.2,168.1,67.5,23.9
172.6,69.9,23.5,172.2,74.3,25.0
175.1,68.5,22.3,174.2,69.4,22.9
176.0,72.3,23.3,174.9,79.6,26.0
175.4,89.7,29.2,174.8,88.0,28.8
173.7,86.6,28.7,171.8,83.7,28.4
181.8,88.9,26.9,179.2,89.1,27.8
182.6,117.2,35.2,180.1,115.4,35.6
180.1,69.0,21.3,179.3,68.7,21.4
177.3,64.8,20.6,175.4,65.2,21.2
177.6,78.2,24.8,176.2,85.6,27.6
180.0,76.4,23.6,179.1,76.5,23.8
179.6,61.7,19.1,178.4,67.7,21.3
167.9,57.7,20.5,166.2,56.5,20.4
173.0,94.3,31.5,172.0,101.2,34.2
169.8,86.5,30.0,168.0,87.1,30.9
179.2,76.1,23.7,177.6,76.7,24.3
175.0,89.3,29.2,173.8,94.5,31.3
170.6,72.1,24.8,170.6,70.7,24.3
169.3,69.0,24.1,169.5,69.2,24.1
175.2,76.1,24.8,173.2,79.0,26.3
175.4,91.1,29.6,173.9,87.3,28.9
176.4,84.0,27.0,175.6,77.4,25.1
178.2,70.5,22.2,176.4,74.1,23.8
174.8,95.2,31.2,172.5,93.2,31.3
183.7,75.9,22.5,182.7,73.4,22.0
173.2,67.3,22.4,172.2,61.6,20.8
168.7,55.0,19.3,167.0,52.9,19.0
164.4,67.4,24.9,163.0,66.5,25.0
172.1,60.9,20.6,170.9,55.4,19.0
176.4,68.3,21.9,174.2,64.4,21.2
172.8,65.1,21.8,172.2,61.0,20.6
182.5,72.2,21.7,180.9,73.5,22.5
176.6,58.0,18.6,174.8,59.6,19.5
179.2,76.4,23.8,177.4,67.4,21.4
166.9,52.5,18.8,165.3,53.4,19.5
182.1,60.6,18.3,180.8,66.6,20.4
176.8,72.7,23.3,175.5,73.5,23.9
175.9,64.7,20.9,174.2,59.3,19.6
176.3,65.0,20.9,175.4,61.7,20.1
173.5,67.7,22.5,171.0,64.5,22.1
179.5,87.5,27.2,178.9,75.0,23.4
186.0,61.8,17.9,183.2,60.8,18.1
174.8,115.7,37.9,174.9,112.8,36.9
179.2,87.1,27.1,178.1,83.6,26.4
178.4,74.2,23.3,176.8,69.0,22.1
173.5,73.5,24.4,172.9,73.0,24.4
174.8,78.1,25.6,174.1,73.1,24.1
180.1,62.2,19.2,179.0,59.5,18.6
172.1,64.8,21.9,170.2,63.1,21.8
176.5,102.2,32.8,175.3,97.9,31.9
176.2,82.0,26.4,175.7,80.3,26.0
169.2,54.1,18.9,167.3,52.8,18.9
170.5,65.1,22.4,170.2,65.4,22.6
175.5,73.5,23.9,173.5,75.6,25.1
185.5,87.1,25.3,183.1,85.2,25.4
173.3,55.8,18.6,172.0,57.9,19.6
180.3,91.6,28.2,178.7,95.8,30.0
175.5,71.6,23.2,174.9,73.3,24.0
189.0,72.2,20.2,186.3,72.3,20.8
174.2,68.3,22.5,173.2,72.9,24.3
170.6,58.0,19.9,168.5,54.8,19.3
178.8,73.1,22.9,178.4,65.7,20.7
177.9,79.0,25.0,176.3,73.8,23.7
177.9,71.6,22.6,176.8,66.4,21.2
181.3,83.8,25.5,179.1,76.7,23.9
171.0,54.7,18.7,168.5,49.6,17.5
172.9,64.0,21.4,171.3,69.3,23.6
173.8,68.4,22.6,171.9,76.4,25.8
175.8,86.4,28.0,174.2,87.6,28.9
176.9,79.2,25.3,175.8,79.9,25.9
175.6,61.6,20.0,174.9,59.5,19.4
173.4,103.9,34.6,171.8,103.5,35.0
182.5,72.3,21.7,180.9,71.4,21.8
171.8,64.2,21.8,170.6,60.3,20.7
180.0,75.1,23.2,178.1,77.8,24.5
178.4,92.0,28.9,176.7,93.8,30.0
173.7,59.5,19.7,171.6,59.5,20.2
171.8,61.0,20.7,170.7,62.4,21.4
170.1,77.3,26.7,168.8,76.2,26.7
174.8,69.9,22.9,173.6,63.0,20.9
170.7,53.6,18.4,168.3,58.0,20.5
166.2,65.6,23.7,166.7,63.4,22.8
175.3,112.4,36.6,174.8,108.1,35.4
177.2,82.5,26.3,176.2,87.3,28.1
185.9,85.6,24.8,185.0,83.1,24.3
181.9,110.3,33.3,179.6,103.7,32.1
184.4,92.9,27.3,182.0,92.3,27.9
170.9,78.2,26.8,169.3,73.9,25.8
170.3,84.7,29.2,169.5,83.8,29.2
175.9,80.4,26.0,174.3,78.8,26.0
172.2,66.5,22.4,171.6,62.4,21.2
168.9,67.6,23.7,167.9,63.5,22.5
188.8,65.3,18.3,186.6,70.0,20.1
181.8,68.5,20.7,179.9,68.0,21.0
179.1,77.0,24.0,176.9,76.1,24.3
169.7,84.1,29.2,169.2,85.7,29.9
175.5,70.7,23.0,173.3,66.5,22.1
175.5,86.1,28.0,173.5,82.7,27.5
180.5,65.9,20.2,179.3,66.5,20.7
173.1,77.5,25.9,171.2,73.0,24.9
172.7,75.4,25.3,172.0,82.3,27.8
168.0,67.9,24.1,167.4,68.3,24.4
176.7,66.3,21.2,175.4,64.8,21.1
178.8,87.1,27.2,176.4,82.7,26.6
185.0,60.1,17.6,183.4,63.4,18.9
168.7,75.6,26.6,167.6,66.5,23.7
166.2,60.6,21.9,166.1,69.6,25.2
169.6,68.4,23.8,168.5,67.2,23.7
169.3,69.1,24.1,167.4,59.0,21.0
169.8,70.8,24.6,169.0,67.4,23.6
173.6,74.8,24.8,172.2,70.5,23.8
181.1,68.5,20.9,179.8,64.2,19.9
178.9,72.8,22.7,177.8,72.5,22.9
180.0,76.6,23.6,177.7,77.9,24.7
165.9,65.3,23.7,166.2,72.8,26.4
194.7,93.8,24.7,191.7,94.9,25.8
171.4,76.9,26.2,169.7,74.4,25.8
178.3,60.7,19.1,177.1,59.9,19.1
168.9,50.0,17.5,166.7,51.0,18.4
170.4,52.8,18.2,168.7,51.1,17.9
169.9,47.1,16.3,167.4,53.2,19.0
181.8,96.1,29.1,180.0,89.0,27.5
166.0,89.5,32.5,166.5,96.2,34.7
166.7,67.2,24.2,167.1,66.5,23.8
175.5,74.2,24.1,173.7,77.1,25.5
169.0,51.0,17.9,168.0,59.2,21.0
167.2,61.0,21.8,166.3,57.8,20.9
172.0,59.5,20.1,170.3,60.1,20.7
169.9,54.9,19.0,167.8,60.7,21.5
179.3,102.3,31.8,177.1,98.8,31.5
172.3,98.3,33.1,170.8,96.2,33.0
169.8,80.1,27.8,169.6,81.8,28.5
170.9,93.8,32.1,169.4,92.6,32.3
171.9,63.1,21.4,169.6,62.2,21.6
173.3,59.6,19.8,171.6,64.4,21.9
172.2,55.4,18.7,169.7,56.3,19.6
168.8,71.5,25.1,168.6,69.6,24.5
176.2,67.7,21.8,174.3,64.4,21.2
182.5,84.0,25.2,181.2,90.8,27.6
165.6,72.6,26.5,165.6,74.6,27.2
173.2,66.8,22.3,171.6,66.1,22.4
169.6,75.0,26.1,168.1,70.7,25.0
175.2,55.8,18.2,173.7,52.9,17.5
168.3,71.5,25.2,167.8,69.3,24.6
171.7,55.3,18.8,170.9,58.8,20.1
176.4,70.0,22.5,175.0,70.1,22.9
171.7,66.6,22.6,170.2,66.4,22.9
169.9,60.6,21.0,168.3,59.9,21.2
177.8,85.0,26.9,175.6,91.1,29.5
175.3,74.3,24.2,174.3,70.6,23.2
175.1,62.1,20.3,173.4,59.0,19.6
177.3,91.1,29.0,175.7,88.3,28.6
161.8,49.3,18.8,159.9,52.8,20.6
180.1,54.5,16.8,177.6,59.9,19.0
169.5,53.2,18.5,167.8,54.0,19.2
182.9,108.2,32.3,180.8,97.8,29.9
178.4,66.7,21.0,176.7,63.7,20.4
169.7,73.3,25.5,168.2,77.9,27.5
164.4,81.7,30.2,165.5,86.6,31.6
172.3,87.1,29.3,170.7,88.6,30.4
177.7,94.1,29.8,176.9,87.1,27.9
183.5,87.1,25.9,180.9,83.6,25.5
174.5,81.2,26.7,173.1,75.9,25.3
177.9,57.8,18.3,176.0,57.9,18.7
175.3,104.1,33.9,174.4,101.6,33.4
176.5,69.3,22.2,175.5,67.3,21.8
176.2,92.3,29.7,173.8,92.9,30.8
180.2,102.4,31.5,178.4,100.1,31.4
171.5,82.2,27.9,169.8,77.4,26.8
172.7,77.3,25.9,172.5,72.2,24.2
176.6,85.8,27.5,175.3,89.1,29.0
163.6,46.7,17.4,161.3,46.5,17.9
169.5,57.7,20.1,166.9,52.6,18.9
181.5,62.2,18.9,180.5,61.4,18.9
181.6,86.3,26.2,179.4,87.7,27.2
168.3,57.1,20.2,166.5,56.3,20.3
180.0,71.0,21.9,178.0,72.4,22.8
171.9,57.6,19.5,170.2,58.4,20.2
165.7,64.4,23.5,165.4,60.8,22.2
172.2,62.8,21.2,171.6,62.0,21.1
173.6,69.1,22.9,173.0,69.9,23.3
167.7,94.7,33.7,166.9,92.6,33.2
180.6,58.2,17.8,179.3,59.6,18.5
170.4,85.9,29.6,170.2,88.9,30.7
173.8,81.3,26.9,172.3,76.7,25.8
172.2,97.6,32.9,171.8,93.9,31.8
179.7,93.1,28.8,177.4,103.1,32.7
178.7,76.5,24.0,177.3,75.4,24.0
176.9,85.0,27.2,176.2,88.0,28.3
173.7,77.3,25.6,171.5,81.4,27.6
179.3,67.4,21.0,178.7,66.2,20.7
175.9,71.8,23.2,173.9,69.5,23.0
181.8,101.6,30.7,179.6,104.3,32.3
172.1,68.7,23.2,171.2,72.1,24.6
177.0,70.5,22.5,176.1,73.5,23.7
163.4,66.2,24.8,162.1,61.7,23.5
168.0,58.8,20.8,167.8,57.5,20.4
182.8,64.3,19.2,181.6,64.0,19.4
177.0,78.3,25.0,175.9,76.5,24.7
175.8,86.1,27.9,173.9,86.6,28.6
176.6,68.3,21.9,174.8,70.6,23.1
168.5,66.6,23.5,168.3,68.1,24.0
173.3,70.9,23.6,171.4,71.9,24.5
173.8,71.7,23.7,172.5,68.0,22.9
178.2,70.8,22.3,176.6,73.3,23.5
185.0,67.8,19.8,182.9,70.3,21.0
176.7,89.5,28.7,175.9,95.0,30.7
168.8,99.5,34.9,167.7,92.0,32.7
179.8,110.9,34.3,177.5,109.8,34.9
172.9,77.3,25.9,171.0,82.5,28.2
171.5,81.4,27.7,170.1,76.8,26.6
176.0,72.1,23.3,174.1,75.1,24.8
177.0,78.3,25.0,175.0,86.5,28.2
169.8,79.0,27.4,168.5,81.2,28.6
179.1,74.8,23.3,177.8,70.3,22.3
179.5,79.3,24.6,177.2,68.3,21.8
175.5,82.4,26.8,174.3,80.0,26.3
178.0,73.6,23.2,176.7,74.6,23.9
169.3,60.1,21.0,168.8,63.8,22.4
185.5,88.2,25.6,183.3,87.1,25.9
174.7,68.8,22.5,173.7,65.0,21.6
167.8,60.6,21.5,165.8,57.6,20.9
184.1,77.1,22.7,182.1,73.8,22.3
168.6,61.1,21.5,167.2,63.7,22.8
171.1,72.1,24.6,169.2,71.2,24.9
190.5,98.0,27.0,187.3,87.3,24.9
178.4,103.8,32.6,177.0,100.9,32.2
167.8,70.6,25.1,167.5,65.1,23.2
168.6,57.0,20.1,167.4,59.8,21.3
167.0,70.0,25.1,165.4,66.3,24.2
168.7,58.8,20.7,167.7,62.3,22.2
174.1,74.9,24.7,172.9,77.4,25.9
180.5,94.0,28.9,178.0,93.4,29.5
173.8,81.8,27.1,172.3,83.4,28.1
173.8,59.3,19.6,171.7,65.1,22.1
176.2,63.2,20.4,174.5,65.7,21.6
177.5,79.6,25.3,176.8,78.0,25.0
179.3,85.7,26.7,177.3,85.1,27.1
178.7,73.1,22.9,176.5,68.8,22.1
174.1,95.3,31.4,172.6,98.5,33.1
184.1,106.2,31.3,181.9,110.1,33.3
182.4,82.5,24.8,179.8,87.6,27.1
160.5,69.3,26.9,160.5,69.6,27.0
182.2,72.2,21.7,181.0,67.6,20.6
173.9,94.7,31.3,172.9,97.6,32.7
167.2,63.5,22.7,165.4,58.1,21.2
184.6,79.0,23.2,182.6,80.3,24.1
165.4,57.4,21.0,163.7,58.5,21.8
169.6,66.3,23.0,168.5,60.3,21.2
174.2,64.7,21.3,172.8,60.1,20.1
172.3,53.6,18.1,171.6,66.8,22.7
175.7,70.7,22.9,173.7,72.3,23.9
170.1,68.6,23.7,169.8,67.0,23.2
178.8,74.5,23.3,177.1,75.1,23.9
174.6,77.2,25.3,173.0,76.6,25.6
178.1,79.2,25.0,176.6,82.4,26.4
175.2,66.8,21.8,174.7,67.3,22.0
174.1,67.5,22.3,173.7,67.3,22.3
180.1,70.7,21.8,179.2,66.0,20.5
182.3,117.8,35.4,179.8,110.9,34.3
181.3,54.6,16.6,179.3,53.7,16.7
179.9,80.8,25.0,177.8,81.2,25.7
173.8,75.0,24.8,172.6,61.5,20.6
167.0,53.4,19.1,165.7,54.7,19.9
169.7,70.1,24.3,168.1,69.9,24.7
170.8,102.3,35.1,170.5,103.3,35.5
173.2,64.2,21.4,172.6,68.2,22.9
172.7,48.3,16.2,170.2,50.2,17.3
182.7,60.7,18.2,181.8,63.7,19.3
182.2,64.9,19.6,180.3,67.6,20.8
171.1,76.1,26.0,170.1,76.7,26.5
185.6,82.2,23.9,184.5,72.6,21.3
183.8,113.6,33.6,182.7,113.3,33.9
174.7,70.4,23.1,174.0,82.0,27.1
170.5,57.5,19.8,169.2,56.0,19.6
189.4,96.0,26.8,187.2,95.6,27.3
177.1,83.5,26.6,175.0,83.8,27.4
173.3,78.7,26.2,171.7,80.6,27.3
177.5,65.6,20.8,177.1,67.9,21.6
170.7,87.3,30.0,169.7,87.2,30.3
176.3,108.2,34.8,175.5,103.5,33.6
169.2,47.7,16.7,167.5,48.3,17.2
181.2,89.4,27.2,179.1,89.2,27.8
177.3,64.8,20.6,174.9,68.5,22.4
181.3,98.5,30.0,179.4,97.9,30.4
173.8,108.5,35.9,173.7,107.9,35.8
170.9,65.6,22.5,170.7,64.8,22.2
165.4,52.9,19.3,163.5,53.2,19.9
171.2,66.2,22.6,170.3,65.6,22.6
171.4,94.5,32.2,170.5,92.5,31.8
180.8,75.8,23.2,180.1,73.2,22.6
179.3,66.3,20.6,178.6,67.5,21.2
169.3,59.7,20.8,168.4,60.4,21.3
175.3,99.2,32.3,173.5,92.3,30.7
182.0,86.9,26.2,180.3,83.1,25.6
169.8,62.4,21.6,169.3,61.5,21.5
185.5,93.6,27.2,184.4,89.8,26.4
169.3,60.7,21.2,167.7,57.9,20.6
173.2,59.6,19.9,172.2,58.6,19.8
179.1,77.0,24.0,178.0,68.8,21.7
179.4,90.0,28.0,177.4,85.5,27.2
189.5,95.1,26.5,186.5,88.6,25.5
183.1,72.7,21.7,181.7,71.0,21.5
176.9,79.5,25.4,174.7,75.0,24.6
174.9,64.3,21.0,174.2,56.9,18.7
174.1,76.6,25.3,172.0,75.3,25.5
186.5,82.3,23.7,185.1,90.1,26.3
171.2,69.3,23.6,168.8,61.0,21.4
162.8,47.9,18.1,160.8,49.9,19.3
176.3,73.0,23.5,174.2,69.8,23.0
178.4,59.8,18.8,177.2,63.9,20.3
175.0,85.9,28.0,173.2,91.9,30.6
178.5,70.4,22.1,177.5,68.2,21.6
166.3,66.3,24.0,165.7,70.2,25.6
168.0,81.9,29.0,166.6,75.4,27.2
164.4,77.8,28.8,164.1,75.1,27.9
167.3,56.1,20.0,166.7,58.2,21.0
185.0,83.3,24.3,182.4,82.4,24.8
173.6,60.1,19.9,173.0,58.6,19.6
175.3,59.0,19.2,174.7,62.7,20.5
179.3,70.3,21.9,178.0,67.7,21.4
174.5,63.8,21.0,172.4,61.9,20.8
173.2,61.8,20.6,172.2,67.2,22.7
179.0,94.7,29.6,177.5,97.9,31.1
177.1,74.7,23.8,175.1,74.8,24.4
180.1,57.5,17.7,177.6,56.4,17.9
180.0,109.6,33.8,177.4,107.3,34.1
181.8,54.1,16.4,180.2,57.4,17.7
170.7,75.2,25.8,169.7,74.8,26.0
172.5,86.3,29.0,171.8,88.7,30.1
174.8,66.0,21.6,173.7,57.8,19.2
177.3,99.6,31.7,175.3,98.7,32.1
185.0,84.8,24.8,183.3,77.5,23.1
178.2,86.8,27.3,177.6,86.9,27.5
182.3,76.1,22.9,181.4,77.5,23.5
187.1,79.2,22.6,184.5,83.1,24.4
174.4,76.5,25.2,172.3,80.4,27.1
171.2,57.3,19.6,169.6,60.2,20.9
181.1,64.8,19.8,179.3,72.2,22.5
176.3,65.1,20.9,175.0,65.5,21.4
173.3,86.8,28.9,171.9,92.3,31.2
181.1,74.5,22.7,179.5,71.1,22.1
172.3,59.7,20.1,170.4,56.8,19.6
193.2,94.0,25.2,190.9,96.8,26.6
174.2,80.1,26.4,172.5,77.2,26.0
177.3,73.8,23.5,176.6,75.6,24.2
169.2,56.1,19.6,168.5,58.7,20.7
165.9,67.0,24.3,165.0,67.2,24.7
179.0,94.4,29.5,177.7,95.1,30.1
179.8,69.5,21.5,178.2,64.4,20.3
178.4,71.1,22.3,177.0,77.0,24.6
181.0,71.8,21.9,179.0,74.7,23.3
168.5,62.9,22.2,168.4,62.4,22.0
170.6,61.8,21.2,168.7,57.4,20.2
170.1,56.7,19.6,169.0,58.8,20.6
180.4,83.4,25.6,179.5,78.7,24.4
174.6,70.8,23.2,173.3,72.6,24.2
174.2,92.3,30.4,172.7,85.4,28.6
179.0,109.7,34.2,176.8,108.0,34.5
170.3,63.4,21.9,168.2,59.1,20.9
177.6,61.0,19.3,175.6,60.8,19.7
175.4,64.3,20.9,173.4,62.1,20.7
174.6,62.7,20.6,174.1,66.6,22.0
175.9,85.4,27.6,174.9,90.1,29.5
174.6,58.3,19.1,173.3,59.7,19.9
177.7,56.5,17.9,175.9,57.4,18.6
180.4,66.7,20.5,179.6,65.1,20.2
180.9,93.4,28.5,178.6,99.3,31.1
172.5,84.3,28.3,172.0,77.5,26.2
184.0,82.4,24.3,182.7,73.6,22.1
167.7,62.0,22.0,166.7,56.6,20.4
166.4,65.5,23.7,165.6,66.7,24.3
175.2,57.6,18.8,173.0,56.1,18.7
175.6,62.2,20.2,173.8,56.8,18.8
168.3,54.8,19.3,165.9,55.0,20.0
176.1,63.7,20.5,175.2,65.5,21.4
174.8,69.5,22.7,173.4,70.7,23.5
189.6,91.6,25.5,187.1,91.0,26.0
182.1,81.0,24.4,180.9,72.8,22.2
172.3,61.3,20.6,170.6,64.6,22.2
172.2,57.0,19.2,170.0,55.7,19.3
172.0,58.3,19.7,170.0,57.2,19.8
169.8,56.2,19.5,167.9,54.3,19.3
166.9,82.6,29.7,166.7,95.1,34.2
180.6,68.6,21.0,179.0,65.3,20.4
169.4,69.8,24.3,168.2,71.4,25.2
179.2,85.8,26.7,178.5,85.9,26.9
179.1,78.8,24.6,178.3,73.0,23.0
178.0,72.3,22.8,177.1,74.7,23.8
173.9,84.4,27.9,172.2,88.6,29.9
174.9,75.9,24.8,174.6,79.9,26.2
177.5,54.9,17.4,175.2,60.0,19.5
175.4,76.5,24.9,174.1,77.1,25.4
166.8,81.2,29.2,166.8,72.2,26.0
170.2,70.6,24.4,170.2,76.6,26.4
171.3,90.2,30.7,170.8,96.4,33.0
172.5,96.2,32.3,170.8,99.3,34.0
173.8,86.9,28.8,172.8,87.9,29.4
189.6,92.6,25.8,187.3,85.8,24.4
174.4,72.0,23.7,173.1,73.8,24.6
169.0,78.1,27.3,169.1,81.2,28.4
173.7,65.3,21.6,173.2,65.3,21.8
176.0,63.8,20.6,174.3,57.8,19.0
174.8,60.8,19.9,174.0,62.5,20.6
164.2,61.0,22.6,163.4,59.0,22.1
165.4,66.4,24.3,165.1,68.9,25.3
178.6,59.8,18.7,177.7,63.3,20.0
177.5,97.5,30.9,176.3,92.3,29.7
168.4,59.6,21.0,167.8,61.9,22.0
181.2,85.2,25.9,180.1,83.2,25.6
180.7,93.2,28.5,179.8,99.5,30.8
166.8,49.5,17.8,165.5,50.9,18.6
170.3,73.4,25.3,168.9,68.1,23.9
171.8,61.3,20.8,170.1,64.1,22.2
166.8,77.7,27.9,165.6,75.2,27.4
178.8,62.4,19.5,178.1,64.1,20.2
174.1,71.5,23.6,172.6,70.3,23.6
179.8,87.4,27.0,177.6,84.1,26.7
173.5,89.1,29.6,172.0,89.0,30.1
168.3,54.8,19.3,167.0,53.9,19.3
176.2,101.9,32.8,175.0,105.3,34.4
176.7,73.9,23.7,175.6,73.5,23.8
181.1,68.5,20.9,178.7,72.7,22.8
173.0,79.0,26.4,170.8,76.0,26.1
183.0,89.4,26.7,180.7,91.8,28.1
180.5,97.8,30.0,179.8,101.0,31.2
180.5,69.6,21.4,178.4,73.9,23.2
178.8,72.6,22.7,178.0,66.2,20.9
170.5,58.2,20.0,169.3,57.3,20.0
168.8,53.3,18.7,167.1,54.6,19.5
175.7,99.1,32.1,173.9,97.7,32.3
174.2,76.8,25.3,173.2,77.2,25.7
167.1,61.8,22.1,165.6,59.1,21.6
182.2,99.2,29.9,180.5,90.0,27.6
188.3,87.6,24.7,186.5,88.9,25.5
170.5,50.9,17.5,168.2,50.6,17.9
168.8,72.2,25.3,168.2,73.2,25.9
172.1,63.4,21.4,171.5,64.2,21.8
175.5,58.5,19.0,173.5,59.6,19.8
177.6,82.3,26.1,175.5,79.5,25.8
175.7,67.0,21.7,175.2,66.1,21.5
164.1,49.1,18.2,163.1,59.0,22.2
169.9,60.6,21.0,168.6,56.5,19.9
179.1,76.1,23.7,177.6,82.2,26.0
178.1,85.4,26.9,176.6,83.8,26.9
170.2,59.2,20.4,168.6,52.6,18.5
183.4,71.4,21.2,181.1,68.5,20.9
176.0,79.7,25.7,174.7,84.6,27.7
180.1,74.8,23.1,178.7,73.7,23.1
174.3,88.3,29.1,172.0,87.9,29.7
171.3,72.9,24.8,171.3,67.7,23.1
180.4,75.9,23.3,178.1,81.4,25.7
174.0,71.1,23.5,172.9,61.9,20.7
160.8,43.1,16.7,160.0,45.8,17.9
166.9,58.0,20.8,165.0,60.1,22.1
163.7,55.4,20.7,163.3,56.3,21.1
176.4,58.0,18.6,175.7,65.5,21.2
181.3,71.5,21.8,180.5,75.4,23.1
172.7,61.9,20.8,170.4,63.2,21.7
186.5,60.5,17.4,183.7,63.2,18.7
176.1,90.5,29.2,174.6,86.9,28.5
166.9,67.3,24.2,165.5,66.2,24.2
175.4,70.5,22.9,174.6,70.0,23.0
173.4,94.6,31.5,172.3,92.6,31.2
165.7,53.7,19.6,164.5,53.5,19.8
177.4,104.0,33.0,175.6,100.7,32.7
173.2,51.1,17.0,172.2,50.4,17.0
180.3,101.4,31.2,177.9,95.9,30.3
173.2,56.1,18.7,172.7,56.6,19.0
168.4,61.5,21.7,167.6,62.1,22.1
177.1,62.6,20.0,176.4,62.7,20.2
179.4,78.2,24.3,177.0,80.3,25.6
174.5,71.9,23.6,173.1,61.5,20.5
175.0,74.1,24.2,173.7,71.0,23.5
177.6,67.2,21.3,175.6,68.7,22.3
180.6,72.8,22.3,179.7,74.0,22.9
183.2,69.8,20.8,180.9,68.5,20.9
173.6,78.7,26.1,172.1,82.0,27.7
172.2,73.5,24.8,171.6,74.1,25.2
174.4,88.8,29.2,172.8,85.6,28.6
166.9,54.9,19.7,165.6,61.2,22.3
169.8,89.8,31.1,168.3,91.3,32.2
169.3,58.2,20.3,168.0,59.6,21.1
178.8,97.9,30.6,177.7,106.7,33.8
177.3,109.1,34.7,175.2,107.1,34.9
173.1,67.8,22.6,171.2,74.4,25.4
171.8,58.2,19.7,169.5,61.7,21.5
186.1,63.4,18.3,184.6,67.0,19.6
165.6,71.4,26.0,163.9,82.3,30.6
169.4,56.2,19.6,168.2,53.2,18.8
173.5,75.0,24.9,172.3,71.5,24.1
170.2,78.9,27.2,170.0,83.6,28.9
166.7,60.3,21.7,164.6,57.1,21.1
167.9,59.9,21.2,166.4,60.7,21.9
177.8,73.3,23.2,177.1,68.1,21.7
176.8,68.9,22.0,175.1,64.9,21.2
177.3,81.3,25.9,176.3,73.7,23.7
169.9,86.2,29.9,170.1,90.8,31.4
185.1,106.4,31.1,182.8,98.8,29.6
177.4,64.7,20.6,176.0,64.6,20.9
176.3,82.8,26.6,174.4,86.4,28.4
171.8,68.7,23.3,170.4,74.0,25.5
177.7,74.1,23.5,175.9,73.5,23.8
165.3,48.3,17.7,163.9,47.0,17.5
172.6,78.4,26.3,170.7,71.3,24.5
176.5,95.7,30.7,174.2,100.4,33.1
172.3,65.1,21.9,170.8,58.1,19.9
172.5,74.8,25.1,170.6,76.6,26.3
174.7,70.2,23.0,174.1,73.0,24.1
172.0,70.5,23.8,172.2,69.4,23.4
180.5,94.5,29.0,178.3,78.3,24.6
178.9,77.1,24.1,176.4,76.2,24.5
175.8,55.8,18.1,173.9,55.5,18.4
175.9,55.8,18.0,174.5,57.4,18.8
173.9,80.0,26.5,171.9,81.7,27.7
175.8,65.4,21.2,175.4,66.3,21.5
164.1,73.3,27.2,163.5,72.8,27.3
176.3,66.0,21.2,175.0,72.6,23.7
171.2,88.8,30.3,170.7,85.8,29.4
168.4,57.4,20.2,167.9,54.8,19.4
178.5,81.3,25.5,176.9,84.0,26.8
170.6,59.2,20.3,169.1,63.4,22.2
174.7,76.1,24.9,172.9,79.6,26.6
178.7,61.4,19.2,176.8,58.7,18.8
177.4,76.8,24.4,175.8,76.3,24.7
175.3,66.7,21.7,173.6,68.6,22.7
168.5,53.4,18.8,167.1,55.3,19.8
175.6,94.6,30.7,173.7,95.6,31.7
174.8,71.0,23.2,174.1,72.9,24.1
171.7,75.4,25.6,170.2,82.3,28.4
174.4,93.7,30.8,172.9,94.5,31.6
175.0,59.3,19.4,172.7,63.2,21.2
187.7,97.7,27.7,186.0,92.6,26.8
176.8,103.1,33.0,175.3,107.9,35.1
168.7,54.1,19.0,167.6,60.5,21.5
185.4,90.5,26.3,184.2,89.9,26.5
174.0,87.9,29.0,172.2,84.0,28.3
172.5,88.3,29.7,171.1,91.2,31.2
180.9,72.2,22.1,180.2,68.3,21.0
174.3,98.1,32.3,172.7,97.4,32.7
177.1,70.4,22.4,176.5,74.3,23.9
174.8,79.2,25.9,173.2,82.2,27.4
177.7,67.4,21.3,175.5,64.2,20.8
168.7,75.9,26.7,167.6,69.9,24.9
175.1,69.3,22.6,174.5,66.1,21.7
176.7,73.1,23.4,175.6,75.6,24.5
174.0,57.0,18.8,173.2,61.8,20.6
166.9,59.8,21.5,165.5,60.3,22.0
172.2,83.1,28.0,171.0,75.8,25.9
171.8,86.2,29.2,171.0,80.0,27.4
167.8,46.9,16.7,166.9,54.5,19.6
178.6,62.1,19.5,177.4,67.5,21.4
178.2,72.4,22.8,177.2,69.3,22.1
173.3,69.7,23.2,172.6,71.1,23.8
181.1,71.7,21.9,179.7,80.5,24.9
173.0,74.3,24.8,172.4,78.5,26.4
179.6,71.0,22.0,178.3,67.1,21.1
177.2,82.8,26.4,175.8,85.9,27.8
170.6,56.6,19.4,168.4,53.5,18.9
184.1,99.4,29.3,182.2,96.2,29.0
163.0,60.9,22.9,162.8,61.2,23.1
175.7,71.7,23.2,174.1,71.8,23.7
169.2,59.7,20.9,167.4,58.5,20.9
179.9,75.2,23.2,178.3,72.7,22.9
174.0,69.2,22.9,172.2,70.3,23.7
172.4,65.6,22.1,170.5,62.1,21.4
172.5,57.4,19.3,170.4,56.9,19.6
180.2,70.2,21.6,179.0,69.2,21.6
166.6,68.1,24.5,166.1,54.8,19.9
177.8,58.4,18.5,175.1,58.4,19.0
170.7,77.4,26.6,169.3,77.0,26.9
175.4,70.0,22.8,174.5,72.5,23.8
175.0,86.7,28.3,174.6,87.0,28.5
171.2,97.5,33.3,170.4,97.7,33.6
188.0,75.1,21.2,186.8,70.9,20.3
171.5,68.0,23.1,170.3,66.2,22.8
175.6,71.6,23.2,174.1,70.0,23.1
168.3,54.6,19.3,167.4,57.0,20.3
177.7,67.2,21.3,175.9,70.2,22.7
171.7,66.6,22.6,170.1,67.4,23.3
180.8,73.3,22.4,179.1,74.9,23.4
175.0,75.4,24.6,173.7,72.0,23.9
172.1,79.0,26.7,171.3,76.7,26.2
186.8,101.9,29.2,185.0,93.4,27.3
169.7,62.7,21.8,168.0,60.5,21.4
171.3,98.1,33.4,170.8,98.8,33.9
168.1,54.0,19.1,166.4,57.0,20.6
181.9,63.4,19.2,180.8,59.9,18.3
177.1,58.6,18.7,175.0,58.2,19.0
169.6,80.1,27.8,168.7,78.8,27.7
172.7,75.7,25.4,172.2,78.9,26.6
173.6,65.2,21.6,172.0,69.5,23.5
175.1,79.3,25.9,173.2,72.9,24.3
182.2,74.6,22.5,180.1,78.0,24.0
173.1,83.1,27.7,172.6,78.9,26.5
168.3,71.8,25.3,167.0,71.2,25.5
176.2,62.9,20.3,175.5,68.6,22.3
171.7,70.9,24.0,171.3,72.8,24.8
173.0,61.7,20.6,171.7,61.1,20.7
177.6,83.6,26.5,175.5,77.5,25.2
173.4,91.5,30.4,171.7,94.0,31.9
177.0,83.5,26.7,174.5,87.9,28.9
180.3,82.5,25.4,178.8,80.5,25.2
164.1,42.4,15.7,162.2,50.5,19.2
173.3,75.4,25.1,173.0,82.0,27.4
177.6,84.3,26.7,176.0,87.6,28.3
181.7,88.9,26.9,180.1,80.1,24.7
170.5,59.7,20.5,169.2,58.3,20.4
178.8,70.9,22.2,177.0,73.6,23.5
168.1,73.1,25.9,166.5,74.2,26.8
171.4,69.7,23.7,169.6,71.9,25.0
176.0,78.2,25.2,174.1,67.9,22.4
174.3,62.6,20.6,173.2,65.4,21.8
172.1,64.0,21.6,170.3,69.8,24.1
178.6,76.6,24.0,176.7,76.6,24.5
176.4,59.1,19.0,174.0,61.2,20.2
173.2,71.4,23.8,172.0,67.9,22.9
178.4,106.4,33.4,177.4,111.8,35.5
174.2,100.2,33.0,172.2,88.6,29.9
174.3,72.5,23.9,173.5,68.3,22.7
183.4,88.7,26.4,181.3,87.3,26.6
173.7,59.5,19.7,172.9,57.9,19.4
176.2,101.5,32.7,174.3,99.6,32.8
179.6,72.4,22.4,177.8,67.6,21.4
169.4,78.5,27.4,167.9,80.6,28.6
179.0,74.1,23.1,177.4,69.8,22.2
172.1,67.9,22.9,170.5,72.7,25.0
182.6,63.0,18.9,181.8,68.1,20.6
178.1,64.9,20.5,176.6,63.4,20.3
174.3,79.0,26.0,173.6,77.3,25.6
185.0,79.6,23.3,182.6,86.4,25.9
177.6,71.5,22.7,175.6,71.0,23.0
185.3,116.9,34.0,182.7,84.2,25.2
174.5,55.4,18.2,173.7,58.0,19.2
177.1,102.8,32.8,174.3,93.3,30.7
174.3,61.5,20.2,172.2,57.9,19.5
177.4,60.1,19.1,175.3,57.0,18.5
171.9,62.2,21.0,170.7,64.2,22.0
182.7,64.6,19.4,180.5,62.1,19.1
170.9,62.9,21.5,169.7,66.3,23.0
179.1,79.9,24.9,178.8,88.5,27.7
175.6,65.1,21.1,174.0,59.4,19.6
178.2,80.0,25.2,177.0,79.2,25.3
188.6,93.2,26.2,186.3,86.3,24.9
172.8,68.5,22.9,170.6,64.3,22.1
175.0,70.9,23.2,174.6,71.9,23.6
163.5,56.5,21.1,161.6,54.0,20.7
172.0,56.3,19.0,170.3,53.6,18.5
160.5,49.6,19.3,159.2,48.9,19.3
181.1,75.4,23.0,179.4,76.4,23.7
180.7,89.7,27.5,179.9,81.5,25.2
181.2,73.4,22.4,178.6,77.2,24.2
168.8,81.0,28.4,167.5,78.9,28.1
182.7,82.3,24.7,181.9,83.0,25.1
169.9,58.4,20.2,169.3,60.6,21.1
169.2,57.8,20.2,167.4,61.2,21.8
171.3,64.3,21.9,171.0,58.4,20.0
175.7,59.1,19.1,174.9,60.2,19.7
174.9,60.1,19.6,173.7,60.2,20.0
166.0,78.5,28.5,165.7,76.8,28.0
168.0,55.4,19.6,166.3,55.8,20.2
165.7,70.7,25.7,164.6,73.7,27.2
162.8,58.0,21.9,162.7,59.2,22.4
179.8,63.9,19.8,177.0,56.4,18.0
182.7,69.4,20.8,181.5,71.7,21.8
171.8,58.1,19.7,170.8,56.7,19.4
181.2,68.0,20.7,180.5,66.7,20.5
173.3,58.4,19.4,171.7,58.8,19.9
176.2,81.2,26.2,174.8,79.2,25.9
181.1,86.2,26.3,179.2,88.6,27.6
165.5,54.0,19.7,163.5,51.1,19.1
180.4,74.6,22.9,178.8,84.7,26.5
171.3,73.9,25.2,169.4,71.0,24.7
172.0,75.0,25.4,169.7,79.7,27.7
167.0,58.6,21.0,166.1,60.6,22.0
176.8,64.3,20.6,175.7,66.7,21.6
174.5,55.0,18.1,173.0,58.7,19.6
186.7,67.4,19.3,185.3,67.7,19.7
182.0,73.9,22.3,181.0,71.7,21.9
175.8,81.1,26.2,175.6,79.8,25.9
165.7,58.0,21.1,164.9,61.2,22.5
176.0,71.8,23.2,175.6,66.4,21.5
165.2,72.0,26.4,164.1,63.2,23.5
172.7,71.5,24.0,171.4,65.6,22.3
172.7,78.7,26.4,172.1,81.9,27.7
170.8,60.9,20.9,169.6,52.2,18.1
182.2,87.0,26.2,181.1,89.8,27.4
163.6,51.3,19.2,161.9,52.4,20.0
180.3,66.5,20.5,179.3,66.6,20.7
185.1,83.6,24.4,183.7,78.4,23.3
180.7,82.1,25.1,179.4,90.1,28.0
170.8,77.5,26.6,169.9,81.8,28.4
177.1,76.0,24.2,175.8,72.3,23.4
171.4,74.9,25.5,170.1,78.1,27.0
174.6,62.9,20.6,173.9,69.6,23.0
178.4,72.7,22.8,177.7,69.4,22.0
169.5,69.6,24.2,168.4,67.1,23.7
175.1,65.3,21.3,174.0,64.7,21.4
172.2,88.5,29.8,171.1,90.4,30.9
179.5,69.5,21.6,178.4,73.0,22.9
188.8,57.1,16.0,185.8,61.3,17.8
170.9,64.3,22.0,169.4,55.4,19.3
165.5,49.2,18.0,163.1,47.6,17.9
186.6,71.5,20.5,185.6,68.5,19.9
166.8,61.2,22.0,167.5,65.6,23.4
175.7,71.4,23.1,174.5,70.9,23.3
173.1,74.0,24.7,172.0,66.7,22.5
168.8,62.7,22.0,167.8,62.0,22.0
168.4,62.7,22.1,167.9,56.3,20.0
176.2,66.9,21.5,174.3,63.3,20.8
171.2,77.1,26.3,169.8,79.3,27.5
169.5,80.0,27.8,168.8,83.2,29.2
170.7,72.8,25.0,169.9,67.8,23.5
169.1,74.8,26.2,168.7,68.7,24.1
173.0,76.4,25.5,172.6,77.2,25.9
174.9,96.9,31.7,172.8,92.9,31.1
174.2,49.4,16.3,172.2,53.4,18.0
169.0,61.0,21.4,168.3,61.5,21.7
171.3,65.2,22.2,169.0,62.1,21.7
165.0,73.0,26.8,164.8,76.2,28.0
177.1,84.9,27.1,175.2,85.8,27.9
174.7,54.3,17.8,172.0,53.0,17.9
175.8,73.8,23.9,173.4,71.6,23.8
178.2,97.8,30.8,176.6,94.4,30.3
186.2,81.3,23.4,183.9,81.4,24.1
172.9,66.5,22.2,171.5,64.3,21.9
175.8,76.2,24.7,175.0,72.4,23.7
179.6,98.5,30.5,178.1,91.4,28.8
179.9,76.9,23.8,178.1,82.1,25.9
167.1,72.0,25.8,166.9,69.6,25.0
178.8,78.4,24.5,177.5,77.1,24.5
174.8,99.5,32.6,173.0,98.5,32.9
176.8,84.6,27.1,176.2,79.7,25.7
175.0,79.0,25.8,174.3,80.5,26.5
178.6,70.1,22.0,177.3,70.3,22.4
174.1,95.5,31.5,173.6,82.5,27.4
185.1,120.6,35.2,182.2,116.3,35.0
167.7,64.7,23.0,166.4,62.5,22.6
171.4,85.1,29.0,171.0,94.5,32.3
169.7,59.5,20.7,168.6,58.2,20.5
174.8,74.1,24.3,173.3,72.8,24.3
169.1,69.8,24.4,168.6,76.4,26.8
179.5,64.7,20.1,178.3,65.9,20.7
188.2,89.1,25.2,185.3,79.7,23.2
179.5,72.7,22.6,178.1,75.3,23.7
176.4,81.2,26.1,175.6,78.6,25.5
165.0,57.2,21.0,164.6,61.4,22.7
188.1,70.4,19.9,186.4,70.4,20.3
169.0,52.4,18.3,167.9,52.4,18.6
173.7,54.8,18.2,171.8,57.1,19.3
188.8,96.5,27.1,185.7,100.3,29.1
176.9,64.6,20.6,175.8,64.6,20.9
177.8,74.2,23.5,176.2,65.8,21.2
177.5,72.3,22.9,175.9,75.3,24.3
177.8,78.9,25.0,176.2,70.6,22.7
183.5,90.6,26.9,181.8,94.4,28.6
171.6,65.8,22.3,169.6,60.9,21.2
172.5,65.7,22.1,170.4,58.2,20.0
167.6,48.2,17.2,164.9,48.8,17.9
176.5,58.2,18.7,174.6,55.3,18.1
172.7,61.1,20.5,171.0,58.2,19.9
172.1,63.2,21.3,170.4,63.4,21.8
166.7,60.4,21.7,164.7,53.3,19.6
175.4,64.3,20.9,174.3,65.8,21.7
167.7,64.0,22.8,165.7,76.0,27.7
168.4,89.0,31.4,167.3,86.5,30.9
173.0,51.3,17.1,169.9,51.7,17.9
167.2,68.7,24.6,166.9,67.3,24.2
171.0,94.6,32.4,169.8,94.3,32.7
187.3,93.1,26.5,186.1,88.9,25.7
173.2,59.6,19.9,172.7,57.8,19.4
175.6,60.8,19.7,174.5,57.0,18.7
174.0,61.2,20.2,172.6,63.0,21.2
178.2,62.7,19.7,177.2,62.3,19.8
183.1,81.8,24.4,180.8,75.1,23.0
184.4,72.7,21.4,182.8,73.5,22.0
165.6,93.7,34.2,165.1,93.4,34.3
171.6,54.7,18.6,170.9,58.8,20.1
173.9,75.4,24.9,172.2,77.4,26.1
172.8,54.9,18.4,172.1,59.4,20.1
173.2,61.5,20.5,171.4,57.8,19.7
168.3,57.3,20.2,167.6,55.9,19.9
160.6,53.2,20.6,160.1,48.2,18.8
176.6,86.5,27.7,174.6,85.6,28.1
179.3,61.9,19.3,177.0,62.6,20.0
180.8,81.7,25.0,178.9,85.8,26.8
179.1,58.5,18.2,178.1,60.3,19.0
185.7,117.4,34.0,182.7,111.2,33.3
175.4,70.7,23.0,174.4,70.9,23.3
169.7,53.5,18.6,169.0,56.7,19.8
166.3,61.0,22.1,164.3,61.0,22.6
166.3,56.7,20.5,164.7,56.4,20.8
168.5,72.6,25.6,167.3,75.2,26.8
172.7,69.2,23.2,171.0,71.2,24.3
179.6,67.2,20.8,178.4,58.8,18.5
171.8,49.9,16.9,169.8,55.6,19.3
167.5,65.8,23.5,166.8,61.6,22.1
173.9,73.3,24.2,173.0,74.7,25.0
175.1,75.8,24.7,173.0,74.9,25.0
178.2,70.0,22.0,176.7,64.9,20.8
167.3,70.5,25.2,167.0,69.8,25.0
178.5,68.1,21.4,176.9,65.0,20.8
178.6,74.1,23.2,177.4,70.3,22.3
165.0,53.0,19.5,163.6,49.1,18.3
163.1,48.9,18.4,161.7,45.7,17.5
171.7,57.8,19.6,170.0,56.9,19.7
173.3,57.2,19.0,171.3,51.5,17.5
176.2,88.8,28.6,174.6,93.5,30.7
175.7,58.8,19.0,173.9,58.1,19.2
172.1,60.7,20.5,170.8,57.7,19.8
166.9,79.1,28.4,165.8,72.6,26.4
173.1,93.1,31.1,172.1,89.5,30.2
178.6,85.7,26.9,177.1,81.2,25.9
175.5,53.0,17.2,174.7,56.1,18.4
176.9,61.8,19.7,175.6,68.5,22.2
174.6,62.5,20.5,173.5,60.6,20.1
182.5,84.0,25.2,180.5,82.8,25.4
177.3,67.6,21.5,174.9,65.3,21.4
181.4,80.3,24.4,179.5,84.3,26.2
180.7,91.5,28.0,179.1,85.9,26.8
179.7,72.1,22.3,179.1,70.5,22.0
179.0,76.9,24.0,177.7,75.2,23.8
174.0,72.2,23.8,172.9,67.5,22.6
172.1,69.2,23.4,171.1,73.1,25.0
168.6,61.8,21.7,166.9,59.5,21.4
179.6,84.0,26.0,178.6,91.2,28.6
174.7,67.6,22.1,173.0,57.2,19.1
176.9,61.4,19.6,175.1,61.2,20.0
165.6,69.0,25.2,165.0,73.8,27.1
169.3,67.0,23.4,168.6,73.0,25.7
169.2,59.9,20.9,167.1,57.2,20.5
182.7,90.9,27.2,181.2,89.8,27.4
169.6,61.9,21.5,169.0,62.7,22.0
170.0,45.7,15.8,168.0,51.7,18.3
171.4,74.2,25.3,170.9,74.4,25.5
175.7,67.5,21.9,174.3,67.7,22.3
178.2,58.5,18.4,176.9,58.9,18.8
170.6,54.6,18.8,169.0,52.5,18.4
172.5,52.8,17.7,170.5,53.2,18.3
175.6,54.3,17.6,174.1,55.1,18.2
169.1,84.0,29.4,167.9,81.3,28.9
171.1,54.2,18.5,169.3,54.7,19.1
169.4,93.1,32.4,168.5,89.4,31.5
175.2,63.9,20.8,173.6,73.3,24.3
182.4,103.6,31.1,180.3,104.7,32.2
183.9,58.2,17.2,182.0,58.4,17.6
175.7,59.2,19.2,173.7,60.9,20.2
174.9,58.6,19.2,173.2,58.3,19.4
175.1,73.7,24.0,173.5,70.7,23.5
173.7,76.9,25.5,172.8,76.9,25.8
180.2,86.9,26.8,179.0,89.8,28.0
177.4,69.9,22.2,176.0,65.0,21.0
174.1,73.2,24.1,172.1,66.0,22.3
175.6,70.1,22.7,174.3,70.6,23.2
169.3,78.8,27.5,169.0,76.3,26.7
171.2,57.3,19.6,168.9,56.0,19.6
177.8,54.8,17.3,176.7,63.3,20.3
170.9,61.3,21.0,169.5,62.5,21.8
180.3,105.0,32.3,178.4,103.5,32.5
181.2,63.3,19.3,179.5,64.9,20.2
173.5,63.6,21.1,173.3,69.4,23.1
168.8,61.3,21.5,168.5,61.3,21.6
181.4,60.0,18.2,178.9,58.1,18.2
174.9,73.2,23.9,174.0,67.5,22.3
177.2,73.4,23.4,176.9,77.4,24.7
182.7,69.9,20.9,180.5,69.4,21.3
170.1,53.8,18.6,168.6,52.6,18.5
167.9,85.9,30.5,166.4,85.0,30.7
177.8,80.9,25.6,176.5,76.7,24.6
175.3,51.9,16.9,174.2,58.0,19.1
176.7,56.7,18.2,174.6,60.4,19.8
180.0,73.0,22.5,179.7,74.1,23.0
166.3,86.5,31.3,166.6,80.8,29.1
173.8,89.9,29.8,172.7,84.4,28.3
173.7,58.7,19.5,171.7,58.9,20.0
175.5,71.0,23.1,174.2,64.8,21.3
181.8,63.5,19.2,180.8,64.7,19.8
179.2,102.2,31.8,177.3,100.4,31.9
171.5,74.4,25.3,170.9,79.1,27.1
183.0,77.8,23.2,180.8,78.5,24.0
183.3,89.4,26.6,181.3,91.1,27.7
181.6,74.0,22.4,179.8,70.4,21.8
176.7,70.2,22.5,175.9,67.7,21.9
177.6,62.1,19.7,176.8,61.2,19.6
171.7,75.8,25.7,171.6,71.3,24.2
178.2,60.4,19.0,177.4,58.9,18.7
173.4,67.7,22.5,172.6,64.6,21.7
175.5,78.6,25.5,173.7,81.9,27.1
183.2,78.5,23.4,182.5,77.7,23.3
160.1,59.0,23.0,161.1,58.3,22.5
178.6,73.9,23.2,177.2,72.3,23.0
175.9,74.1,23.9,174.8,78.4,25.6
184.4,78.3,23.0,182.5,78.5,23.6
174.4,67.6,22.2,173.8,61.1,20.2
167.7,87.4,31.1,167.4,88.9,31.7
170.5,92.8,31.9,169.2,87.3,30.5
181.3,82.4,25.1,179.7,85.2,26.4
171.0,56.9,19.5,169.7,59.3,20.6
179.1,62.3,19.4,178.3,63.4,19.9
165.3,69.9,25.6,164.1,69.8,25.9
168.6,79.8,28.1,168.5,76.1,26.8
170.7,60.3,20.7,168.3,56.4,19.9
178.5,69.5,21.8,177.4,63.8,20.3
169.3,52.4,18.3,167.2,53.8,19.2
169.8,80.1,27.8,169.1,72.4,25.3
174.9,69.5,22.7,173.3,67.6,22.5
160.5,60.2,23.4,160.4,62.8,24.4
173.8,61.4,20.3,173.0,56.5,18.9
163.4,50.2,18.8,162.8,52.6,19.8
177.6,68.3,21.7,175.6,65.7,21.3
172.1,62.8,21.2,171.6,64.3,21.8
178.6,76.3,23.9,177.3,73.5,23.4
176.4,103.3,33.2,173.9,99.9,33.0
175.9,83.9,27.1,173.1,96.0,32.0
171.5,92.2,31.3,171.3,90.2,30.7
184.9,91.8,26.9,182.6,96.4,28.9
172.8,64.3,21.5,170.4,61.1,21.1
167.0,53.6,19.2,166.2,55.4,20.1
164.8,65.7,24.2,164.1,69.7,25.9
177.4,60.4,19.2,176.1,61.9,20.0
167.3,51.4,18.4,165.9,51.9,18.9
175.4,48.5,15.8,173.6,57.6,19.1
172.8,79.5,26.6,172.1,83.4,28.1
163.5,44.3,16.6,161.5,49.0,18.8
177.8,73.1,23.1,176.6,74.0,23.7
182.8,95.3,28.5,180.8,93.1,28.5
175.8,53.0,17.1,174.6,57.4,18.8
168.8,66.6,23.4,167.4,68.5,24.4
180.3,76.5,23.5,177.7,67.6,21.4
189.1,104.2,29.1,187.3,104.3,29.7
176.3,70.3,22.6,174.1,64.4,21.3
165.8,91.1,33.1,165.8,84.9,30.9
177.1,69.4,22.1,175.6,69.2,22.4
177.0,59.5,19.0,175.8,59.0,19.1
186.3,78.6,22.6,183.9,74.1,21.9
174.2,80.9,26.7,173.2,85.9,28.6
178.8,73.6,23.0,177.0,73.9,23.6
178.1,91.9,29.0,175.9,87.0,28.1
178.8,77.8,24.3,177.4,74.3,23.6
178.8,68.2,21.3,178.2,67.5,21.3
170.7,57.5,19.7,169.7,55.4,19.2
176.5,91.2,29.3,174.2,79.6,26.2
174.1,73.4,24.2,172.4,68.9,23.2
175.1,60.6,19.8,173.4,65.3,21.7
176.7,59.4,19.0,175.6,62.0,20.1
167.9,67.7,24.0,167.7,68.8,24.5
167.9,57.8,20.5,165.9,56.1,20.4
179.8,88.8,27.5,177.5,93.0,29.5
172.7,72.3,24.2,170.9,62.5,21.4
174.0,64.1,21.2,171.9,61.2,20.7
174.2,71.1,23.4,172.8,67.0,22.4
169.0,65.1,22.8,167.7,67.5,24.0
179.2,83.6,26.0,176.7,85.6,27.4
180.7,84.5,25.9,179.7,77.9,24.1
176.2,117.6,37.9,174.5,106.9,35.1
172.7,53.3,17.9,169.9,54.0,18.7
178.7,70.5,22.1,177.3,66.8,21.2
174.1,71.3,23.5,172.9,71.2,23.8
170.7,84.2,28.9,170.1,81.2,28.1
177.2,74.5,23.7,176.3,70.9,22.8
174.2,110.9,36.5,174.2,113.0,37.2
177.8,70.2,22.2,175.6,70.7,22.9
178.8,64.8,20.3,177.6,62.9,19.9
179.0,72.4,22.6,177.9,70.3,22.2
175.3,85.6,27.9,174.5,77.2,25.4
176.1,60.0,19.3,174.8,57.5,18.8
176.1,66.5,21.4,175.5,72.1,23.4
176.3,71.9,23.1,174.4,74.0,24.3
183.2,75.9,22.6,182.2,73.0,22.0
172.3,66.1,22.3,171.5,65.8,22.4
168.3,67.9,24.0,168.3,71.8,25.3
171.5,74.2,25.2,169.7,78.1,27.1
179.0,62.8,19.6,176.6,65.1,20.9
169.6,68.5,23.8,169.1,64.6,22.6
184.4,76.5,22.5,183.3,73.8,22.0
169.4,73.2,25.5,169.1,67.9,23.7
170.9,55.5,19.0,170.1,57.9,20.0
166.7,60.7,21.8,165.8,56.6,20.6
179.2,87.2,27.2,177.7,87.3,27.6
185.5,82.1,23.9,184.7,80.9,23.7
176.1,72.8,23.5,173.9,67.1,22.2
167.9,91.4,32.4,167.1,86.1,30.9
165.8,51.7,18.8,165.1,53.5,19.6
169.4,64.5,22.5,167.1,63.6,22.8
167.7,76.5,27.2,167.5,72.7,25.9
174.0,66.1,21.8,172.3,64.8,21.8
170.4,54.9,18.9,167.7,51.6,18.4
171.7,57.1,19.4,170.6,56.7,19.5
181.9,59.2,17.9,180.4,62.4,19.2
178.0,62.4,19.7,176.8,64.6,20.7
171.3,88.3,30.1,170.5,91.6,31.5
176.0,92.4,29.8,173.9,99.1,32.8
173.9,83.7,27.7,173.4,77.6,25.8
179.0,68.2,21.3,177.7,66.4,21.0
187.5,92.1,26.2,184.2,100.0,29.5
175.7,66.1,21.4,174.4,65.8,21.6
180.5,69.3,21.3,178.4,63.3,19.9
175.4,48.5,15.8,173.6,57.6,19.1
170.5,60.6,20.8,168.3,65.1,23.0
174.2,83.3,27.5,173.1,78.1,26.1
177.9,78.5,24.8,176.5,70.8,22.7
178.9,70.9,22.2,176.9,65.2,20.8
176.6,74.0,23.7,174.8,76.7,25.1
170.0,71.4,24.7,169.6,62.9,21.9
174.0,79.5,26.3,172.0,78.7,26.6
173.6,69.6,23.1,172.6,74.2,24.9
173.5,79.6,26.4,172.5,87.7,29.5
171.1,85.2,29.1,170.8,84.4,28.9
179.4,84.0,26.1,178.4,88.2,27.7
176.9,85.2,27.2,175.6,82.2,26.7
175.8,66.4,21.5,174.8,66.4,21.7
169.2,51.0,17.8,168.1,52.8,18.7
168.8,58.1,20.4,167.6,56.4,20.1
174.2,64.5,21.3,171.9,59.3,20.1
178.2,70.9,22.3,176.9,69.7,22.3
175.4,72.6,23.6,173.3,72.1,24.0
180.2,64.5,19.9,178.8,72.3,22.6
173.5,69.0,22.9,173.0,67.0,22.4
178.1,74.5,23.5,176.7,74.2,23.8
178.5,69.7,21.9,177.5,69.7,22.1
178.3,103.9,32.7,176.0,102.9,33.2
175.7,69.6,22.5,175.0,72.3,23.6
182.8,109.8,32.9,181.7,108.4,32.8
176.6,53.4,17.1,174.5,52.8,17.3
170.5,53.2,18.3,169.0,56.3,19.7
163.8,49.1,18.3,162.9,51.2,19.3
172.1,62.9,21.2,169.7,59.1,20.5
169.2,76.5,26.7,168.3,80.0,28.3
172.3,64.2,21.6,170.4,62.3,21.5
175.6,73.9,24.0,173.2,72.2,24.1
176.4,62.9,20.2,174.3,65.4,21.6
173.1,96.4,32.2,172.4,99.1,33.3
180.8,90.8,27.8,179.3,86.9,27.0
181.8,99.9,30.2,179.6,94.0,29.1
180.4,72.6,22.3,179.4,73.0,22.7
175.6,52.3,17.0,172.3,50.1,16.9
179.0,82.9,25.9,178.4,86.4,27.2
165.2,66.8,24.5,164.0,77.1,28.7
169.8,60.5,21.0,168.3,58.2,20.5
182.4,91.4,27.5,181.2,83.6,25.5
184.1,68.9,20.3,181.0,63.0,19.2
174.8,95.2,31.2,174.0,89.1,29.4
177.8,76.6,24.2,175.7,79.8,25.9
172.4,74.3,25.0,170.5,71.9,24.8
177.1,63.6,20.3,175.2,63.1,20.6
164.7,65.9,24.3,164.4,70.8,26.2
171.0,53.5,18.3,168.8,49.9,17.5
174.5,86.1,28.3,173.5,85.9,28.5
177.5,95.0,30.2,176.7,97.5,31.2
174.6,76.9,25.2,173.4,81.0,27.0
170.2,58.6,20.2,168.7,57.1,20.1
169.2,69.0,24.1,168.8,75.1,26.4
175.8,88.6,28.7,174.8,87.6,28.7
182.7,92.4,27.7,181.6,93.4,28.3
169.8,65.5,22.7,167.8,61.0,21.7
180.1,96.0,29.6,179.0,90.4,28.2
180.4,72.9,22.4,178.3,78.4,24.7
185.2,91.7,26.7,183.9,92.7,27.4
177.9,82.7,26.1,176.5,81.5,26.2
176.5,74.6,23.9,175.3,77.9,25.4
188.3,75.7,21.3,185.2,74.5,21.7
179.6,63.8,19.8,178.9,64.6,20.2
170.1,58.6,20.3,168.9,61.7,21.6
169.5,71.3,24.8,167.9,68.9,24.4
171.3,58.3,19.9,169.4,56.9,19.8
168.4,60.5,21.3,166.9,61.5,22.1
173.9,53.0,17.5,173.3,58.5,19.5
166.4,55.3,20.0,165.2,57.4,21.0
169.1,62.6,21.9,168.6,63.6,22.4
179.0,92.8,29.0,177.9,81.6,25.8
172.0,77.3,26.1,170.6,75.7,26.0
180.2,78.3,24.1,180.0,72.5,22.4
179.0,63.5,19.8,177.3,62.9,20.0
174.8,85.8,28.1,172.7,91.7,30.7
179.9,70.7,21.8,177.9,70.6,22.3
166.7,68.2,24.5,167.2,71.2,25.5
173.5,59.6,19.8,171.3,54.7,18.6
189.8,93.5,26.0,187.4,93.1,26.5
172.7,84.9,28.5,172.2,90.5,30.5
181.2,73.8,22.5,179.7,76.1,23.6
176.2,69.8,22.5,175.8,76.1,24.6
177.4,95.3,30.3,175.1,92.1,30.0
175.3,66.1,21.5,173.4,70.1,23.3
179.4,106.4,33.1,177.6,99.3,31.5
181.3,83.4,25.4,179.6,80.5,24.9
162.4,58.6,22.2,160.4,55.6,21.6
171.7,66.5,22.6,170.5,67.1,23.1
174.9,71.6,23.4,174.1,64.8,21.4
167.5,72.3,25.8,165.9,73.9,26.8
177.9,64.8,20.5,176.4,64.6,20.8
166.7,51.2,18.4,164.8,53.0,19.5
191.2,90.7,24.8,188.7,91.1,25.6
168.9,56.0,19.6,167.3,56.8,20.3
170.4,68.4,23.6,169.1,74.7,26.1
171.3,68.8,23.4,170.0,64.0,22.1
178.9,69.3,21.7,176.7,74.8,24.0
173.1,63.5,21.2,171.1,60.7,20.7
168.2,70.3,24.8,166.9,85.6,30.8
181.0,72.4,22.1,178.9,73.1,22.8
174.0,60.8,20.1,171.3,53.4,18.2
173.2,66.5,22.2,172.3,71.3,24.0
168.7,52.5,18.4,167.1,60.6,21.7
174.6,66.7,21.9,174.1,71.4,23.5
167.4,52.4,18.7,165.5,60.6,22.1
164.8,69.7,25.7,163.6,78.4,29.3
175.1,93.4,30.5,174.3,97.1,32.0
180.5,69.4,21.3,177.9,63.3,20.0
164.7,61.1,22.5,163.8,60.1,22.4
174.7,81.8,26.8,173.1,84.9,28.3
176.6,82.5,26.5,174.3,82.5,27.2
170.2,60.5,20.9,169.0,59.3,20.8
166.3,54.5,19.7,165.1,51.8,19.0
187.3,83.7,23.9,184.7,83.7,24.5
175.8,68.7,22.2,173.9,61.4,20.3
172.7,61.0,20.5,171.6,64.0,21.7
183.2,75.0,22.3,181.4,74.7,22.7
174.8,70.9,23.2,173.6,61.1,20.3
180.2,78.9,24.3,178.7,81.9,25.6
180.4,98.9,30.4,178.7,100.8,31.6
178.1,118.6,37.4,176.1,110.6,35.6
175.7,67.4,21.8,173.5,63.3,21.0
171.5,81.0,27.5,169.6,79.3,27.6
167.1,52.2,18.7,165.8,54.9,20.0
166.8,69.5,25.0,166.9,66.3,23.8
169.8,96.6,33.5,167.8,95.6,33.9
178.9,88.2,27.6,177.0,90.3,28.8
162.7,58.0,21.9,161.9,65.4,25.0
171.6,73.3,24.9,170.2,75.5,26.1
168.3,72.0,25.4,167.3,63.2,22.6
179.7,66.5,20.6,178.7,67.0,21.0
175.6,75.1,24.4,174.3,72.4,23.8
174.5,87.2,28.6,172.5,85.9,28.9
177.9,71.6,22.6,176.8,66.4,21.2
166.8,49.6,17.8,165.9,52.8,19.2
168.7,58.1,20.4,166.6,53.8,19.4
174.9,66.7,21.8,174.5,63.5,20.8
178.3,70.4,22.1,176.0,77.6,25.1
168.5,53.3,18.8,166.4,51.5,18.6
174.3,63.0,20.7,172.8,63.7,21.3
175.7,65.6,21.3,174.8,64.9,21.2
183.8,71.2,21.1,183.3,70.6,21.0
167.2,57.6,20.6,165.4,57.3,20.9
165.0,50.7,18.6,163.6,50.9,19.0
168.7,72.2,25.4,166.6,73.9,26.6
177.2,79.0,25.2,175.1,67.8,22.1
171.8,62.4,21.1,170.6,61.5,21.1
168.0,65.4,23.2,167.2,57.2,20.4
171.2,71.3,24.3,169.5,73.9,25.7
181.8,68.8,20.8,180.3,67.6,20.8
174.8,55.1,18.0,172.7,58.5,19.6
170.9,58.8,20.1,169.2,62.8,21.9
169.6,63.5,22.1,168.6,58.7,20.6
166.0,48.0,17.4,164.3,51.4,19.0
174.3,67.6,22.3,172.3,67.4,22.7
176.1,70.3,22.7,174.9,69.6,22.8
168.7,61.3,21.5,166.9,54.5,19.6
172.7,57.8,19.4,170.5,59.2,20.3
175.1,77.9,25.4,173.3,79.8,26.6
176.4,63.3,20.3,175.5,64.7,21.0
180.3,59.7,18.4,179.5,61.7,19.2
173.1,79.8,26.6,172.7,83.3,27.9
180.9,67.4,20.6,180.1,70.8,21.8
177.2,56.3,17.9,175.6,55.4,18.0
167.7,76.2,27.1,167.1,70.2,25.1
175.2,68.3,22.3,173.2,63.8,21.2
176.3,77.9,25.1,174.4,80.6,26.5
161.8,51.2,19.6,160.4,58.2,22.6
176.7,94.1,30.1,174.8,91.9,30.1
177.2,91.2,29.0,175.8,87.1,28.2
167.6,90.0,32.0,166.4,92.3,33.3
166.2,53.8,19.5,165.6,53.9,19.6
175.8,78.3,25.3,174.5,77.3,25.4
166.7,53.3,19.2,165.5,56.4,20.6
169.7,56.0,19.4,168.6,55.6,19.6
177.8,118.2,37.4,175.6,108.1,35.1
168.2,78.0,27.6,166.8,84.8,30.5
171.1,62.5,21.3,168.9,57.3,20.1
164.8,60.3,22.2,163.7,58.1,21.7
167.8,62.4,22.2,166.8,63.0,22.7
173.6,89.9,29.8,171.7,96.9,32.9
167.9,79.2,28.1,166.7,80.0,28.8
176.4,58.1,18.7,174.3,59.3,19.5
184.8,78.9,23.1,183.3,76.6,22.8
172.8,66.5,22.3,171.4,64.3,21.9
181.4,61.9,18.8,179.1,66.6,20.8
179.5,72.0,22.3,178.5,75.6,23.7
164.8,54.8,20.2,163.6,53.7,20.1
168.2,76.5,27.0,166.8,74.1,26.6
177.6,66.9,21.2,176.6,64.1,20.5
171.7,63.5,21.5,169.8,59.8,20.7
177.4,66.4,21.1,176.9,65.2,20.9
173.7,68.2,22.6,172.4,64.1,21.6
173.1,67.3,22.5,171.0,63.6,21.8
175.3,88.4,28.8,174.8,86.4,28.3
170.1,75.2,26.0,168.6,72.8,25.6
175.7,78.8,25.5,174.0,73.9,24.4
181.7,87.7,26.6,180.4,82.1,25.2
168.6,64.5,22.7,167.9,64.8,23.0
175.5,73.9,24.0,174.0,78.3,25.9
170.0,70.6,24.4,169.6,71.6,24.9
173.1,62.2,20.8,172.1,64.7,21.9
164.7,53.1,19.6,163.9,54.5,20.3
173.5,53.4,17.7,171.5,52.6,17.9
183.3,81.3,24.2,182.0,80.3,24.2
171.5,83.9,28.5,170.2,74.1,25.6
176.0,90.5,29.2,174.8,90.1,29.5
177.7,72.3,22.9,176.7,66.5,21.3
172.2,59.2,20.0,171.3,60.6,20.7
164.7,67.4,24.8,164.1,54.6,20.3
172.7,62.1,20.8,172.2,58.2,19.6
170.8,69.1,23.7,169.9,64.4,22.3
180.1,51.9,16.0,179.1,57.2,17.9
186.8,81.8,23.4,184.0,88.0,26.0
170.5,65.4,22.5,169.6,65.9,22.9
166.4,62.5,22.6,165.1,61.4,22.5
181.3,77.6,23.6,180.3,73.8,22.7
174.8,52.5,17.2,172.1,55.8,18.8
185.9,72.2,20.9,183.7,70.5,20.9
181.6,70.1,21.3,179.6,65.1,20.2
175.9,77.1,24.9,174.1,76.9,25.4
170.9,57.2,19.6,169.7,60.3,21.0
186.7,82.7,23.7,184.9,86.9,25.4
174.1,64.7,21.3,172.2,63.7,21.5
180.3,74.7,23.0,179.6,72.3,22.4
172.0,77.1,26.1,170.1,77.3,26.7
175.2,74.0,24.1,174.4,67.2,22.1
177.1,75.0,23.9,175.6,80.1,26.0
175.4,70.6,22.9,174.3,68.4,22.5
174.3,61.4,20.2,172.3,62.2,21.0
172.5,104.2,35.0,171.2,101.9,34.8
173.2,75.8,25.3,172.4,71.9,24.2
181.1,124.5,38.0,178.9,116.8,36.5
168.1,53.2,18.8,167.3,52.9,18.9
172.4,64.6,21.7,171.3,57.9,19.7
177.1,69.0,22.0,176.1,64.2,20.7
176.2,63.3,20.4,174.6,70.3,23.1
168.8,48.7,17.1,168.1,53.3,18.9
179.1,81.9,25.5,177.0,79.4,25.3
173.5,54.4,18.1,172.9,57.5,19.2
180.8,72.0,22.0,179.6,75.0,23.2
168.2,63.6,22.5,167.8,69.0,24.5
182.5,68.7,20.6,180.3,64.0,19.7
184.7,82.1,24.1,182.6,83.4,25.0
183.3,85.2,25.4,182.0,82.9,25.0
173.3,53.7,17.9,170.9,56.7,19.4
176.9,79.6,25.4,176.2,83.8,27.0
181.6,73.6,22.3,181.0,68.4,20.9
174.7,68.6,22.5,173.8,61.8,20.4
177.1,75.5,24.1,176.0,72.3,23.3
171.6,70.0,23.8,171.2,67.3,23.0
171.8,83.1,28.2,169.7,79.3,27.5
185.6,76.7,22.3,185.4,75.7,22.0
180.9,60.0,18.3,179.0,64.9,20.3
167.4,78.6,28.0,166.8,80.7,29.0
175.0,65.6,21.4,174.4,66.7,21.9
170.5,68.6,23.6,170.4,70.3,24.2
174.4,81.0,26.6,173.3,78.3,26.1
176.3,90.2,29.0,174.8,96.3,31.5
172.2,71.8,24.2,171.0,71.4,24.4
180.6,60.5,18.5,178.2,59.7,18.8
174.7,61.9,20.3,172.9,57.5,19.2
175.5,59.6,19.4,173.7,59.5,19.7
182.8,77.6,23.2,181.3,76.1,23.2
169.9,55.7,19.3,169.0,56.2,19.7
171.6,103.8,35.3,169.1,101.7,35.6
171.2,84.2,28.7,170.1,88.8,30.7
176.9,83.4,26.7,175.7,83.8,27.2
168.8,46.6,16.4,166.6,48.8,17.6
182.2,91.8,27.7,180.5,83.9,25.7
181.7,97.7,29.6,180.6,94.7,29.0
179.5,92.1,28.6,178.2,88.0,27.7
170.5,79.9,27.5,169.4,72.7,25.3
173.1,89.1,29.7,171.2,91.4,31.2
170.2,57.4,19.8,167.9,57.0,20.2
170.6,69.9,24.0,168.3,55.7,19.7
176.7,114.6,36.7,176.1,115.2,37.1
172.4,54.9,18.5,171.0,57.3,19.6
176.3,61.3,19.7,174.5,62.6,20.6
178.5,81.0,25.4,176.9,77.5,24.8
170.3,55.3,19.1,168.6,60.6,21.3
179.8,78.7,24.3,178.2,75.9,23.9
189.5,65.0,18.1,188.4,68.3,19.3
167.1,90.2,32.3,165.9,92.8,33.7
172.6,94.0,31.6,171.9,94.0,31.8
169.8,57.5,19.9,168.5,57.8,20.4
182.9,81.5,24.4,181.0,76.0,23.2
176.6,56.1,18.0,175.6,55.6,18.1
166.6,58.4,21.0,165.8,63.3,23.1
174.7,92.8,30.4,172.7,90.8,30.5
173.8,73.1,24.2,172.8,73.8,24.7
172.3,85.1,28.7,170.3,80.0,27.6
170.4,61.9,21.3,169.8,62.5,21.7
180.2,86.3,26.6,178.4,82.4,25.9
165.8,80.2,29.2,166.1,78.0,28.2
172.8,60.7,20.3,170.6,62.9,21.6
183.7,54.8,16.2,181.8,57.0,17.2
171.3,70.8,24.1,169.5,72.4,25.2
175.5,96.8,31.4,173.5,103.1,34.3
171.9,100.8,34.1,170.5,93.5,32.2
172.3,81.4,27.4,170.6,80.9,27.8
174.2,58.5,19.3,172.3,58.7,19.8
167.6,52.5,18.7,165.2,48.8,17.9
186.1,76.1,22.0,184.0,73.4,21.7
171.0,65.2,22.3,169.8,64.9,22.5
164.9,62.4,22.9,163.4,60.5,22.7
169.0,56.7,19.9,167.8,55.4,19.7
172.3,83.8,28.2,171.2,88.5,30.2
179.7,67.3,20.8,178.2,65.9,20.7
175.3,66.1,21.5,174.2,60.2,19.8
178.1,65.1,20.5,176.5,72.8,23.4
171.2,63.0,21.5,169.1,58.9,20.6
173.3,73.1,24.3,172.5,70.6,23.7
175.6,76.9,24.9,175.1,76.0,24.8
170.4,73.0,25.1,169.5,68.5,23.8
172.2,67.0,22.6,171.2,67.8,23.1
171.5,60.0,20.4,170.2,61.6,21.3
174.8,84.7,27.7,174.1,81.5,26.9
168.6,53.7,18.9,166.5,52.7,19.0
174.7,52.4,17.2,172.5,59.2,19.9
181.9,77.8,23.5,180.3,73.9,22.7
178.4,58.5,18.4,176.7,71.2,22.8
184.6,67.8,19.9,182.7,67.6,20.2
172.1,89.4,30.2,171.6,95.0,32.3
180.3,66.8,20.5,178.9,69.6,21.7
171.6,63.0,21.4,169.8,60.1,20.8
177.5,63.7,20.2,175.7,59.1,19.1
166.1,68.0,24.6,164.3,66.6,24.7
182.1,65.5,19.8,181.1,66.8,20.4
179.2,59.9,18.7,176.9,58.8,18.8
171.8,73.2,24.8,170.3,63.6,21.9
174.0,71.9,23.7,172.8,73.8,24.7
178.2,91.3,28.8,176.7,85.3,27.3
179.3,61.8,19.2,177.6,57.6,18.3
176.3,59.3,19.1,175.1,58.5,19.1
183.3,62.5,18.6,181.6,64.2,19.5
167.9,62.7,22.2,166.3,60.9,22.0
177.6,115.4,36.6,176.4,111.0,35.7
176.5,93.1,29.9,174.9,94.1,30.8
174.7,64.3,21.1,172.9,67.5,22.6
186.9,67.1,19.2,185.9,69.4,20.1
172.6,52.4,17.6,169.9,49.9,17.3
174.4,71.6,23.5,172.5,75.8,25.5
180.5,69.8,21.4,178.8,69.3,21.7
181.0,73.9,22.6,178.8,71.5,22.4
182.2,78.4,23.6,179.6,79.1,24.5
178.4,84.6,26.6,177.7,84.2,26.7
179.7,74.2,23.0,178.2,71.6,22.6
183.0,73.3,21.9,180.4,61.9,19.0
168.2,73.6,26.0,167.9,76.3,27.1
163.6,81.4,30.4,163.4,86.0,32.2
183.3,68.1,20.3,182.1,62.0,18.7
173.8,68.4,22.6,172.8,66.9,22.4
182.6,98.1,29.4,180.4,95.5,29.3
169.4,53.7,18.7,167.9,56.1,19.9
177.0,60.4,19.3,175.1,59.7,19.5
168.9,65.7,23.0,168.7,65.4,23.0
179.4,78.9,24.5,177.4,79.3,25.2
181.3,69.0,21.0,179.8,74.8,23.2
172.2,72.1,24.3,171.1,76.0,26.0
179.7,70.7,21.9,177.6,71.4,22.6
171.3,58.0,19.8,169.5,58.3,20.3
187.6,94.8,26.9,184.4,95.8,28.2
176.1,61.8,19.9,175.2,59.8,19.5
180.9,65.7,20.1,178.7,64.8,20.3
173.8,74.9,24.8,173.0,75.4,25.2
175.6,80.7,26.2,173.5,77.9,25.9
166.9,51.6,18.5,165.7,51.2,18.6
166.5,79.7,28.7,166.1,83.8,30.4
167.8,70.5,25.0,167.3,68.5,24.5
167.5,89.4,31.9,166.6,94.4,34.0
170.7,55.4,19.0,169.3,66.5,23.2
174.0,61.6,20.3,172.0,61.8,20.9
170.7,63.7,21.9,169.4,62.7,21.9
179.5,73.8,22.9,177.6,72.9,23.1
177.7,64.8,20.5,176.7,63.6,20.4
173.9,59.0,19.5,173.1,60.5,20.2
170.6,79.0,27.1,170.1,79.0,27.3
174.1,81.6,26.9,173.3,81.4,27.1
171.7,90.7,30.8,171.3,96.9,33.0
167.2,81.7,29.2,166.4,82.7,29.9
170.5,77.4,26.6,169.3,82.2,28.7
168.0,75.8,26.9,167.5,76.7,27.3
167.0,55.2,19.8,164.5,50.5,18.7
174.8,88.3,28.9,173.0,92.4,30.9
168.2,62.6,22.1,167.8,62.2,22.1
176.7,79.4,25.4,174.7,75.4,24.7
168.8,61.1,21.4,168.5,63.9,22.5
173.8,76.8,25.4,173.5,77.1,25.6
169.8,60.0,20.8,168.9,65.7,23.0
184.0,77.7,23.0,182.9,81.4,24.3
170.6,75.0,25.8,169.1,74.2,25.9
176.3,76.8,24.7,174.8,72.8,23.8
180.9,92.8,28.4,179.9,92.3,28.5
171.1,81.4,27.8,170.1,76.1,26.3
176.4,104.0,33.4,174.6,104.3,34.2
178.7,92.1,28.8,176.7,95.0,30.4
177.1,69.2,22.1,176.1,77.1,24.9
178.0,73.5,23.2,175.9,69.6,22.5
179.0,62.4,19.5,178.4,65.9,20.7
176.3,74.2,23.9,174.0,76.3,25.2
180.6,100.3,30.8,178.9,98.6,30.8
183.5,75.9,22.5,182.6,76.6,23.0
175.2,57.3,18.7,173.2,57.5,19.2
173.4,78.5,26.1,172.3,75.4,25.4
171.6,59.7,20.3,170.7,64.7,22.2
172.9,50.9,17.0,171.9,60.7,20.5
175.6,78.3,25.4,175.1,73.2,23.9
175.1,66.8,21.8,174.2,61.2,20.2
170.3,59.3,20.4,168.5,56.9,20.0
166.6,48.2,17.4,166.0,54.7,19.8
177.5,72.3,22.9,176.9,70.6,22.6
178.8,98.3,30.7,177.3,105.2,33.5
164.2,55.7,20.7,162.2,53.8,20.4
177.4,75.1,23.9,176.2,77.9,25.1
179.2,73.9,23.0,177.1,77.1,24.6
180.9,69.6,21.3,179.9,67.3,20.8
176.4,90.4,29.1,174.1,92.0,30.4
174.7,65.5,21.5,173.8,64.4,21.3
172.7,65.2,21.9,171.9,61.8,20.9
174.3,82.0,27.0,172.4,89.9,30.2
178.0,100.2,31.6,177.4,102.2,32.5
170.1,71.8,24.8,169.6,72.3,25.1
171.6,60.8,20.6,170.0,63.4,21.9
179.2,65.2,20.3,177.3,63.1,20.1
180.2,72.6,22.4,178.0,65.8,20.8
170.1,62.3,21.5,168.9,65.4,22.9
173.8,82.1,27.2,173.3,80.8,26.9
170.2,64.5,22.3,168.3,61.7,21.8
180.7,65.8,20.2,178.0,77.2,24.4
183.4,64.9,19.3,181.4,71.1,21.6
182.8,82.9,24.8,180.3,88.3,27.2
177.6,79.7,25.3,177.0,71.4,22.8
170.9,85.9,29.4,170.2,86.2,29.8
179.3,72.5,22.6,177.6,72.1,22.9
173.5,78.4,26.0,172.9,77.0,25.7
172.3,86.4,29.1,171.4,88.0,30.0
174.6,95.2,31.2,173.0,102.7,34.3
174.1,65.2,21.5,172.3,60.0,20.2
164.7,63.4,23.4,163.2,61.2,23.0
177.0,75.7,24.2,176.2,69.7,22.4
173.1,54.0,18.0,171.0,51.6,17.6
176.8,65.0,20.8,175.6,72.8,23.6
174.3,59.0,19.4,173.0,60.8,20.3
171.9,92.8,31.4,171.0,91.9,31.4
182.1,80.0,24.1,180.5,80.9,24.8
174.7,68.8,22.5,173.5,68.2,22.7
171.0,64.6,22.1,169.2,64.8,22.7
178.9,70.2,21.9,178.1,71.7,22.6
186.9,113.4,32.5,183.3,105.0,31.3
170.8,63.1,21.6,170.1,58.7,20.3
168.8,75.6,26.5,167.4,75.3,26.9
176.9,71.6,22.9,176.0,76.6,24.7
167.3,60.1,21.5,165.6,61.8,22.5
177.2,76.6,24.4,175.3,74.0,24.1
172.8,100.3,33.6,172.1,99.7,33.6
170.4,61.5,21.2,168.1,57.1,20.2
169.2,92.2,32.2,168.8,84.0,29.5
163.7,58.6,21.9,162.8,59.1,22.3
168.8,58.6,20.6,167.9,56.7,20.1
183.8,124.8,36.9,182.1,115.0,34.7
178.5,88.6,27.8,177.7,86.4,27.4
172.2,65.3,22.0,171.0,64.3,22.0
174.9,61.4,20.1,173.1,62.3,20.8
166.7,60.1,21.6,164.8,52.1,19.2
178.4,83.6,26.3,176.1,90.7,29.3
180.6,70.0,21.5,178.6,68.2,21.4
180.8,58.8,18.0,179.7,60.6,18.8
173.2,66.4,22.1,172.4,66.8,22.5
179.0,104.1,32.5,177.3,106.2,33.8
177.4,61.2,19.4,176.7,68.9,22.1
175.3,64.1,20.9,174.7,59.9,19.6
172.4,52.6,17.7,171.1,54.3,18.6
173.4,72.8,24.2,171.6,73.0,24.8
170.5,68.9,23.7,168.6,67.4,23.7
174.1,65.7,21.7,172.7,64.3,21.5
174.9,58.9,19.3,173.5,60.4,20.1
167.9,65.9,23.4,166.5,62.2,22.4
175.4,66.4,21.6,173.6,72.4,24.0
185.6,80.2,23.3,184.5,78.9,23.2
168.7,61.1,21.5,167.2,58.2,20.8
176.9,78.8,25.2,175.9,78.9,25.5
172.1,76.4,25.8,171.4,82.9,28.2
179.2,65.0,20.2,178.0,58.0,18.3
164.5,53.0,19.6,164.0,56.1,20.9
172.3,78.2,26.3,171.0,77.7,26.6
172.5,74.2,24.9,172.2,70.7,23.9
173.7,60.0,19.9,171.6,75.5,25.6
172.9,69.5,23.2,171.8,72.0,24.4
180.0,96.6,29.8,178.2,96.5,30.4
165.7,48.7,17.7,165.0,53.9,19.8
176.3,80.9,26.0,175.5,79.5,25.8
173.8,70.2,23.2,173.4,66.9,22.2
176.5,78.9,25.3,175.8,80.4,26.0
182.3,70.0,21.1,180.1,68.3,21.1
175.0,76.2,24.9,174.1,85.5,28.2
159.7,61.2,24.0,160.0,57.1,22.3
169.1,53.8,18.8,166.6,52.5,18.9
170.6,56.8,19.5,168.6,55.0,19.3
178.1,98.7,31.1,176.8,93.0,29.8
166.0,52.3,19.0,164.7,49.9,18.4
161.8,56.2,21.5,160.9,58.5,22.6
172.0,74.4,25.1,171.5,73.9,25.1
181.2,97.1,29.6,179.0,95.7,29.8
170.7,88.5,30.4,169.1,88.2,30.8
175.0,73.3,23.9,174.5,75.6,24.8
164.7,49.0,18.1,162.3,47.9,18.2
177.4,63.3,20.1,175.1,63.2,20.6
184.5,76.0,22.3,182.7,73.4,22.0
169.5,59.3,20.6,169.1,60.0,21.0
176.1,79.9,25.8,174.4,80.1,26.4
172.4,61.7,20.8,170.1,63.2,21.9
179.7,70.2,21.7,178.2,72.4,22.8
180.3,69.7,21.4,179.0,75.8,23.6
171.6,56.6,19.2,170.3,61.1,21.1
174.6,85.9,28.2,172.9,79.9,26.7
173.1,98.6,32.9,171.3,97.4,33.2
170.1,59.5,20.6,170.0,63.5,22.0
184.0,82.9,24.5,182.0,77.7,23.5
172.8,74.6,25.0,171.8,74.5,25.3
183.1,73.5,21.9,181.3,64.6,19.7
170.2,73.4,25.3,169.5,77.5,27.0
177.8,85.7,27.1,176.8,84.0,26.9
175.3,85.5,27.8,174.5,89.3,29.3
173.9,69.9,23.1,173.6,72.6,24.1
165.3,52.3,19.1,163.8,53.1,19.8
180.9,71.4,21.8,179.9,68.2,21.1
175.5,89.1,28.9,173.6,78.7,26.1
172.5,54.6,18.3,171.5,54.4,18.5
181.8,91.6,27.7,179.6,93.2,28.9
184.0,78.4,23.2,182.7,70.5,21.1
181.2,78.7,24.0,179.1,72.7,22.7
180.1,98.3,30.3,178.1,87.9,27.7
176.0,69.1,22.3,175.2,69.7,22.7
173.8,60.5,20.0,173.4,59.5,19.8
163.8,49.4,18.4,162.9,49.8,18.8
169.0,69.4,24.3,168.4,66.1,23.3
167.0,87.6,31.4,167.3,91.7,32.7
177.7,57.4,18.2,175.5,54.2,17.6
167.9,46.8,16.6,166.0,54.9,19.9
177.1,65.9,21.0,175.9,68.5,22.1
169.2,53.9,18.8,167.1,59.6,21.4
180.2,78.0,24.0,179.5,77.7,24.1
177.1,79.5,25.3,176.1,74.3,24.0
175.9,63.4,20.5,174.9,64.0,20.9
172.0,55.5,18.8,170.7,59.2,20.3
181.8,76.8,23.2,179.8,81.9,25.4
164.6,74.3,27.4,164.5,75.9,28.0
175.6,68.5,22.2,175.2,76.6,25.0
176.7,59.0,18.9,174.4,63.5,20.9
167.4,68.2,24.3,167.0,65.8,23.6
179.3,67.9,21.1,177.0,72.8,23.2
166.1,57.8,21.0,166.0,60.8,22.1
166.3,58.6,21.2,164.9,54.2,19.9
174.8,65.8,21.5,172.9,60.8,20.3
173.9,56.3,18.6,173.1,57.7,19.2
175.9,69.2,22.4,174.5,70.5,23.2
175.8,63.2,20.4,175.3,62.8,20.4
175.2,68.5,22.3,174.2,61.1,20.1
175.6,58.0,18.8,173.9,56.9,18.8
177.8,85.6,27.1,177.3,79.8,25.4
187.0,85.0,24.3,185.2,82.1,24.0
175.2,63.5,20.7,173.6,59.9,19.9
174.5,57.7,18.9,172.6,58.3,19.6
166.7,63.7,22.9,165.7,62.0,22.6
169.6,59.2,20.6,168.5,58.9,20.7
171.1,83.6,28.6,170.0,84.4,29.2
182.2,91.6,27.6,180.1,88.9,27.4
176.3,72.9,23.5,175.5,70.4,22.9
180.9,72.9,22.3,179.6,72.0,22.3
177.1,63.9,20.4,175.7,58.5,19.0
169.4,79.3,27.6,168.3,79.8,28.1
177.3,79.5,25.3,176.7,77.5,24.8
175.7,82.5,26.7,173.6,71.8,23.8
180.4,72.6,22.3,179.3,75.4,23.5
165.9,70.1,25.5,164.6,72.4,26.7
169.2,59.0,20.6,167.9,54.5,19.3
179.9,105.0,32.4,177.4,99.1,31.5
174.7,63.9,20.9,172.9,62.8,21.0
170.6,77.1,26.5,170.0,76.3,26.4
170.0,45.7,15.8,168.0,51.7,18.3
179.0,62.5,19.5,177.6,62.8,19.9
171.0,64.4,22.0,168.9,55.5,19.5
176.3,52.9,17.0,175.4,63.5,20.6
170.0,72.2,25.0,169.8,72.8,25.3
167.6,65.1,23.2,167.5,65.7,23.4
163.2,57.2,21.5,163.0,60.1,22.6
174.5,70.3,23.1,172.7,58.6,19.7
174.8,53.7,17.6,173.2,57.6,19.2
170.8,57.7,19.8,169.0,57.1,20.0
173.0,73.2,24.5,172.0,82.2,27.8
174.8,79.1,25.9,174.3,80.1,26.4
170.5,74.6,25.7,168.8,73.0,25.6
164.2,54.5,20.2,164.1,59.1,21.9
182.2,84.7,25.5,180.6,85.7,26.3
173.3,62.9,20.9,172.7,59.2,19.9
173.3,80.5,26.8,171.4,79.5,27.1
167.9,73.2,26.0,166.1,76.4,27.7
183.8,82.1,24.3,182.1,84.7,25.5
171.4,68.1,23.2,171.0,65.0,22.2
168.5,57.1,20.1,166.9,56.0,20.1
179.1,98.4,30.7,177.3,99.4,31.6
167.9,61.5,21.8,166.3,58.7,21.2
180.8,67.3,20.6,179.0,65.7,20.5
167.8,52.9,18.8,166.0,52.4,19.0
165.4,69.1,25.3,164.8,67.3,24.8
181.6,62.1,18.8,180.3,64.4,19.8
174.6,72.2,23.7,173.9,78.4,25.9
178.0,81.2,25.6,176.5,68.7,22.1
168.3,66.1,23.3,167.5,69.2,24.7
167.4,63.2,22.6,167.3,63.3,22.6
173.6,50.1,16.6,172.1,55.1,18.6
168.9,60.3,21.1,166.8,57.1,20.5
164.1,86.4,32.1,163.5,81.9,30.6
176.6,85.1,27.3,175.9,99.3,32.1
175.5,84.0,27.3,173.9,79.9,26.4
182.2,80.1,24.1,179.9,74.4,23.0
170.8,90.7,31.1,170.9,89.8,30.8
175.7,75.4,24.4,174.8,70.3,23.0
178.5,99.1,31.1,176.8,88.7,28.4
176.5,70.0,22.5,175.2,67.3,21.9
178.8,72.0,22.5,177.9,71.7,22.6
165.7,66.5,24.2,165.5,59.9,21.9
180.0,69.8,21.5,178.4,71.8,22.6
175.4,88.0,28.6,173.2,89.5,29.8
174.1,82.1,27.1,172.5,73.1,24.6
174.5,53.8,17.7,173.1,51.7,17.2
173.6,57.1,18.9,171.5,55.2,18.8
169.0,63.4,22.2,168.3,68.2,24.1
183.4,85.2,25.3,182.3,76.7,23.1
178.8,66.2,20.7,176.9,65.1,20.8
169.3,62.2,21.7,167.3,61.6,22.0
174.0,58.6,19.4,172.7,59.5,20.0
179.8,66.3,20.5,177.4,64.3,20.4
170.2,95.0,32.8,168.5,93.3,32.9
164.4,82.0,30.3,164.7,76.2,28.1
176.9,90.8,29.0,175.7,87.4,28.3
170.6,69.6,23.9,169.3,67.4,23.5
192.5,92.3,24.9,189.8,93.9,26.1
169.0,64.3,22.5,168.2,71.8,25.4
173.2,80.6,26.9,171.9,81.2,27.5
181.8,90.0,27.2,180.5,90.4,27.7
174.0,71.7,23.7,173.2,65.4,21.8
176.1,66.6,21.5,175.5,64.9,21.1
177.1,58.2,18.6,176.1,59.7,19.3
167.9,86.1,30.5,167.0,95.2,34.1
173.0,65.5,21.9,170.9,64.1,22.0
185.0,73.3,21.4,183.7,69.5,20.6
173.7,54.3,18.0,171.2,52.8,18.0
177.0,63.6,20.3,176.0,61.9,20.0
169.5,82.1,28.6,168.5,71.9,25.3
169.6,62.0,21.6,167.9,57.4,20.4
168.1,80.2,28.4,166.7,75.1,27.0
185.8,67.7,19.6,183.4,69.8,20.7
175.3,68.9,22.4,174.3,70.1,23.1
175.3,64.2,20.9,173.9,62.8,20.7
173.7,92.8,30.8,172.5,97.6,32.8
177.0,75.9,24.2,175.1,71.6,23.4
177.9,96.0,30.3,176.6,94.4,30.3
183.3,74.7,22.2,181.1,74.6,22.8
177.5,74.0,23.5,175.4,67.9,22.1
180.6,63.6,19.5,179.7,60.5,18.7
177.5,61.0,19.4,176.2,58.1,18.7
173.1,93.4,31.2,171.2,101.2,34.5
166.4,53.0,19.1,164.3,53.2,19.7
173.1,89.2,29.8,170.9,81.7,27.9
175.4,52.5,17.1,173.2,53.1,17.7
183.9,71.3,21.1,182.3,60.7,18.3
170.0,54.5,18.9,168.2,55.1,19.5
160.7,46.9,18.2,159.3,47.4,18.7
173.4,66.5,22.1,172.0,61.0,20.6
168.4,71.6,25.2,167.7,65.7,23.4
176.9,81.4,26.0,174.9,76.9,25.1
176.6,59.8,19.2,174.4,59.0,19.4
187.2,78.4,22.4,185.1,74.8,21.8
176.3,63.0,20.3,175.1,61.0,19.9
173.2,87.8,29.3,171.8,89.6,30.4
178.1,73.0,23.0,176.2,68.6,22.1
170.2,78.8,27.2,169.2,77.5,27.1
180.0,66.3,20.5,178.5,67.9,21.3
175.7,89.6,29.0,174.6,86.7,28.4
174.8,104.2,34.1,173.4,102.1,33.9
169.7,69.5,24.1,168.5,64.6,22.8
178.8,92.5,28.9,177.7,91.7,29.0
167.0,67.3,24.1,165.9,73.4,26.6
170.3,90.8,31.3,170.9,88.1,30.2
176.6,66.4,21.3,176.0,76.2,24.6
173.6,73.0,24.2,173.2,77.7,25.9
169.2,61.1,21.3,166.9,57.8,20.7
186.0,115.8,33.5,183.7,101.9,30.2
174.8,64.1,21.0,172.9,67.8,22.7
178.6,86.7,27.2,176.4,82.3,26.4
179.1,73.1,22.8,177.7,63.7,20.2
173.3,67.9,22.6,173.0,72.7,24.3
173.4,78.0,25.9,173.0,85.0,28.4
164.5,60.2,22.2,162.7,62.4,23.6
176.5,71.7,23.0,175.9,72.2,23.4
175.2,64.8,21.1,174.7,62.5,20.5
183.1,74.0,22.1,182.0,71.1,21.5
171.5,59.8,20.3,169.7,61.0,21.2
169.0,67.5,23.6,168.4,65.3,23.0
181.0,65.1,19.9,180.3,69.1,21.3
173.8,71.4,23.6,173.3,73.7,24.6
181.7,88.5,26.8,180.8,90.6,27.7
176.3,74.5,24.0,175.8,75.1,24.3
182.8,76.1,22.8,181.7,71.8,21.8
173.1,57.3,19.1,171.1,60.7,20.7
175.1,77.6,25.3,173.2,82.3,27.4
179.0,79.0,24.7,178.0,79.5,25.1
169.2,58.3,20.4,168.1,56.5,20.0
171.8,53.8,18.2,169.6,53.4,18.6
168.0,54.0,19.1,166.3,51.4,18.6
174.5,70.6,23.2,173.4,71.3,23.7
179.2,72.2,22.5,177.7,66.0,20.9
176.9,61.7,19.7,175.2,57.0,18.6
168.0,58.8,20.8,166.0,60.0,21.8
181.1,76.5,23.3,179.7,71.7,22.2
164.7,61.2,22.6,163.6,58.4,21.8
169.5,62.5,21.8,168.2,63.7,22.5
179.2,58.7,18.3,177.9,57.5,18.2
174.5,80.4,26.4,171.7,73.7,25.0
178.7,68.2,21.4,176.5,65.9,21.1
180.2,90.1,27.7,178.4,87.8,27.6
168.1,83.7,29.6,167.1,79.9,28.6
172.3,77.4,26.1,171.0,72.2,24.7
175.5,73.9,24.0,173.3,66.5,22.1
181.1,88.0,26.8,179.7,93.3,28.9
163.7,59.5,22.2,161.8,48.2,18.4
170.6,70.0,24.1,169.0,64.6,22.6
166.7,68.1,24.5,164.9,66.2,24.4
177.3,65.6,20.9,176.4,65.3,21.0
173.1,83.8,28.0,171.9,76.2,25.8
169.6,72.7,25.3,168.8,74.1,26.0
168.2,61.6,21.8,167.0,60.7,21.8
170.8,81.7,28.0,169.7,81.5,28.3
164.6,70.1,25.9,163.1,68.8,25.9
176.5,93.0,29.9,174.8,92.1,30.1
171.2,81.8,27.9,170.5,81.9,28.1
184.1,110.2,32.5,182.0,105.0,31.7
176.4,75.9,24.4,175.3,79.3,25.8
179.0,59.3,18.5,177.0,59.9,19.1
177.5,81.6,25.9,176.9,81.5,26.0
176.9,64.6,20.6,175.7,63.5,20.6
174.4,66.9,22.0,172.9,63.8,21.3
183.8,94.5,28.0,183.1,78.5,23.4
181.2,71.5,21.8,179.5,73.6,22.8
173.7,64.6,21.4,171.5,63.5,21.6
182.2,91.2,27.5,180.1,89.5,27.6
175.2,76.4,24.9,173.2,80.6,26.9
183.7,90.7,26.9,181.3,84.5,25.7
178.9,68.4,21.4,177.8,70.2,22.2
172.1,62.8,21.2,170.0,63.8,22.1
189.1,124.2,34.7,185.7,119.6,34.7
176.8,65.7,21.0,175.4,57.2,18.6
179.2,111.1,34.6,178.2,106.9,33.7
185.0,85.3,24.9,182.4,90.1,27.1
173.8,55.6,18.4,171.8,56.0,19.0
173.0,56.9,19.0,171.2,58.7,20.0
170.2,66.3,22.9,169.1,68.3,23.9
168.2,52.1,18.4,167.2,53.7,19.2
176.3,106.3,34.2,174.6,102.8,33.7
178.5,82.6,25.9,177.1,77.9,24.8
172.2,86.9,29.3,170.8,79.1,27.1
183.5,98.9,29.4,182.2,93.1,28.1
182.3,76.5,23.0,180.8,68.3,20.9
174.8,78.2,25.6,173.8,79.0,26.2
168.7,58.9,20.7,167.0,57.1,20.5
173.4,85.4,28.4,172.4,83.5,28.1
172.9,82.8,27.7,172.7,76.8,25.8
174.3,64.1,21.1,172.3,64.9,21.9
169.2,65.5,22.9,168.7,63.7,22.4
177.8,119.4,37.8,176.7,115.5,37.0
177.0,90.9,29.0,174.7,93.9,30.8
179.8,79.7,24.7,177.6,74.7,23.7
178.5,102.9,32.3,176.4,107.7,34.6
178.7,58.3,18.3,176.6,58.3,18.7
186.0,84.4,24.4,183.3,77.9,23.2
181.7,80.0,24.2,179.6,78.0,24.2
186.1,94.7,27.3,183.6,94.7,28.1
175.8,67.8,21.9,174.6,74.3,24.4
181.0,71.2,21.7,179.8,65.9,20.4
177.9,100.9,31.9,175.9,97.7,31.6
184.3,71.3,21.0,182.3,76.4,23.0
166.5,90.4,32.6,167.9,104.2,36.9
165.6,59.6,21.7,164.1,65.4,24.3
177.4,78.0,24.8,175.7,80.2,26.0
167.9,58.4,20.7,167.7,62.8,22.3
177.4,70.0,22.2,175.9,64.7,20.9
169.0,104.0,36.4,167.6,98.4,35.1
175.7,63.6,20.6,174.3,59.4,19.5
171.4,76.2,25.9,170.2,73.4,25.3
178.5,65.0,20.4,177.8,71.6,22.6
173.6,90.1,29.9,172.6,87.1,29.2
165.0,62.2,22.8,163.5,59.5,22.3
173.8,96.5,31.9,173.1,101.6,33.9
180.0,55.9,17.3,178.1,54.0,17.0
181.7,83.4,25.3,179.2,84.9,26.4
171.5,65.9,22.4,168.8,58.2,20.4
172.5,70.3,23.6,171.0,70.4,24.1
170.9,54.7,18.7,169.6,56.3,19.6
174.6,83.0,27.2,173.9,82.0,27.1
171.7,80.0,27.1,171.0,81.6,27.9
176.5,82.9,26.6,175.0,74.3,24.3
168.2,74.4,26.3,168.0,73.9,26.2
182.9,103.9,31.1,180.9,105.2,32.1
175.9,72.8,23.5,174.7,69.1,22.7
176.0,87.3,28.2,175.1,88.3,28.8
161.0,65.1,25.1,159.8,64.8,25.3
173.4,114.7,38.1,171.8,101.1,34.2
169.5,64.3,22.4,169.4,64.8,22.6
177.3,87.2,27.7,175.6,85.5,27.7
185.2,112.3,32.7,182.9,108.1,32.3
168.6,61.4,21.6,166.4,54.9,19.8
182.2,57.8,17.4,179.9,65.8,20.3
173.5,72.0,23.9,172.4,71.1,23.9
185.7,75.0,21.7,183.3,81.3,24.2
176.0,63.6,20.5,174.2,60.8,20.0
170.8,80.7,27.7,169.2,76.2,26.6
173.2,58.8,19.6,171.1,59.3,20.2
169.3,59.7,20.8,167.5,54.3,19.3
178.6,95.9,30.1,176.6,99.5,31.9
172.5,52.9,17.8,171.6,56.0,19.0
171.2,54.0,18.4,169.3,54.4,19.0
169.2,74.4,26.0,168.0,71.8,25.4
171.9,61.4,20.8,169.7,70.4,24.5
188.5,76.2,21.4,185.7,73.3,21.3
179.0,71.6,22.3,178.4,79.6,25.0
177.2,83.8,26.7,174.8,77.8,25.5
190.3,85.0,23.5,187.6,78.7,22.4
177.4,88.7,28.2,174.6,99.9,32.8
181.4,80.0,24.3,179.2,78.3,24.4
176.5,70.0,22.5,175.6,76.7,24.9
175.5,72.7,23.6,174.0,69.5,23.0
180.1,62.0,19.1,178.2,62.1,19.6
172.2,87.6,29.5,171.9,88.4,29.9
166.8,62.4,22.4,167.0,61.8,22.2
172.9,109.3,36.6,172.8,109.1,36.5
176.5,81.5,26.2,176.2,87.2,28.1
167.9,97.7,34.7,167.0,92.3,33.1
181.7,123.9,37.5,179.0,104.8,32.7
181.1,77.9,23.8,178.6,74.6,23.4
169.7,68.8,23.9,168.2,68.2,24.1
189.0,85.5,23.9,186.9,83.5,23.9
178.6,54.3,17.0,177.9,54.2,17.1
172.7,57.4,19.2,170.1,57.2,19.8
169.8,82.4,28.6,169.0,79.8,27.9
174.5,76.1,25.0,172.5,64.7,21.7
172.4,59.4,20.0,171.5,60.4,20.5
168.7,55.8,19.6,168.2,58.2,20.6
180.0,70.3,21.7,177.8,73.0,23.1
174.8,67.8,22.2,173.1,64.7,21.6
173.4,61.6,20.5,170.8,63.9,21.9
174.8,64.0,20.9,172.7,60.9,20.4
169.2,80.3,28.0,169.2,76.7,26.8
179.3,68.5,21.3,178.8,71.2,22.3
174.0,52.1,17.2,172.7,53.2,17.8
182.3,111.7,33.6,180.7,117.9,36.1
184.3,66.7,19.6,183.7,68.0,20.1
171.7,79.5,27.0,170.4,82.0,28.3
168.8,58.9,20.7,167.2,62.2,22.2
165.8,52.5,19.1,164.9,58.9,21.7
182.4,83.9,25.2,180.0,85.8,26.5
166.0,54.3,19.7,165.5,55.6,20.3
171.2,67.0,22.9,169.7,66.5,23.1
184.5,108.2,31.8,181.5,99.2,30.1
182.2,78.7,23.7,180.7,74.9,22.9
179.9,93.2,28.8,177.8,85.3,27.0
178.7,82.8,25.9,177.0,83.7,26.7
179.0,68.2,21.3,177.5,66.4,21.1
168.0,68.2,24.2,168.1,69.7,24.7
172.9,66.2,22.1,171.4,62.5,21.3
170.4,92.7,31.9,168.6,88.9,31.3
182.8,72.1,21.6,180.5,67.8,20.8
189.1,75.4,21.1,186.7,74.3,21.3
168.1,64.2,22.7,166.2,60.1,21.8
177.3,71.4,22.7,175.1,70.0,22.8
173.6,66.7,22.1,172.3,68.1,22.9
175.0,99.3,32.4,173.8,101.0,33.4
171.5,71.0,24.1,169.7,60.1,20.9
174.9,56.4,18.4,172.3,55.2,18.6
172.7,93.3,31.3,171.6,92.8,31.5
173.3,64.3,21.4,171.9,57.9,19.6
175.3,63.7,20.7,173.8,60.1,19.9
176.3,73.2,23.6,174.6,72.6,23.8
185.6,115.4,33.5,183.2,114.8,34.2
170.5,63.0,21.7,169.5,65.0,22.6
183.2,78.2,23.3,181.5,79.6,24.2
180.3,78.2,24.1,178.7,83.0,26.0
173.7,97.3,32.2,172.4,95.9,32.3
180.1,71.8,22.1,178.4,74.2,23.3
191.0,87.8,24.1,188.6,85.8,24.1
178.8,59.4,18.6,176.8,59.0,18.9
169.5,91.5,31.8,169.1,92.7,32.4
184.7,82.7,24.2,183.7,82.4,24.4
175.9,74.1,23.9,174.6,78.5,25.7
167.4,86.1,30.7,166.5,80.0,28.9
167.9,52.6,18.7,165.8,51.9,18.9
169.3,82.1,28.6,167.7,82.7,29.4
184.5,90.8,26.7,182.4,87.0,26.1
168.3,56.2,19.8,165.9,52.0,18.9
172.4,54.9,18.5,171.4,57.7,19.6
186.5,114.5,32.9,183.7,110.5,32.7
172.7,63.0,21.1,171.3,55.8,19.0
165.9,78.7,28.6,165.1,87.2,32.0
170.0,54.6,18.9,168.0,56.5,20.0
170.1,73.0,25.2,169.7,77.5,26.9
165.9,57.2,20.8,164.8,64.0,23.6
174.1,70.7,23.3,173.5,69.9,23.2
171.4,56.6,19.3,168.9,57.1,20.0
178.1,70.1,22.1,177.1,68.8,22.0
171.7,96.3,32.7,170.4,91.3,31.4
165.8,68.9,25.1,164.2,72.9,27.0
171.7,92.1,31.2,171.8,95.1,32.2
168.7,82.5,29.0,166.9,77.6,27.9
190.0,94.1,26.1,187.9,93.2,26.4
177.3,63.5,20.2,175.9,63.3,20.5
174.7,62.5,20.5,172.2,62.4,21.1
176.8,86.8,27.8,174.8,81.2,26.6
179.9,78.6,24.3,179.0,87.1,27.2
173.9,70.5,23.3,172.3,73.5,24.7
167.2,46.6,16.7,165.8,50.1,18.2
167.6,101.4,36.1,166.1,95.0,34.4
174.2,86.0,28.3,172.1,88.6,29.9
170.1,87.3,30.2,169.6,88.4,30.7
170.9,65.7,22.5,169.3,55.6,19.4
174.4,72.0,23.7,172.7,67.2,22.5
162.8,75.4,28.4,163.5,75.9,28.4
171.2,77.2,26.3,169.9,81.3,28.1
172.1,68.9,23.3,170.4,63.7,21.9
182.8,67.1,20.1,181.6,72.2,21.9
184.1,66.0,19.5,182.3,64.6,19.4
173.0,54.4,18.2,171.2,53.4,18.2
170.7,67.1,23.0,169.2,72.4,25.3
177.1,54.4,17.3,174.8,58.1,19.0
171.2,58.9,20.1,171.0,67.8,23.2
173.3,93.8,31.2,172.3,91.4,30.8
169.8,63.1,21.9,167.8,57.9,20.5
180.4,67.0,20.6,178.4,63.3,19.9
170.4,54.2,18.7,168.9,55.0,19.3
176.9,79.2,25.3,174.5,78.6,25.8
174.0,90.1,29.8,172.7,99.2,33.3
175.4,78.9,25.6,173.9,63.6,21.0
175.8,103.8,33.6,173.8,90.0,29.8
176.0,89.1,28.8,174.2,88.8,29.3
170.8,53.9,18.5,169.9,54.8,19.0
181.4,67.2,20.4,180.3,67.3,20.7
169.9,62.1,21.5,168.6,61.0,21.5
166.9,78.1,28.0,166.4,80.4,29.0
177.4,66.2,21.0,177.0,68.0,21.7
172.4,69.0,23.2,171.7,70.5,23.9
172.8,55.3,18.5,171.7,58.0,19.7
178.8,73.6,23.0,178.1,80.0,25.2
173.2,48.2,16.1,170.5,51.6,17.8
168.2,67.6,23.9,166.4,74.6,26.9
177.2,97.7,31.1,175.6,99.1,32.2
168.0,68.7,24.3,167.9,71.2,25.3
174.7,71.1,23.3,173.5,67.8,22.5
168.0,55.7,19.7,165.8,51.7,18.8
179.1,72.6,22.6,177.3,74.4,23.7
177.2,75.1,23.9,175.4,77.1,25.0
173.1,70.3,23.5,172.1,75.3,25.4
171.0,70.6,24.1,169.9,73.9,25.6
179.5,86.5,26.8,177.2,80.0,25.5
185.7,81.0,23.5,184.3,80.2,23.6
170.2,63.9,22.1,168.6,60.1,21.2
172.3,81.5,27.5,170.8,80.3,27.6
179.3,79.0,24.6,178.9,71.8,22.4
181.4,63.7,19.4,179.6,64.9,20.1
181.1,95.6,29.1,178.5,98.3,30.8
178.8,76.1,23.8,177.0,75.6,24.2
182.3,78.4,23.6,179.7,80.4,24.9
178.9,79.1,24.7,177.4,81.3,25.8
175.9,60.8,19.7,175.4,60.3,19.6
177.3,75.0,23.9,176.7,71.3,22.8
167.6,72.9,26.0,166.9,71.1,25.5
178.3,84.5,26.6,177.1,82.6,26.3
174.8,73.3,24.0,174.0,73.6,24.3
179.5,58.4,18.1,178.6,64.6,20.3
173.6,83.4,27.7,172.9,80.5,26.9
183.5,105.9,31.5,182.2,103.2,31.1
183.0,78.9,23.6,181.6,74.3,22.5
177.4,69.3,22.0,176.4,71.1,22.8
168.3,62.4,22.0,167.7,60.3,21.4
170.2,53.8,18.6,169.3,54.6,19.0
162.6,60.0,22.7,160.6,61.1,23.7
173.5,68.7,22.8,172.5,75.6,25.4
181.3,77.2,23.5,179.8,77.2,23.9
172.8,64.9,21.7,171.6,69.0,23.4
174.3,105.3,34.7,173.3,100.3,33.4
183.0,114.7,34.3,182.4,88.7,26.7
185.2,72.2,21.1,183.9,75.3,22.3
170.7,55.5,19.0,169.3,57.1,19.9
176.5,84.0,27.0,175.0,87.1,28.4
162.4,67.6,25.6,161.7,66.5,25.4
180.9,84.7,25.9,179.7,81.8,25.3
177.4,82.7,26.3,177.3,78.9,25.1
180.7,69.4,21.3,179.3,71.6,22.3
185.5,66.3,19.3,184.2,64.8,19.1
187.9,77.2,21.9,186.7,90.7,26.0
181.1,90.4,27.6,178.6,83.6,26.2
178.2,73.1,23.0,176.2,73.9,23.8
177.5,58.5,18.6,175.9,57.3,18.5
167.8,46.0,16.3,165.2,49.0,18.0
174.0,69.7,23.0,172.1,70.9,23.9
165.7,53.1,19.3,163.8,49.7,18.5
182.6,74.9,22.5,182.2,80.4,24.2
177.9,66.1,20.9,177.4,63.4,20.2
177.4,65.3,20.7,175.1,66.0,21.5
178.2,73.1,23.0,177.6,71.8,22.7
179.8,70.9,21.9,178.3,67.0,21.1
177.4,72.0,22.9,176.7,73.4,23.5
172.7,57.8,19.4,171.0,58.0,19.8
183.5,84.9,25.2,181.8,81.7,24.7
175.8,94.7,30.6,174.7,89.7,29.4
175.5,64.9,21.1,174.4,70.5,23.2
172.0,70.7,23.9,170.6,63.9,21.9
172.3,80.6,27.1,171.0,80.9,27.6
182.0,78.8,23.8,179.6,82.7,25.6
173.6,51.0,16.9,172.1,52.9,17.9
177.7,77.0,24.4,176.1,73.5,23.7
180.3,80.5,24.8,178.9,81.9,25.6
181.1,98.4,30.0,178.8,97.2,30.4
163.7,56.7,21.2,162.3,53.4,20.3
166.9,50.4,18.1,165.7,50.6,18.4
183.5,89.1,26.5,181.1,75.0,22.9
165.4,52.0,19.0,162.9,50.1,18.9
170.2,62.5,21.6,168.8,59.8,21.0
171.2,52.6,17.9,169.0,57.4,20.1
184.1,61.2,18.1,183.0,67.1,20.0
168.9,56.1,19.7,167.0,60.4,21.6
180.5,80.7,24.8,178.5,82.8,26.0
176.3,88.5,28.5,176.0,86.3,27.9
179.6,100.0,31.0,177.6,96.8,30.7
180.8,89.4,27.3,179.2,86.9,27.1
178.0,98.8,31.2,176.6,100.7,32.3
173.5,73.0,24.3,172.8,60.7,20.3
173.7,69.1,22.9,172.4,59.4,20.0
171.9,68.9,23.3,170.5,67.6,23.2
178.2,71.1,22.4,177.8,62.4,19.7
173.6,63.8,21.2,171.6,61.7,21.0
168.6,61.1,21.5,166.7,59.3,21.3
174.8,70.4,23.0,174.0,65.1,21.5
183.5,76.7,22.8,182.2,74.7,22.5
177.6,63.7,20.2,175.5,69.5,22.6
183.6,110.5,32.8,182.1,108.6,32.8
177.9,112.3,35.5,176.8,111.0,35.5
176.3,80.5,25.9,175.7,83.3,27.0
176.6,89.3,28.6,174.4,83.7,27.5
167.0,68.2,24.5,166.0,60.2,21.8
184.6,66.9,19.6,183.3,64.1,19.1
173.3,62.1,20.7,171.6,64.8,22.0
171.5,74.0,25.2,169.8,68.4,23.7
175.1,64.7,21.1,173.3,57.7,19.2
174.4,91.9,30.2,172.9,93.0,31.1
181.2,95.3,29.0,180.3,99.1,30.5
190.6,66.8,18.4,188.9,63.3,17.7
166.1,47.5,17.2,164.9,50.2,18.5
181.8,84.8,25.7,179.3,86.0,26.7
181.1,69.5,21.2,179.4,67.7,21.0
165.9,58.5,21.3,165.4,60.3,22.0
189.6,70.0,19.5,188.0,71.1,20.1
172.4,86.1,29.0,170.9,84.8,29.0
184.6,79.0,23.2,182.6,72.1,21.6
175.3,85.4,27.8,174.9,87.9,28.7
171.5,64.2,21.8,169.7,64.9,22.5
177.0,64.0,20.4,174.6,74.3,24.4
181.0,70.4,21.5,179.3,68.9,21.5
170.5,76.9,26.5,169.3,81.2,28.4
170.8,68.3,23.4,169.6,62.7,21.8
167.7,58.1,20.7,166.2,54.1,19.6
167.5,60.5,21.6,166.9,60.3,21.7
182.4,91.0,27.4,179.7,84.7,26.2
175.3,58.9,19.2,173.9,61.8,20.4
172.9,49.1,16.4,171.5,50.5,17.2
169.0,86.4,30.3,168.4,92.6,32.7
170.9,70.7,24.2,169.9,67.0,23.2
178.1,87.8,27.7,176.5,93.1,29.9
175.8,71.9,23.3,175.0,72.5,23.7
178.8,96.6,30.2,175.9,94.2,30.4
174.4,59.4,19.5,173.1,53.1,17.7
188.3,96.4,27.2,185.3,91.2,26.6
181.3,80.1,24.4,179.6,84.7,26.2
177.9,77.1,24.4,176.8,80.9,25.9
172.7,93.3,31.3,172.2,94.8,32.0
175.8,69.9,22.6,175.1,68.2,22.3
172.3,76.1,25.6,171.7,69.9,23.7
172.4,73.6,24.8,171.6,74.8,25.4
184.0,87.0,25.7,182.7,83.1,24.9
172.1,66.7,22.5,170.7,63.7,21.8
171.3,71.7,24.4,170.3,74.9,25.8
175.6,63.1,20.5,173.1,60.2,20.1
174.6,107.6,35.3,174.4,107.4,35.3
175.1,95.5,31.1,173.4,92.0,30.6
169.7,57.3,19.9,167.8,57.4,20.4
187.3,107.2,30.6,184.4,105.9,31.1
187.6,74.1,21.1,186.7,75.0,21.5
179.8,72.5,22.4,179.4,66.2,20.6
177.7,74.1,23.5,175.8,66.8,21.6
180.3,79.9,24.6,178.7,75.1,23.5
166.6,81.8,29.5,165.9,73.4,26.7
180.3,96.9,29.8,177.9,96.1,30.4
173.9,57.1,18.9,171.9,63.4,21.5
179.9,68.1,21.0,178.0,64.6,20.4
169.0,60.5,21.2,168.4,63.0,22.2
179.1,62.4,19.5,178.3,65.8,20.7
168.4,68.5,24.2,167.6,78.8,28.1
167.4,50.4,18.0,165.8,53.3,19.4
172.4,73.2,24.6,171.6,75.3,25.5
170.1,98.0,33.9,169.0,90.2,31.6
174.7,73.4,24.0,174.0,64.6,21.3
179.2,78.7,24.5,177.3,83.3,26.5
170.3,65.6,22.6,169.0,63.6,22.3
165.7,66.6,24.3,165.4,64.8,23.7
183.3,81.5,24.3,181.3,87.0,26.5
172.5,49.3,16.6,170.7,52.6,18.1
165.8,63.3,23.0,165.4,62.7,22.9
170.9,61.1,20.9,169.5,56.0,19.5
171.3,63.4,21.6,170.8,70.8,24.3
168.7,60.6,21.3,167.9,55.7,19.8
169.5,52.6,18.3,167.2,50.5,18.1
183.1,99.7,29.7,181.9,91.7,27.7
172.3,89.3,30.1,171.2,80.1,27.3
174.3,72.7,23.9,173.9,72.6,24.0
174.2,94.6,31.2,172.7,98.0,32.8
178.9,98.6,30.8,177.3,95.0,30.2
177.0,75.9,24.2,175.0,73.2,23.9
178.4,81.2,25.5,177.9,85.6,27.1
189.3,114.5,32.0,185.5,107.4,31.2
164.4,63.0,23.3,163.7,61.4,22.9
170.1,67.8,23.4,169.3,72.6,25.3
185.2,104.2,30.4,182.8,83.4,24.9
172.4,56.6,19.0,171.4,64.3,21.9
188.5,105.3,29.6,186.6,101.2,29.1
164.5,64.1,23.7,162.7,66.4,25.1
182.0,73.5,22.2,181.3,70.6,21.5
170.5,65.9,22.7,169.4,64.3,22.4
181.2,79.6,24.2,179.6,82.3,25.5
181.1,61.1,18.6,179.9,62.6,19.3
171.7,52.4,17.8,171.0,60.9,20.8
173.7,80.2,26.6,172.0,77.7,26.3
174.0,69.9,23.1,173.0,70.0,23.4
178.2,66.0,20.8,177.7,70.3,22.3
175.7,57.8,18.7,174.3,62.3,20.5
169.6,73.7,25.6,167.7,67.2,23.9
178.9,82.5,25.8,176.6,83.5,26.8
168.1,61.8,21.9,166.9,65.1,23.4
178.7,46.7,14.6,176.9,58.5,18.7
174.5,60.6,19.9,173.0,62.6,20.9
179.6,91.9,28.5,178.3,82.3,25.9
173.2,55.8,18.6,171.3,62.7,21.3
174.9,83.0,27.1,173.9,79.9,26.4
173.5,65.5,21.8,172.6,69.8,23.4
174.6,54.8,18.0,172.9,55.1,18.4
187.9,109.4,31.0,185.3,106.1,30.9
181.2,60.6,18.5,180.8,62.6,19.2
175.5,69.0,22.4,174.2,69.7,23.0
174.0,72.0,23.8,172.4,71.1,23.9
187.3,83.3,23.7,185.0,75.7,22.1
178.0,72.9,23.0,176.7,68.9,22.1
175.6,67.6,21.9,174.2,71.9,23.7
172.1,60.4,20.4,170.8,54.8,18.8
174.4,75.1,24.7,173.7,65.5,21.7
173.6,58.9,19.5,172.7,53.7,18.0
184.8,89.2,26.1,182.6,86.0,25.8
176.3,62.9,20.2,175.5,60.2,19.6
187.0,77.3,22.1,185.7,70.4,20.4
178.5,77.1,24.2,177.1,78.0,24.9
179.6,65.5,20.3,179.0,66.3,20.7
175.2,64.2,20.9,173.8,60.9,20.1
169.6,44.0,15.3,168.5,47.5,16.8
172.6,59.6,20.0,170.9,57.7,19.8
177.4,71.6,22.8,176.0,76.2,24.6
172.8,85.6,28.7,172.2,91.0,30.7
171.2,54.0,18.4,169.3,54.4,19.0
180.7,50.6,15.5,179.7,53.3,16.5
179.3,64.0,19.9,177.7,58.6,18.6
176.0,104.2,33.6,175.4,114.5,37.2
177.1,61.4,19.6,175.7,65.4,21.2
166.2,68.0,24.6,165.4,57.0,20.8
170.3,69.6,24.0,169.6,64.0,22.3
171.9,57.7,19.5,170.9,57.4,19.7
177.7,72.7,23.0,176.6,73.2,23.5
179.6,84.2,26.1,178.8,81.1,25.4
173.1,68.0,22.7,171.6,67.5,22.9
178.8,80.0,25.0,178.0,81.1,25.6
177.0,80.8,25.8,175.1,78.2,25.5
178.4,94.5,29.7,177.2,103.8,33.0
174.3,83.8,27.6,172.6,82.3,27.6
172.9,85.4,28.6,171.7,85.5,29.0
170.4,59.7,20.6,168.5,60.0,21.1
168.8,74.6,26.2,167.5,67.4,24.0
172.2,62.2,21.0,170.6,67.5,23.2
174.8,79.9,26.1,173.0,77.0,25.7
176.2,81.9,26.4,175.3,74.4,24.2
176.0,77.9,25.1,173.4,73.0,24.3
172.8,84.2,28.2,171.6,87.6,29.7
177.3,96.1,30.6,174.7,100.7,33.0
167.5,86.1,30.7,167.1,81.8,29.3
179.6,87.1,27.0,178.2,86.1,27.1
165.7,70.3,25.6,164.4,60.9,22.5
171.9,76.6,25.9,171.3,79.8,27.2
178.7,58.1,18.2,177.3,57.2,18.2
173.8,70.7,23.4,172.1,71.0,24.0
173.3,70.1,23.3,172.1,63.3,21.4
179.5,69.3,21.5,177.3,76.0,24.2
165.2,55.2,20.2,163.6,53.8,20.1
171.5,71.2,24.2,170.3,76.6,26.4
178.7,75.0,23.5,176.8,73.8,23.6
176.4,66.3,21.3,175.6,70.7,23.0
171.0,59.7,20.4,170.3,62.8,21.7
176.8,59.8,19.1,175.0,60.2,19.6
177.5,84.7,26.9,175.4,79.0,25.7
175.4,72.3,23.5,174.4,72.9,23.9
169.1,72.8,25.5,167.9,75.5,26.8
171.2,59.5,20.3,169.4,60.6,21.1
178.3,68.7,21.6,177.3,70.5,22.4
164.0,56.4,21.0,162.7,55.6,21.0
171.1,72.1,24.6,170.7,70.7,24.3
172.0,60.1,20.3,171.7,59.0,20.0
178.4,97.3,30.6,176.7,94.0,30.1
170.5,53.3,18.3,167.8,53.5,19.0
173.0,64.2,21.5,171.7,63.8,21.6
176.3,94.2,30.3,175.3,93.5,30.4
180.7,91.0,27.9,179.5,88.1,27.4
165.2,61.6,22.6,164.9,63.1,23.2
173.2,71.4,23.8,173.1,69.8,23.3
177.3,68.7,21.9,175.1,65.2,21.3
179.7,84.6,26.2,177.4,84.0,26.7
175.4,80.4,26.1,174.2,85.2,28.1
172.7,62.9,21.1,171.7,60.5,20.5
167.7,61.3,21.8,166.1,60.1,21.8
168.5,67.6,23.8,167.9,70.2,24.9
168.5,53.7,18.9,168.1,55.3,19.6
176.5,83.4,26.8,174.7,86.0,28.2
174.7,54.5,17.9,173.1,54.7,18.3
182.1,73.3,22.1,180.2,70.0,21.6
180.0,71.7,22.1,178.6,71.3,22.4
183.8,62.9,18.6,181.4,62.9,19.1
172.1,57.2,19.3,171.3,59.2,20.2
170.6,57.4,19.7,168.7,58.8,20.6
175.7,55.5,18.0,173.7,61.0,20.2
180.4,85.3,26.2,178.8,74.6,23.4
178.6,59.8,18.7,176.5,68.2,21.9
183.8,91.4,27.1,181.1,88.8,27.1
177.8,79.3,25.1,175.4,81.6,26.5
172.4,64.3,21.6,171.2,66.4,22.7
173.6,58.7,19.5,172.9,61.3,20.5
171.5,92.4,31.4,169.8,94.7,32.8
175.6,54.7,17.7,174.6,61.5,20.2
179.1,59.8,18.6,176.6,58.8,18.9
174.2,73.9,24.4,172.7,72.1,24.2
179.3,64.5,20.1,177.8,116.0,36.7
188.2,54.3,15.3,185.3,73.9,21.5
176.7,73.6,23.6,176.1,70.0,22.6
184.6,83.7,24.6,183.3,88.7,26.4
170.4,58.6,20.2,169.0,58.4,20.4
172.9,76.6,25.6,170.9,83.3,28.5
168.1,70.8,25.1,167.7,70.0,24.9
177.0,92.2,29.4,174.8,94.6,31.0
173.3,64.4,21.4,172.1,56.0,18.9
171.5,58.9,20.0,169.6,56.4,19.6
172.2,63.9,21.5,171.3,64.3,21.9
171.6,89.7,30.5,169.9,81.4,28.2
179.6,74.9,23.2,177.6,78.5,24.9
174.4,66.7,21.9,174.1,66.9,22.1
184.7,76.2,22.3,182.8,76.6,22.9
178.3,85.9,27.0,176.6,82.3,26.4
168.9,67.8,23.8,167.7,67.3,24.0
183.9,69.8,20.6,182.5,73.2,22.0
185.8,128.4,37.2,183.0,117.7,35.1
180.7,64.2,19.7,179.4,62.6,19.4
174.5,71.8,23.6,173.1,63.3,21.1
172.8,62.2,20.8,171.0,60.6,20.7
189.2,67.2,18.8,188.0,70.2,19.9
176.2,81.2,26.2,174.8,79.2,25.9
178.8,93.9,29.4,177.7,89.6,28.4
174.2,71.3,23.5,173.6,70.2,23.3
182.2,82.9,25.0,180.0,85.2,26.3
176.9,108.9,34.8,175.5,100.0,32.5
177.3,58.1,18.5,177.4,60.2,19.1
169.5,84.2,29.3,168.2,88.4,31.2
173.5,55.8,18.5,171.8,54.8,18.6
166.6,66.1,23.8,164.5,66.0,24.4
178.8,86.9,27.2,176.6,92.1,29.5
179.2,85.1,26.5,177.7,84.5,26.7
167.9,64.7,23.0,166.9,68.2,24.5
164.9,70.1,25.8,164.1,70.6,26.2
176.3,89.6,28.8,173.7,91.9,30.4
177.1,66.4,21.2,175.6,68.3,22.1
187.5,94.8,27.0,185.6,86.9,25.2
175.9,65.1,21.0,174.5,64.0,21.0
182.4,77.2,23.2,179.7,77.1,23.9
182.1,76.0,22.9,180.7,75.2,23.0
177.8,50.7,16.0,175.5,55.7,18.1
181.1,77.0,23.5,178.7,77.8,24.4
178.6,56.8,17.8,176.7,56.4,18.1
169.2,60.7,21.2,168.8,57.1,20.0
188.0,92.8,26.3,185.8,96.1,27.8
180.6,69.4,21.3,180.0,70.6,21.8
179.6,54.9,17.0,178.6,54.5,17.1
166.5,71.7,25.9,166.5,66.9,24.2
175.6,75.9,24.6,174.8,79.0,25.9
179.1,76.9,24.0,177.8,81.7,25.8
177.6,69.7,22.1,175.0,70.3,23.0
173.0,64.9,21.7,171.4,65.3,22.2
169.7,96.0,33.3,168.4,98.8,34.9
175.6,68.4,22.2,174.7,66.0,21.6
172.3,60.8,20.5,171.2,64.8,22.1
181.7,84.3,25.5,181.0,87.5,26.7
179.0,100.8,31.5,177.5,109.8,34.9
176.6,84.7,27.2,175.2,80.5,26.2
164.0,54.0,20.1,162.8,53.3,20.1
176.4,63.7,20.5,175.0,63.5,20.7
177.2,73.8,23.5,175.1,73.8,24.1
176.7,75.8,24.3,174.9,69.4,22.7
165.6,84.5,30.8,165.1,84.3,30.9
167.9,73.5,26.1,167.5,66.6,23.7
175.4,59.2,19.2,174.1,54.1,17.8
177.6,74.3,23.6,176.2,74.2,23.9
167.6,65.0,23.1,167.8,62.2,22.1
179.1,99.6,31.1,177.1,94.3,30.1
169.4,70.9,24.7,168.2,69.1,24.4
166.6,61.8,22.3,166.3,59.9,21.7
179.4,82.1,25.5,179.0,75.1,23.5
173.9,57.5,19.0,172.7,55.2,18.5
179.1,70.4,21.9,178.4,74.0,23.2
174.4,55.0,18.1,172.3,59.4,20.0
182.4,96.5,29.0,179.9,95.9,29.6
172.3,57.6,19.4,171.6,56.8,19.3
180.0,64.6,19.9,178.1,66.0,20.8
174.7,55.2,18.1,172.8,63.3,21.2
174.5,77.8,25.5,174.4,73.1,24.1
171.1,63.4,21.7,169.0,56.8,19.9
178.4,72.3,22.7,177.4,72.3,23.0
178.9,60.7,19.0,177.7,56.9,18.0
175.0,52.2,17.0,173.9,57.3,19.0
179.2,68.0,21.2,176.9,59.4,19.0
180.7,91.2,27.9,179.1,89.8,28.0
172.2,63.2,21.3,172.1,68.2,23.0
186.9,70.7,20.2,184.4,71.0,20.9
182.6,70.6,21.2,180.3,72.1,22.2
173.1,57.0,19.0,170.6,54.8,18.8
176.9,82.9,26.5,174.9,81.2,26.6
177.0,71.1,22.7,175.7,75.3,24.4
174.6,88.0,28.9,173.3,81.7,27.2
173.1,69.6,23.2,171.7,68.3,23.2
178.7,91.9,28.8,177.2,88.9,28.3
174.0,61.4,20.3,172.0,56.6,19.1
172.7,72.5,24.3,171.8,71.5,24.2
177.6,72.9,23.1,175.6,70.7,22.9
169.5,67.5,23.5,167.7,59.6,21.2
182.7,80.4,24.1,180.9,80.2,24.5
169.8,50.4,17.5,168.2,53.2,18.8
172.2,57.5,19.4,169.8,61.3,21.2
173.4,66.6,22.2,171.4,61.1,20.8
172.6,71.8,24.1,172.2,66.1,22.3
182.2,99.7,30.0,179.7,100.3,31.1
182.7,119.7,35.9,181.1,105.9,32.3
170.6,60.7,20.9,169.5,63.1,22.0
181.3,82.3,25.0,179.5,88.5,27.5
179.2,61.5,19.2,177.9,62.1,19.6
178.1,62.1,19.6,177.7,61.9,19.6
169.5,56.5,19.7,169.3,57.6,20.1
170.8,84.0,28.8,170.0,83.3,28.8
172.8,58.3,19.5,172.3,59.6,20.1
174.1,69.4,22.9,172.0,62.6,21.2
180.0,103.3,31.9,178.4,95.2,29.9
175.5,89.7,29.1,173.8,87.9,29.1
174.4,54.9,18.1,172.4,57.9,19.5
162.9,62.2,23.4,161.3,59.8,23.0
172.0,97.9,33.1,172.0,93.0,31.4
170.5,51.4,17.7,168.4,50.5,17.8
177.9,117.2,37.0,176.5,117.0,37.5
172.7,48.9,16.4,171.6,53.6,18.2
186.6,87.3,25.1,183.8,93.8,27.7
182.5,78.8,23.7,179.9,79.8,24.7
172.6,76.6,25.7,170.2,74.9,25.9
172.3,89.7,30.2,172.2,96.4,32.5
175.4,66.7,21.7,174.9,67.7,22.1
181.1,112.7,34.4,179.2,108.3,33.7
175.8,54.8,17.7,174.5,56.3,18.5
173.3,60.8,20.2,172.5,64.4,21.6
176.3,60.2,19.4,175.6,62.2,20.2
181.0,82.3,25.1,179.8,86.2,26.7
167.1,86.5,31.0,166.2,82.7,29.9
173.0,58.0,19.4,172.7,62.1,20.8
184.6,100.4,29.5,182.2,93.0,28.0
170.9,56.0,19.2,170.1,55.0,19.0
174.3,68.2,22.4,171.9,65.6,22.2
168.5,62.8,22.1,166.1,59.5,21.6
168.4,66.6,23.5,167.3,68.9,24.6
182.6,83.2,25.0,181.5,81.7,24.8
177.3,69.7,22.2,175.2,69.0,22.5
173.1,94.0,31.4,171.7,89.8,30.4
166.6,69.5,25.0,166.2,59.2,21.5
180.7,82.2,25.2,179.5,88.5,27.5
171.2,53.7,18.3,169.9,55.5,19.2
177.4,62.5,19.9,175.5,59.2,19.2
173.2,80.7,26.9,172.3,80.2,27.0
176.8,83.2,26.6,175.5,77.2,25.1
177.4,72.6,23.1,176.4,75.8,24.4
173.8,78.2,25.9,172.1,81.6,27.6
177.2,68.2,21.7,175.1,68.1,22.2
180.3,58.2,17.9,179.1,67.1,20.9
183.0,63.8,19.1,181.5,71.5,21.7
179.2,62.3,19.4,177.2,61.0,19.4
175.6,69.7,22.6,174.2,70.9,23.4
168.0,57.2,20.3,166.5,55.5,20.0
177.8,74.9,23.7,176.0,75.6,24.4
183.2,118.1,35.2,181.3,111.8,34.0
174.9,59.9,19.6,173.2,57.8,19.3
177.4,72.4,23.0,175.8,75.5,24.4
171.5,76.4,26.0,169.8,76.7,26.6
176.0,72.0,23.2,174.6,69.5,22.8
173.2,69.0,23.0,172.5,68.5,23.0
178.5,60.0,18.8,176.3,94.9,30.5
172.8,66.6,22.3,171.5,64.1,21.8
178.7,68.2,21.4,177.3,69.4,22.1
165.9,71.2,25.9,166.0,73.5,26.7
173.3,55.6,18.5,172.1,59.3,20.0
173.6,95.4,31.7,171.7,84.6,28.7
172.7,67.7,22.7,170.7,72.7,25.0
172.0,58.8,19.9,171.5,58.8,20.0
170.2,86.4,29.8,169.8,81.2,28.2
176.7,95.1,30.5,175.1,87.9,28.7
177.6,101.8,32.3,176.0,104.2,33.6
178.2,81.6,25.7,176.1,77.2,24.9
175.7,55.9,18.1,174.7,58.0,19.0
174.7,70.5,23.1,173.0,72.8,24.3
171.5,62.0,21.1,170.6,58.2,20.0
176.3,76.7,24.7,174.2,71.1,23.4
173.6,67.7,22.5,172.8,68.0,22.8
168.9,71.1,24.9,167.4,73.4,26.2
176.1,59.0,19.0,173.8,59.6,19.8
182.8,105.3,31.5,180.8,99.8,30.5
176.7,77.0,24.7,175.2,80.4,26.2
173.6,52.1,17.3,171.3,56.4,19.2
175.0,99.6,32.5,173.7,98.0,32.5
179.5,81.0,25.1,177.8,84.6,26.7
176.1,53.8,17.3,174.3,56.6,18.6
181.2,67.5,20.6,180.7,66.5,20.4
183.1,99.7,29.7,181.9,91.7,27.7
171.0,93.0,31.8,170.4,89.7,30.9
179.6,85.3,26.4,179.1,85.9,26.8
179.1,92.5,28.8,177.5,81.7,25.9
174.6,81.0,26.6,172.4,83.4,28.1
170.0,82.1,28.4,170.1,81.6,28.2
174.2,70.8,23.3,173.3,73.3,24.4
182.8,92.4,27.7,180.1,85.3,26.3
177.3,70.8,22.5,175.7,68.2,22.1
173.0,52.2,17.4,171.4,53.7,18.3
173.7,67.8,22.5,173.1,70.5,23.5
185.1,63.5,18.5,183.7,69.4,20.6
169.7,58.5,20.3,168.0,63.5,22.5
177.7,92.2,29.2,175.3,91.8,29.9
173.5,67.2,22.3,171.6,66.5,22.6
175.0,65.1,21.3,173.3,68.4,22.8
171.6,73.4,24.9,170.1,75.1,26.0
166.9,79.1,28.4,166.3,79.6,28.8
170.6,61.3,21.1,169.9,65.5,22.7
175.3,75.9,24.7,174.1,69.6,22.9
177.9,62.4,19.7,175.7,64.2,20.8
164.4,47.0,17.4,161.5,47.0,18.0
166.3,53.7,19.4,165.6,55.4,20.2
180.2,104.3,32.1,177.8,106.7,33.8
177.5,94.0,29.8,175.3,92.3,30.0
177.1,106.6,34.0,175.6,110.5,35.8
178.2,79.0,24.9,176.4,73.2,23.5
176.7,92.6,29.7,175.8,89.5,29.0
173.3,66.0,22.0,172.4,63.4,21.3
174.4,76.8,25.3,173.8,82.9,27.5
176.1,53.2,17.2,175.1,56.8,18.5
175.9,77.6,25.1,175.1,85.0,27.7
177.2,85.6,27.3,175.5,77.8,25.2
195.5,126.0,33.0,191.7,113.3,30.8
177.9,73.5,23.2,177.2,65.4,20.8
167.6,60.0,21.4,165.9,61.3,22.2
163.0,57.2,21.5,162.2,61.1,23.2
181.6,67.2,20.4,180.1,61.9,19.1
162.2,56.8,21.6,161.3,54.2,20.8
176.1,111.7,36.0,174.8,102.6,33.6
174.0,50.8,16.8,173.0,57.2,19.1
174.0,72.0,23.8,173.2,75.7,25.2
175.9,58.1,18.8,174.9,63.7,20.8
170.4,63.7,21.9,169.0,63.4,22.2
181.8,75.9,23.0,179.7,75.5,23.4
190.8,88.5,24.3,187.3,81.3,23.2
166.8,61.6,22.1,165.0,54.8,20.1
170.8,81.0,27.8,169.7,82.7,28.7
173.2,117.5,39.2,171.8,98.8,33.5
175.7,56.9,18.4,173.5,54.7,18.2
174.2,55.0,18.1,172.7,52.0,17.4
179.7,100.9,31.2,178.9,98.7,30.8
171.1,52.7,18.0,170.4,55.5,19.1
177.9,68.3,21.6,176.2,71.3,23.0
179.5,99.5,30.9,178.3,99.4,31.3
175.6,64.6,20.9,173.9,59.0,19.5
181.5,54.4,16.5,178.5,54.8,17.2
174.7,75.3,24.7,173.2,72.8,24.3
176.0,63.8,20.6,173.9,64.0,21.2
176.2,96.1,31.0,173.8,95.8,31.7
168.8,75.3,26.4,167.6,72.5,25.8
173.9,74.5,24.6,172.9,72.1,24.1
183.2,98.9,29.5,181.5,100.8,30.6
172.9,74.8,25.0,170.9,70.6,24.2
172.3,76.8,25.9,170.6,72.1,24.8
183.9,87.1,25.8,182.8,82.9,24.8
174.9,65.0,21.2,174.7,65.9,21.6
184.4,76.6,22.5,183.9,70.3,20.8
178.8,65.0,20.3,178.3,66.5,20.9
168.9,59.8,21.0,167.2,61.4,22.0
173.3,57.4,19.1,171.8,57.4,19.4
170.5,81.4,28.0,169.5,79.3,27.6
173.6,56.1,18.6,171.1,57.6,19.7
162.7,71.8,27.1,161.6,68.2,26.1
174.4,72.8,23.9,172.4,63.3,21.3
175.0,66.8,21.8,173.4,67.2,22.3
176.1,75.5,24.3,175.1,77.2,25.2
182.7,93.4,28.0,179.7,82.3,25.5
177.0,59.5,19.0,175.8,59.0,19.1
178.6,67.8,21.3,177.1,62.3,19.9
168.3,83.1,29.3,168.0,82.2,29.1
173.1,57.2,19.1,171.6,57.6,19.6
164.6,56.9,21.0,162.6,51.3,19.4
167.9,56.4,20.0,167.6,58.8,20.9
166.8,67.5,24.3,165.8,63.0,22.9
172.7,79.5,26.7,170.7,80.8,27.7
169.0,72.2,25.3,168.5,70.3,24.7
179.2,100.7,31.4,177.7,102.9,32.6
166.1,55.0,19.9,164.4,57.0,21.1
179.6,88.5,27.4,178.5,91.3,28.7
175.4,102.2,33.2,173.0,95.7,32.0
165.0,50.2,18.4,163.3,49.8,18.7
172.8,60.2,20.2,172.0,62.0,21.0
179.3,85.3,26.5,178.0,82.2,25.9
169.6,59.4,20.7,167.8,54.5,19.4
167.7,64.2,22.8,167.7,68.1,24.2
170.5,57.3,19.7,168.1,56.0,19.8
176.2,70.3,22.6,175.1,73.5,24.0
170.6,71.9,24.7,170.0,73.6,25.5
172.3,60.8,20.5,170.9,59.4,20.3
171.3,98.1,33.4,170.8,98.8,33.9
174.9,54.7,17.9,172.8,56.0,18.7
181.8,84.4,25.5,181.3,72.5,22.1
171.8,67.7,22.9,170.0,74.0,25.6
170.3,66.0,22.8,168.1,63.0,22.3
168.8,52.0,18.2,166.5,55.3,19.9
184.4,98.3,28.9,182.2,111.5,33.6
174.3,77.5,25.5,173.5,68.7,22.8
166.3,64.4,23.3,166.5,62.3,22.5
183.4,68.0,20.2,181.1,67.1,20.5
179.6,85.7,26.6,178.2,86.8,27.3
173.4,83.2,27.7,172.5,81.3,27.3
165.8,57.0,20.7,164.0,53.6,19.9
184.2,94.8,27.9,182.0,92.1,27.8
174.9,83.0,27.1,173.9,73.2,24.2
168.0,71.4,25.3,167.9,75.3,26.7
175.8,71.3,23.1,173.7,69.8,23.1
166.7,50.3,18.1,164.7,47.5,17.5
172.5,77.6,26.1,171.3,73.4,25.0
172.8,60.3,20.2,170.8,61.2,21.0
179.8,69.5,21.5,177.7,59.6,18.9
172.8,72.7,24.3,171.2,68.7,23.4
180.4,77.7,23.9,178.3,79.3,25.0
173.3,62.9,20.9,171.8,63.5,21.5
170.8,57.8,19.8,168.7,57.0,20.0
181.4,83.6,25.4,179.3,83.1,25.8
183.0,92.9,27.7,181.2,85.7,26.1
173.7,79.0,26.2,172.6,76.8,25.8
173.5,78.1,25.9,172.9,83.3,27.9
179.7,56.0,17.3,177.9,62.4,19.7
167.4,56.5,20.2,165.8,58.0,21.1
172.2,87.4,29.5,171.7,88.1,29.9
177.8,79.5,25.1,176.4,78.2,25.2
166.1,60.8,22.0,165.9,56.8,20.6
184.6,91.9,27.0,182.2,86.3,26.0
175.3,61.2,19.9,174.1,59.1,19.5
181.1,80.9,24.7,178.4,82.9,26.0
166.4,53.6,19.4,164.3,48.9,18.1
178.1,67.8,21.4,176.6,70.0,22.4
173.9,65.5,21.7,173.7,65.7,21.8
170.7,60.4,20.7,170.6,63.5,21.8
178.3,80.1,25.2,177.2,85.1,27.1
179.6,74.2,23.0,177.4,76.0,24.1
179.6,54.9,17.0,178.6,54.5,17.1
187.1,69.5,19.9,184.9,72.5,21.2
176.7,53.2,17.0,174.4,63.1,20.7
183.5,87.1,25.9,180.9,83.6,25.5
172.3,86.6,29.2,171.4,88.6,30.2
176.8,63.8,20.4,175.8,73.6,23.8
175.2,73.5,23.9,174.8,80.2,26.2
179.9,70.6,21.8,178.2,68.4,21.5
170.3,65.5,22.6,168.4,64.0,22.6
169.3,79.1,27.6,168.2,75.4,26.6
181.1,65.3,19.9,179.2,56.8,17.7
172.7,56.5,18.9,171.5,58.7,20.0
181.5,65.2,19.8,180.8,60.2,18.4
173.0,63.8,21.3,172.0,62.3,21.1
177.8,81.3,25.7,176.2,80.7,26.0
178.5,61.2,19.2,176.8,55.0,17.6
174.2,60.4,19.9,172.5,61.2,20.6
177.2,88.1,28.1,175.3,83.2,27.1
175.9,65.7,21.2,175.4,64.2,20.9
170.0,77.9,27.0,169.1,78.3,27.4
181.4,91.0,27.7,179.8,86.9,26.9
182.3,82.6,24.9,180.7,78.9,24.2
186.9,80.3,23.0,184.9,77.6,22.7
177.2,70.5,22.5,175.8,70.4,22.8
177.5,74.7,23.7,176.4,74.8,24.0
177.9,80.2,25.3,175.9,77.3,25.0
174.0,79.7,26.3,173.6,74.0,24.6
173.4,67.3,22.4,172.0,70.4,23.8
171.3,82.9,28.3,169.6,80.5,28.0
178.7,67.5,21.1,176.9,67.5,21.6
185.5,81.1,23.6,184.0,83.5,24.7
169.6,69.8,24.3,168.1,62.6,22.2
175.0,79.6,26.0,174.7,84.6,27.7
178.9,100.1,31.3,176.2,101.0,32.5
168.3,63.5,22.4,167.9,67.2,23.8
174.0,106.2,35.1,172.6,99.0,33.2
183.7,71.2,21.1,182.1,77.5,23.4
177.3,93.6,29.8,175.6,98.5,31.9
168.2,55.6,19.7,166.4,56.7,20.5
181.2,70.9,21.6,180.5,65.4,20.1
175.2,59.8,19.5,173.3,60.1,20.0
171.1,58.9,20.1,169.6,55.4,19.3
173.7,68.8,22.8,172.1,69.0,23.3
181.5,62.3,18.9,179.5,64.6,20.0
181.0,73.3,22.4,179.6,79.9,24.8
166.7,84.1,30.3,166.3,89.3,32.3
176.9,57.0,18.2,175.5,54.7,17.8
171.6,56.4,19.2,170.6,56.8,19.5
180.0,80.8,24.9,177.8,83.8,26.5
166.9,64.3,23.1,166.2,61.2,22.2
172.9,83.1,27.8,171.8,73.7,25.0
174.3,81.1,26.7,172.6,79.6,26.7
183.1,60.9,18.2,181.1,57.0,17.4
172.8,63.5,21.3,172.5,67.6,22.7
172.0,67.5,22.8,170.1,63.5,21.9
170.3,86.8,29.9,170.0,94.3,32.6
179.9,71.2,22.0,178.9,72.4,22.6
178.6,64.4,20.2,177.1,62.9,20.1
173.4,59.2,19.7,172.2,57.4,19.4
173.4,64.4,21.4,171.0,59.6,20.4
171.7,56.4,19.1,169.2,55.7,19.4
173.2,83.0,27.7,172.7,84.0,28.2
180.4,62.2,19.1,178.9,57.7,18.0
178.0,71.9,22.7,177.3,70.7,22.5
174.5,71.5,23.5,172.1,61.2,20.7
169.5,80.5,28.0,168.5,75.8,26.7
176.3,86.3,27.8,175.1,86.3,28.2
186.9,107.6,30.8,185.2,95.8,27.9
175.6,84.5,27.4,173.4,82.8,27.5
179.5,70.6,21.9,177.6,65.2,20.7
176.4,70.0,22.5,174.4,71.3,23.4
171.7,63.0,21.4,170.9,66.2,22.7
179.7,101.5,31.4,177.4,95.5,30.3
175.2,72.7,23.7,174.5,65.9,21.6
177.4,99.1,31.5,175.0,97.8,31.9
176.5,47.3,15.2,174.5,59.6,19.6
169.6,53.3,18.5,169.1,55.8,19.5
174.2,70.4,23.2,173.4,71.4,23.8
176.5,101.6,32.6,174.2,94.2,31.1
172.6,66.2,22.2,171.8,64.4,21.8
176.2,81.1,26.1,174.2,84.5,27.8
177.9,82.3,26.0,176.7,81.6,26.1
179.9,88.5,27.3,177.6,89.2,28.3
159.7,72.6,28.5,159.9,72.5,28.4
185.0,67.4,19.7,183.0,66.4,19.8
171.7,91.0,30.9,171.0,92.1,31.5
172.3,72.1,24.3,171.1,67.4,23.0
171.1,71.8,24.5,169.9,76.1,26.4
179.1,57.1,17.8,176.9,55.5,17.7
179.4,64.0,19.9,178.0,67.4,21.3
189.9,109.3,30.3,186.4,101.1,29.1
172.4,56.7,19.1,170.7,54.8,18.8
175.5,69.8,22.7,173.7,66.3,22.0
182.2,83.7,25.2,179.5,82.0,25.5
168.4,64.4,22.7,167.9,70.0,24.8
171.7,64.8,22.0,170.2,59.7,20.6
180.3,77.1,23.7,178.9,76.3,23.9
173.0,62.6,20.9,171.7,64.2,21.8
174.7,70.1,23.0,174.2,74.1,24.4
175.1,70.7,23.1,173.7,66.7,22.1
181.8,83.7,25.3,179.2,85.8,26.7
175.4,75.5,24.5,173.4,79.3,26.3
168.6,79.1,27.8,167.8,72.5,25.8
178.5,97.9,30.7,176.5,103.7,33.3
177.0,64.3,20.5,175.9,61.0,19.7
169.3,64.3,22.4,167.7,61.1,21.7
176.2,78.1,25.2,174.1,69.8,23.0
164.1,60.0,22.3,163.0,56.5,21.3
177.0,70.0,22.3,176.1,68.9,22.2
178.8,73.7,23.1,177.7,71.7,22.7
174.5,75.3,24.7,173.3,79.8,26.6
179.9,66.8,20.6,178.0,62.9,19.8
181.0,76.4,23.3,179.0,70.0,21.9
172.5,61.4,20.6,171.8,60.1,20.4
172.7,68.9,23.1,171.5,66.8,22.7
174.2,60.0,19.8,173.2,60.5,20.2
178.2,72.0,22.7,176.9,66.2,21.2
175.1,63.7,20.8,173.7,58.3,19.3
172.3,72.7,24.5,171.9,69.2,23.4
177.7,69.2,21.9,177.1,71.5,22.8
166.3,60.6,21.9,165.0,60.1,22.1
169.4,68.1,23.7,168.1,64.5,22.8
165.5,69.2,25.3,164.4,59.9,22.2
181.8,77.7,23.5,180.1,75.1,23.1
176.9,60.2,19.2,174.6,61.7,20.2
164.3,66.0,24.4,162.6,66.4,25.1
163.2,57.4,21.6,162.7,57.0,21.5
170.3,84.1,29.0,169.9,76.7,26.6
181.2,91.5,27.9,179.8,85.5,26.5
175.2,75.2,24.5,174.8,66.4,21.7
171.3,77.6,26.4,170.8,83.4,28.6
173.7,79.5,26.3,172.1,75.5,25.5
169.5,62.3,21.7,168.1,61.3,21.7
171.6,68.5,23.3,170.2,73.9,25.5
177.2,62.6,19.9,177.1,60.9,19.4
175.0,75.7,24.7,173.8,74.5,24.7
165.0,55.2,20.3,163.3,55.3,20.7
167.0,87.0,31.2,165.7,85.4,31.1
161.8,57.8,22.1,160.2,55.5,21.6
176.1,61.6,19.9,174.8,63.6,20.8
174.4,67.3,22.1,172.2,67.4,22.7
164.0,65.0,24.2,164.8,69.7,25.6
173.5,56.6,18.8,173.1,65.2,21.7
172.4,67.6,22.7,172.8,65.4,21.9
173.8,54.6,18.1,172.9,54.6,18.3
173.8,60.2,19.9,172.8,55.5,18.6
175.5,51.2,16.6,172.5,51.7,17.4
174.7,68.7,22.5,172.7,66.5,22.3
190.9,102.6,28.2,188.7,102.6,28.8
174.3,66.5,21.9,172.6,65.8,22.1
173.6,61.7,20.5,173.1,64.0,21.4
179.6,66.5,20.6,178.4,65.2,20.5
179.6,82.2,25.5,177.5,79.0,25.1
168.7,64.4,22.6,168.2,66.1,23.3
176.8,56.6,18.1,175.1,58.6,19.1
172.1,79.1,26.7,171.0,76.2,26.0
167.7,84.0,29.9,166.3,80.4,29.1
180.5,69.3,21.3,179.2,67.2,20.9
173.5,58.0,19.3,172.5,54.9,18.4
178.5,80.7,25.3,178.8,72.1,22.6
173.8,66.0,21.8,173.1,65.7,21.9
173.8,79.8,26.4,172.3,66.5,22.4
175.6,70.6,22.9,173.8,68.5,22.7
168.2,71.3,25.2,168.0,74.3,26.3
179.4,83.8,26.0,178.0,78.0,24.6
173.5,68.9,22.9,172.5,66.0,22.2
181.7,76.2,23.1,180.6,71.0,21.8
174.5,78.9,25.9,173.5,76.8,25.5
183.9,58.2,17.2,182.0,58.4,17.6
178.8,108.6,34.0,177.3,107.2,34.1
179.0,72.0,22.5,176.6,78.1,25.1
176.3,73.2,23.6,175.7,66.5,21.5
180.3,78.8,24.2,179.1,70.8,22.1
171.9,76.9,26.0,171.9,78.9,26.7
177.5,79.7,25.3,176.0,82.4,26.6
176.3,70.3,22.6,175.2,63.9,20.8
174.3,63.1,20.8,173.2,60.9,20.3
181.9,83.2,25.1,180.5,86.4,26.5
183.8,85.7,25.4,181.2,85.4,26.0
177.2,73.0,23.2,176.3,70.7,22.8
171.0,67.0,22.9,170.1,69.3,24.0
169.6,94.5,32.9,168.8,75.2,26.4
173.5,82.7,27.5,173.1,72.6,24.2
177.9,97.7,30.9,176.5,95.1,30.5
172.9,71.9,24.1,170.8,64.1,22.0
181.3,85.1,25.9,180.1,84.2,25.9
169.4,58.2,20.3,167.4,53.2,19.0
184.4,86.6,25.5,181.8,87.7,26.5
181.0,70.2,21.4,178.9,67.6,21.1
172.8,48.4,16.2,169.9,49.0,17.0
179.0,80.3,25.1,177.7,78.2,24.8
175.6,68.8,22.3,174.4,69.6,22.9
171.5,80.5,27.4,169.8,77.1,26.8
176.7,76.1,24.4,175.6,73.2,23.7
182.1,62.5,18.8,179.8,63.9,19.8
185.9,82.6,23.9,183.4,77.5,23.0
172.2,76.3,25.7,170.3,73.7,25.4
171.0,92.3,31.6,170.2,86.1,29.7
177.0,50.9,16.2,174.5,53.4,17.5
178.7,113.2,35.4,176.9,116.4,37.2
175.8,76.0,24.6,173.8,67.0,22.2
170.4,61.1,21.0,169.6,60.9,21.2
181.0,80.7,24.6,179.8,81.4,25.2
183.5,66.2,19.7,182.9,65.1,19.5
175.8,81.6,26.4,174.2,85.5,28.2
168.3,59.7,21.1,167.0,58.4,20.9
169.2,60.4,21.1,168.6,59.2,20.8
170.7,58.4,20.0,168.6,59.3,20.9
172.9,90.3,30.2,172.3,97.5,32.8
182.4,74.5,22.4,181.5,80.2,24.3
182.3,89.1,26.8,180.2,88.5,27.3
177.3,66.3,21.1,176.0,65.9,21.3
179.2,72.6,22.6,178.0,69.4,21.9
168.0,58.5,20.7,166.5,58.6,21.2
168.4,66.6,23.5,167.3,73.2,26.2
177.2,88.7,28.2,174.5,95.5,31.4
174.3,63.7,21.0,172.6,61.8,20.7
171.2,65.9,22.5,169.4,65.3,22.8
178.2,76.5,24.1,176.1,74.4,24.0
172.0,63.8,21.6,170.4,63.0,21.7
174.2,57.2,18.8,173.3,54.5,18.1
177.0,86.3,27.5,175.9,84.0,27.2
175.3,65.9,21.4,174.7,67.7,22.2
170.4,67.4,23.2,169.4,75.5,26.3
177.2,81.2,25.9,175.6,82.9,26.9
189.3,100.4,28.0,186.2,101.1,29.1
176.3,67.5,21.7,174.8,67.6,22.1
176.0,87.1,28.1,174.8,87.1,28.5
177.6,66.3,21.0,176.3,65.8,21.2
185.1,66.1,19.3,183.9,67.8,20.1
180.9,75.0,22.9,178.8,74.3,23.2
175.7,59.9,19.4,174.9,57.6,18.8
172.1,61.5,20.8,171.0,63.1,21.6
170.7,69.0,23.7,169.2,72.5,25.3
169.5,59.9,20.8,169.1,64.5,22.6
173.0,64.9,21.7,171.6,64.0,21.7
171.9,78.0,26.4,170.0,78.0,27.0
176.2,99.7,32.1,174.5,97.1,31.9
177.7,64.4,20.4,175.8,67.7,21.9
177.1,75.9,24.2,176.0,71.9,23.2
182.3,84.3,25.4,180.0,85.5,26.4
178.0,74.9,23.6,176.7,75.0,24.0
168.6,68.7,24.2,168.1,68.8,24.4
175.9,66.1,21.4,174.6,68.5,22.5
162.3,50.5,19.2,161.8,52.4,20.0
175.1,63.8,20.8,173.3,59.0,19.6
176.5,60.0,19.3,175.5,62.3,20.2
169.7,58.2,20.2,167.3,53.4,19.1
172.5,58.8,19.8,171.1,62.2,21.2
178.8,73.2,22.9,176.7,65.7,21.1
180.0,98.2,30.3,178.5,103.9,32.6
168.5,61.4,21.6,166.7,61.7,22.2
179.8,72.5,22.4,178.0,69.2,21.8
170.9,48.9,16.7,169.6,52.5,18.2
174.4,61.1,20.1,172.6,63.7,21.4
173.6,56.8,18.8,172.5,58.7,19.7
173.7,70.2,23.3,171.7,67.7,23.0
170.0,55.2,19.1,169.3,58.1,20.3
172.7,61.1,20.5,170.9,64.7,22.2
177.8,71.6,22.6,177.4,67.7,21.5
183.7,90.8,26.9,181.6,89.0,27.0
176.7,87.4,28.0,176.1,83.1,26.8
171.8,54.0,18.3,170.8,56.2,19.2
171.4,69.1,23.5,171.0,66.8,22.8
182.6,94.3,28.3,180.3,88.6,27.2
182.9,89.4,26.7,180.3,103.6,31.9
179.0,85.2,26.6,177.3,86.4,27.5
161.8,60.7,23.2,161.5,60.6,23.2
171.1,85.0,29.0,170.4,81.3,28.0
167.7,66.9,23.8,166.9,68.0,24.4
175.5,69.5,22.6,173.2,73.6,24.5
167.0,74.4,26.7,165.8,74.2,27.0
169.1,71.1,24.9,168.0,71.1,25.2
177.0,90.7,29.0,174.8,95.4,31.2
169.2,75.0,26.2,169.0,78.0,27.3
168.9,53.2,18.6,167.8,56.8,20.2
173.6,71.2,23.6,171.6,77.7,26.4
175.1,52.4,17.1,172.9,56.1,18.8
180.1,68.1,21.0,179.0,65.9,20.6
185.3,69.5,20.2,183.2,77.4,23.1
174.5,95.2,31.3,172.6,95.1,31.9
175.5,68.6,22.3,173.8,61.1,20.2
176.7,74.6,23.9,176.2,73.3,23.6
179.2,64.8,20.2,177.6,63.9,20.3
168.8,63.9,22.4,167.9,55.4,19.7
183.8,76.5,22.6,181.7,70.4,21.3
173.8,77.9,25.8,171.9,78.1,26.4
171.5,71.6,24.3,170.6,71.5,24.6
179.5,63.7,19.8,178.4,66.0,20.7
173.6,59.2,19.6,172.8,57.9,19.4
173.1,61.2,20.4,172.7,63.5,21.3
172.4,55.4,18.6,171.6,60.6,20.6
169.9,59.5,20.6,168.7,60.3,21.2
173.9,75.8,25.1,172.5,69.3,23.3
179.2,69.5,21.6,178.1,67.5,21.3
171.1,60.9,20.8,170.0,57.9,20.0
176.2,51.8,16.7,175.1,59.0,19.2
182.7,100.3,30.0,181.6,101.4,30.8
175.4,67.9,22.1,173.0,61.7,20.6
174.0,80.7,26.7,172.6,80.5,27.0
173.2,84.6,28.2,171.5,90.0,30.6
175.4,55.0,17.9,174.0,56.8,18.8
173.8,82.9,27.4,172.4,91.5,30.8
174.4,67.8,22.3,172.6,64.0,21.5
171.4,64.0,21.8,169.9,59.6,20.7
169.4,62.5,21.8,167.8,63.1,22.4
169.8,76.3,26.5,169.2,70.7,24.7
162.5,64.2,24.3,161.7,54.1,20.7
177.8,75.0,23.7,177.0,67.5,21.5
171.3,62.3,21.2,170.5,61.9,21.3
179.2,55.8,17.4,177.8,59.0,18.6
163.3,57.5,21.6,161.7,53.3,20.4
167.1,58.5,21.0,165.1,56.4,20.7
166.3,55.9,20.2,165.4,57.0,20.8
177.5,62.1,19.7,175.8,60.2,19.5
185.6,70.7,20.5,184.5,71.8,21.1
179.3,75.7,23.5,178.7,78.8,24.7
167.5,59.1,21.1,167.1,59.5,21.3
176.3,60.0,19.3,175.3,66.2,21.5
172.4,53.1,17.9,171.1,54.4,18.6
164.8,64.2,23.6,163.5,71.0,26.5
184.2,83.3,24.6,181.6,84.5,25.6
181.3,95.6,29.1,179.9,97.9,30.3
175.9,82.0,26.5,173.7,83.5,27.7
172.5,83.0,27.9,171.5,86.7,29.5
169.6,95.4,33.2,168.3,101.3,35.7
174.0,74.0,24.4,172.5,67.7,22.7
174.1,98.7,32.6,173.0,94.3,31.5
171.7,63.0,21.4,170.9,66.2,22.7
182.9,87.3,26.1,181.1,78.1,23.8
174.5,78.2,25.7,172.3,83.9,28.2
179.3,65.1,20.2,178.1,60.8,19.2
176.1,59.8,19.3,174.6,58.9,19.3
170.6,59.6,20.5,169.4,58.2,20.3
175.0,64.4,21.0,174.3,65.6,21.6
177.4,80.2,25.5,176.0,77.3,25.0
183.5,75.4,22.4,182.3,78.7,23.7
177.2,77.9,24.8,176.0,81.3,26.2
179.2,83.3,25.9,178.3,72.8,22.9
172.3,64.9,21.9,170.7,60.9,20.9
176.4,72.6,23.3,175.6,70.8,23.0
175.9,63.5,20.5,174.8,59.4,19.4
170.5,48.7,16.8,168.3,60.4,21.3
169.1,61.3,21.4,168.1,60.9,21.6
173.3,80.0,26.6,171.1,82.2,28.1
173.5,81.5,27.1,173.2,82.9,27.6
170.9,75.0,25.7,170.4,71.8,24.7
170.2,58.5,20.2,169.3,57.6,20.1
174.1,104.3,34.4,173.9,108.8,36.0
170.0,68.3,23.6,169.0,71.7,25.1
169.4,57.6,20.1,168.1,64.2,22.7
172.4,89.7,30.2,171.8,85.4,28.9
174.8,69.9,22.9,173.7,69.2,23.0
182.1,78.8,23.8,179.8,77.0,23.8
176.2,68.1,21.9,175.3,66.6,21.7
173.3,65.2,21.7,172.6,64.6,21.7
170.8,72.3,24.8,168.8,65.3,22.9
175.3,62.2,20.2,173.7,67.8,22.5
176.1,62.7,20.2,174.9,60.7,19.8
171.5,61.8,21.0,171.3,65.5,22.3
163.1,67.1,25.2,162.3,71.0,26.9
172.3,68.3,23.0,171.3,68.9,23.5
177.6,97.0,30.8,175.7,93.0,30.1
193.7,70.6,18.8,192.0,68.0,18.4
184.5,81.7,24.0,182.5,82.4,24.8
176.1,87.9,28.3,174.6,84.2,27.6
170.1,58.9,20.4,169.0,57.7,20.2
180.4,93.0,28.6,179.6,91.6,28.4
178.3,78.5,24.7,176.7,76.7,24.6
185.0,85.7,25.0,182.8,89.2,26.7
178.5,66.2,20.8,177.2,68.1,21.7
166.2,79.1,28.6,166.1,78.0,28.3
177.7,85.7,27.1,176.6,78.6,25.2
166.2,53.9,19.5,164.6,49.9,18.4
184.1,97.1,28.6,181.5,101.4,30.8
174.9,63.8,20.9,173.9,66.6,22.0
169.8,80.8,28.0,169.6,79.0,27.5
175.4,79.0,25.7,174.5,67.3,22.1
172.9,73.7,24.7,172.3,69.5,23.4
162.6,52.4,19.8,161.7,53.8,20.6
185.3,106.3,31.0,182.0,106.4,32.1
169.7,63.9,22.2,169.1,59.6,20.8
177.7,57.6,18.2,176.3,57.7,18.6
171.9,78.8,26.7,171.1,76.1,26.0
181.9,68.4,20.7,180.5,68.0,20.9
169.0,54.0,18.9,167.5,55.3,19.7
173.9,61.3,20.3,173.2,61.6,20.5
176.7,88.2,28.2,174.9,84.5,27.6
174.9,68.8,22.5,173.3,68.1,22.7
171.7,51.9,17.6,170.6,55.5,19.1
177.4,73.4,23.3,175.2,78.5,25.6
180.0,102.8,31.7,177.4,102.8,32.7
171.5,55.1,18.7,169.9,60.0,20.8
174.1,66.7,22.0,173.5,65.7,21.8
170.6,61.6,21.2,169.5,60.4,21.0
170.3,58.4,20.1,168.8,58.2,20.4
174.7,58.4,19.1,173.3,56.5,18.8
179.6,88.5,27.4,178.5,91.3,28.7
178.1,75.8,23.9,176.9,65.2,20.8
175.0,57.9,18.9,172.5,57.8,19.4
180.0,80.0,24.7,179.0,77.3,24.1
175.7,60.2,19.5,174.3,63.8,21.0
176.7,82.5,26.4,174.8,80.9,26.5
172.7,60.1,20.2,171.3,58.1,19.8
174.1,53.7,17.7,173.1,59.6,19.9
180.0,107.5,33.2,178.6,104.4,32.7
166.9,46.8,16.8,164.8,51.2,18.9
175.9,71.5,23.1,175.6,66.5,21.6
178.5,68.7,21.6,177.8,71.1,22.5
177.5,79.7,25.3,176.8,79.7,25.5
170.0,59.0,20.4,169.0,59.2,20.7
169.2,58.7,20.5,168.3,55.3,19.5
174.9,75.1,24.6,174.3,80.5,26.5
175.0,68.5,22.4,173.0,69.2,23.1
178.7,99.7,31.2,177.4,93.9,29.8
179.7,60.8,18.8,177.5,61.2,19.4
171.7,56.7,19.2,169.6,54.7,19.0
182.5,60.2,18.1,180.6,59.4,18.2
181.7,78.4,23.7,179.9,79.4,24.5
169.9,92.5,32.0,169.4,92.1,32.1
173.0,90.5,30.2,171.3,86.0,29.3
172.5,64.7,21.7,170.3,61.1,21.1
174.5,72.4,23.8,172.9,78.0,26.1
178.6,75.1,23.5,177.4,74.5,23.7
179.7,80.9,25.1,178.6,66.5,20.8
185.3,79.1,23.0,182.7,78.8,23.6
183.9,81.8,24.2,182.0,88.2,26.6
180.2,68.5,21.1,178.6,66.0,20.7
171.6,70.7,24.0,170.2,69.9,24.1
173.6,75.5,25.1,171.8,79.9,27.0
179.3,98.2,30.5,177.4,93.0,29.5
174.2,80.0,26.4,172.7,84.6,28.4
179.1,63.6,19.8,178.6,66.8,20.9
170.2,54.7,18.9,168.6,59.2,20.8
174.5,73.0,24.0,173.3,66.9,22.3
170.0,64.9,22.5,169.2,71.5,25.0
177.0,55.7,17.8,174.6,56.4,18.5
172.1,63.3,21.4,171.5,63.8,21.7
181.0,69.1,21.1,180.1,71.7,22.1
178.6,73.4,23.0,177.5,72.7,23.1
175.5,76.3,24.8,175.1,82.4,26.9
183.0,65.2,19.5,181.4,64.2,19.5
165.1,68.8,25.2,164.7,69.3,25.6
176.1,63.9,20.6,174.4,61.8,20.3
176.9,80.5,25.7,175.4,78.1,25.4
176.0,64.7,20.9,175.0,68.2,22.3
172.1,61.0,20.6,171.3,61.8,21.1
182.3,70.1,21.1,181.2,68.8,21.0
172.5,74.1,24.9,171.7,73.0,24.8
180.7,69.7,21.3,180.2,74.5,22.9
168.6,50.3,17.7,165.9,50.3,18.3
167.8,55.2,19.6,167.4,55.5,19.8
167.8,49.5,17.6,166.2,53.7,19.4
176.6,66.9,21.5,175.2,63.2,20.6
164.8,49.6,18.3,162.5,50.7,19.2
170.1,78.9,27.3,169.8,71.3,24.7
163.1,41.3,15.5,161.6,46.9,18.0
178.1,65.5,20.6,176.6,69.7,22.3
181.0,78.8,24.1,180.1,83.5,25.7
175.0,59.4,19.4,174.2,57.8,19.0
174.8,61.0,20.0,172.6,62.7,21.1
177.6,64.4,20.4,175.8,69.0,22.3
178.8,79.4,24.8,176.6,81.2,26.0
172.4,56.4,19.0,170.5,56.5,19.4
185.0,70.4,20.6,182.5,65.8,19.8
176.1,74.1,23.9,174.9,71.6,23.4
180.2,72.0,22.2,179.3,75.9,23.6
174.4,73.7,24.2,172.7,68.5,23.0
176.2,69.8,22.5,174.2,64.1,21.1
178.3,115.4,36.3,176.2,104.4,33.6
177.1,60.2,19.2,175.0,53.7,17.5
169.3,71.3,24.9,168.6,74.6,26.2
182.2,64.6,19.5,180.7,61.8,18.9
181.4,103.9,31.6,180.1,106.1,32.7
186.7,97.7,28.0,184.1,99.3,29.3
174.6,66.4,21.8,174.3,70.5,23.2
176.7,80.7,25.8,175.2,75.0,24.4
175.7,62.9,20.4,174.7,69.8,22.9
175.2,70.0,22.8,173.7,61.6,20.4
169.7,70.3,24.4,169.2,72.0,25.1
168.7,63.7,22.4,167.0,55.5,19.9
171.4,89.5,30.5,170.7,99.5,34.2
177.5,83.2,26.4,176.5,87.6,28.1
173.6,55.2,18.3,171.0,53.7,18.4
181.1,88.7,27.0,179.9,91.6,28.3
176.3,64.6,20.8,174.6,68.1,22.3
172.7,51.9,17.4,170.7,54.2,18.6
172.6,74.5,25.0,172.5,72.2,24.2
169.5,55.7,19.4,167.6,52.7,18.8
164.6,46.4,17.1,162.0,47.6,18.2
184.4,101.1,29.7,182.7,89.9,26.9
168.5,70.3,24.8,167.2,73.3,26.2
170.7,73.9,25.4,169.1,68.2,23.9
166.3,55.7,20.1,164.5,52.0,19.2
175.1,61.9,20.2,173.6,60.3,20.0
163.0,55.3,20.8,161.4,52.0,20.0
174.7,63.8,20.9,173.6,59.5,19.7
183.0,81.5,24.3,180.9,81.9,25.0
174.3,66.5,21.9,172.3,62.4,21.0
170.6,92.3,31.7,168.6,93.0,32.7
168.7,67.1,23.6,168.3,65.3,23.1
174.6,75.9,24.9,172.8,79.4,26.6
172.1,75.7,25.6,170.7,76.2,26.1
187.2,84.4,24.1,185.8,81.4,23.6
177.9,68.3,21.6,176.6,67.5,21.6
177.5,65.1,20.7,176.3,66.4,21.4
180.8,85.9,26.3,178.7,81.2,25.4
183.5,63.1,18.7,182.6,66.5,20.0
167.7,71.9,25.6,167.7,68.1,24.2
173.5,57.2,19.0,172.1,60.0,20.3
186.2,88.8,25.6,185.1,82.8,24.2
186.1,83.1,24.0,185.2,73.4,21.4
168.4,45.2,15.9,166.2,47.3,17.1
178.1,77.0,24.3,177.1,80.7,25.7
176.5,67.8,21.8,176.0,65.5,21.2
178.8,73.1,22.9,178.4,65.7,20.7
174.7,77.1,25.3,173.9,73.4,24.3
169.5,59.0,20.5,166.9,61.2,22.0
162.6,72.5,27.4,162.4,71.3,27.0
173.6,72.9,24.2,173.2,68.0,22.7
181.2,73.8,22.5,179.0,68.2,21.3
167.9,68.6,24.3,167.7,71.1,25.3
178.8,73.7,23.1,177.1,75.0,23.9
175.3,68.9,22.4,174.3,70.1,23.1
175.6,64.3,20.9,174.9,72.2,23.6
169.9,55.8,19.3,168.3,58.7,20.7
173.6,69.7,23.1,172.8,71.0,23.8
175.7,77.2,25.0,174.1,73.8,24.4
175.0,53.1,17.3,173.3,62.0,20.7
174.6,81.6,26.8,173.0,77.6,25.9
165.4,60.5,22.1,164.5,57.1,21.1
174.3,96.0,31.6,172.3,100.4,33.8
183.4,68.4,20.3,181.4,67.0,20.3
163.4,49.4,18.5,161.0,46.0,17.7
173.0,80.3,26.8,172.0,75.1,25.4
181.6,74.1,22.5,179.2,74.0,23.1
164.4,59.6,22.1,164.5,60.7,22.4
170.7,91.0,31.2,171.2,87.0,29.7
180.6,82.2,25.2,178.4,71.4,22.4
185.2,69.4,20.2,182.8,73.3,21.9
188.2,97.3,27.5,186.0,96.8,28.0
179.4,68.9,21.4,177.7,67.6,21.4
189.8,80.8,22.4,188.1,80.9,22.9
181.9,72.5,21.9,180.4,74.8,23.0
173.7,78.8,26.1,172.7,80.6,27.0
179.3,58.3,18.1,177.5,56.5,17.9
170.8,47.3,16.2,169.2,48.8,17.1
171.0,51.0,17.4,169.1,54.1,18.9
182.0,83.3,25.1,180.4,75.9,23.3
170.7,62.3,21.4,168.5,60.9,21.5
171.0,91.6,31.3,170.1,82.5,28.5
177.4,75.3,23.9,175.3,70.9,23.1
171.4,70.6,24.0,169.1,70.5,24.7
170.4,75.8,26.1,170.1,82.3,28.5
180.0,86.8,26.8,178.2,86.4,27.2
173.6,79.2,26.3,171.6,80.5,27.4
174.4,75.8,24.9,172.9,67.9,22.7
172.3,80.0,26.9,171.5,88.3,30.0
181.2,74.5,22.7,180.2,77.0,23.7
177.8,69.5,22.0,176.0,72.2,23.3
173.9,73.2,24.2,172.7,58.1,19.5
184.9,91.3,26.7,182.2,85.8,25.8
162.5,74.3,28.1,161.4,63.8,24.5
170.1,82.5,28.5,169.1,90.3,31.6
169.6,71.9,25.0,169.6,74.9,26.0
182.9,72.4,21.6,180.7,70.5,21.6
179.3,76.7,23.9,177.4,78.5,24.9
168.8,57.9,20.3,167.8,57.2,20.3
179.4,63.3,19.7,177.7,66.6,21.1
172.2,63.3,21.3,171.7,68.2,23.1
181.2,80.8,24.6,179.0,87.0,27.2
179.4,73.2,22.7,177.2,81.4,25.9
167.2,61.0,21.8,167.5,60.3,21.5
181.5,58.2,17.7,179.2,58.2,18.1
184.7,66.4,19.5,183.4,68.6,20.4
184.8,92.4,27.1,183.1,90.7,27.1
176.1,67.3,21.7,175.0,69.8,22.8
182.2,67.3,20.3,180.9,69.8,21.3
178.0,94.2,29.7,176.5,92.7,29.8
177.8,56.2,17.8,175.5,58.8,19.1
170.9,65.7,22.5,169.5,66.4,23.1
175.2,59.3,19.3,173.7,61.6,20.4
169.8,80.9,28.1,168.2,77.9,27.5
171.5,73.3,24.9,170.8,66.4,22.8
171.9,82.4,27.9,170.8,80.6,27.6
173.6,69.4,23.0,172.0,73.5,24.8
173.8,73.8,24.4,172.0,85.4,28.9
178.2,99.8,31.4,176.4,90.9,29.2
178.3,51.4,16.2,175.7,54.7,17.7
169.1,58.4,20.4,168.1,56.7,20.1
183.5,81.3,24.1,182.3,80.9,24.4
176.6,89.9,28.8,175.6,91.1,29.6
180.7,68.3,20.9,179.0,67.1,20.9
174.5,52.6,17.3,171.8,54.9,18.6
168.7,88.9,31.2,168.9,86.1,30.2
188.2,65.3,18.4,186.2,64.5,18.6
183.1,94.8,28.3,182.0,94.3,28.5
168.0,67.5,23.9,168.3,63.9,22.6
178.8,60.1,18.8,177.5,62.4,19.8
176.4,71.0,22.8,174.7,75.0,24.6
171.6,93.7,31.8,171.9,97.3,32.9
171.9,58.3,19.7,170.5,57.6,19.8
175.8,57.6,18.6,174.6,55.1,18.1
175.5,57.3,18.6,174.4,56.9,18.7
166.3,58.9,21.3,165.2,64.7,23.7
169.3,75.5,26.3,168.8,74.3,26.1
185.7,112.6,32.7,184.2,94.6,27.9
170.9,73.6,25.2,170.0,76.3,26.4
172.0,75.0,25.4,170.0,73.6,25.5
182.5,68.2,20.5,180.8,69.2,21.2
170.9,82.6,28.3,171.1,85.8,29.3
170.2,77.9,26.9,169.5,74.2,25.8
183.2,75.1,22.4,181.1,77.9,23.7
164.8,68.1,25.1,164.7,66.0,24.3
176.9,100.1,32.0,174.7,100.0,32.8
171.8,86.8,29.4,171.4,87.4,29.8
179.5,83.5,25.9,177.5,77.8,24.7
171.5,63.9,21.7,171.0,63.8,21.8
171.7,68.0,23.1,170.5,57.2,19.7
170.7,71.1,24.4,169.1,67.9,23.8
163.6,51.2,19.1,161.2,49.3,19.0
175.1,70.1,22.9,173.1,77.7,25.9
175.2,69.9,22.8,173.2,67.3,22.4
170.8,61.8,21.2,169.0,51.6,18.1
173.8,66.1,21.9,172.3,62.9,21.2
186.1,74.1,21.4,185.1,78.0,22.8
174.9,55.3,18.1,173.8,56.2,18.6
175.0,69.9,22.8,173.8,69.8,23.1
181.1,113.8,34.7,179.7,104.0,32.2
176.6,113.1,36.3,175.0,98.0,32.0
172.9,56.2,18.8,171.9,59.5,20.1
171.3,57.4,19.6,169.3,54.0,18.8
170.3,66.3,22.9,169.9,63.5,22.0
165.9,63.4,23.0,164.2,64.4,23.9
182.6,66.6,20.0,181.3,69.3,21.1
175.1,73.0,23.8,174.5,77.4,25.4
180.9,84.4,25.8,179.4,77.6,24.1
173.7,60.7,20.1,172.2,57.9,19.5
189.5,96.0,26.7,187.9,91.7,26.0
175.0,66.9,21.8,174.6,68.3,22.4
172.7,66.0,22.1,170.4,72.7,25.0
174.7,93.9,30.8,173.4,89.4,29.7
176.3,64.8,20.8,173.9,62.6,20.7
169.6,59.0,20.5,168.8,56.6,19.9
171.6,70.2,23.8,171.4,69.6,23.7
164.2,84.9,31.5,162.9,81.1,30.6
169.9,66.6,23.1,168.6,64.9,22.8
176.3,74.5,24.0,175.6,79.1,25.6
175.9,55.6,18.0,174.3,56.3,18.5
181.8,91.1,27.6,179.8,85.1,26.3
174.3,72.3,23.8,173.3,68.4,22.8
175.8,54.8,17.7,174.5,56.3,18.5
176.3,80.2,25.8,175.1,84.0,27.4
170.0,80.9,28.0,168.6,74.9,26.3
176.2,78.0,25.1,174.5,76.9,25.2
175.1,72.2,23.5,172.9,78.0,26.1
173.1,89.2,29.8,171.5,97.4,33.1
176.6,69.0,22.1,174.3,70.9,23.3
186.9,106.7,30.5,183.8,107.3,31.8
179.6,54.9,17.0,178.6,54.5,17.1
179.6,76.7,23.8,178.4,77.6,24.4
174.4,60.2,19.8,172.2,58.6,19.8
176.1,65.0,21.0,174.3,67.0,22.0
172.7,98.3,33.0,171.9,91.7,31.0
168.5,68.3,24.1,167.5,66.2,23.6
176.5,81.8,26.3,175.0,81.8,26.7
178.6,71.0,22.3,176.5,66.1,21.2
177.3,60.9,19.4,175.4,63.0,20.5
176.5,84.3,27.1,175.1,86.0,28.0
169.2,65.2,22.8,168.9,64.9,22.7
175.4,60.0,19.5,173.0,60.8,20.3
177.9,62.4,19.7,177.0,64.2,20.5
176.9,58.6,18.7,175.6,55.1,17.9
163.5,58.4,21.8,162.3,58.8,22.3
175.1,86.9,28.3,173.2,80.1,26.7
179.0,60.3,18.8,177.4,64.1,20.4
174.8,82.2,26.9,172.9,82.0,27.5
173.1,63.0,21.0,172.8,65.6,22.0
176.4,61.1,19.6,174.2,59.0,19.4
170.1,66.6,23.0,169.6,58.2,20.2
167.9,55.9,19.8,167.2,56.1,20.1
175.8,96.7,31.3,174.6,96.2,31.6
172.5,109.0,36.6,170.9,104.8,35.9
173.8,87.1,28.8,172.9,89.7,30.0
176.5,70.0,22.5,175.6,71.9,23.3
178.3,65.9,20.7,176.8,64.7,20.7
165.7,94.5,34.4,166.5,101.5,36.6
181.9,84.8,25.6,179.2,83.7,26.1
169.0,64.7,22.7,167.8,59.3,21.1
164.8,85.0,31.3,163.8,92.7,34.5
178.0,54.4,17.2,175.5,58.5,19.0
173.2,80.0,26.7,172.1,75.1,25.3
172.7,54.3,18.2,170.8,58.9,20.2
167.1,56.5,20.2,165.2,56.0,20.5
172.2,75.6,25.5,171.6,74.3,25.2
173.5,59.5,19.8,171.3,55.2,18.8
172.4,73.4,24.7,171.8,75.5,25.6
167.6,83.5,29.7,166.3,77.3,28.0
170.9,62.7,21.5,170.3,59.0,20.3
179.4,73.1,22.7,177.0,70.0,22.3
182.5,90.3,27.1,181.7,90.5,27.4
173.7,72.7,24.1,171.7,67.7,23.0
172.7,59.0,19.8,171.7,68.2,23.1
176.4,81.8,26.3,175.1,76.8,25.0
174.7,60.7,19.9,173.3,57.2,19.0
174.9,66.7,21.8,173.8,63.0,20.9
170.7,102.9,35.3,168.7,96.9,34.1
174.2,85.6,28.2,172.6,81.3,27.3
178.6,73.5,23.0,176.4,72.2,23.2
176.6,74.0,23.7,175.4,69.2,22.5
173.3,82.2,27.4,172.3,88.7,29.9
170.8,69.6,23.9,169.7,74.9,26.0
177.7,73.0,23.1,176.0,71.2,23.0
171.2,58.5,20.0,169.8,56.6,19.6
171.0,58.8,20.1,170.0,63.7,22.0
167.2,67.7,24.2,166.3,66.0,23.9
166.6,71.4,25.7,165.6,77.8,28.4
173.7,60.9,20.2,173.8,60.3,19.9
177.6,82.8,26.3,177.0,84.5,27.0
170.0,52.2,18.1,169.1,55.3,19.3
185.1,78.1,22.8,183.0,81.6,24.4
174.8,53.1,17.4,172.4,52.8,17.7
178.9,75.4,23.6,176.6,77.5,24.9
174.7,77.4,25.4,172.8,80.7,27.0
185.8,79.7,23.1,183.5,86.6,25.7
170.8,65.1,22.3,168.9,60.4,21.2
171.0,52.1,17.8,168.9,54.0,18.9
172.4,107.7,36.2,171.2,101.5,34.7
174.8,53.3,17.4,173.7,63.9,21.2
173.3,81.2,27.0,171.6,82.0,27.8
174.3,76.3,25.1,172.3,78.8,26.6
180.2,55.2,17.0,179.2,57.2,17.8
172.1,67.8,22.9,170.0,61.6,21.3
182.1,71.7,21.6,181.4,75.5,22.9
175.2,78.1,25.4,174.5,76.7,25.2
170.6,61.0,21.0,169.7,64.2,22.3
176.3,64.3,20.7,175.5,68.2,22.1
170.0,61.5,21.3,168.2,60.1,21.2
176.3,70.0,22.5,174.8,70.2,23.0
175.9,72.4,23.4,175.4,76.6,24.9
179.9,63.8,19.7,178.5,65.3,20.5
176.3,58.1,18.7,174.1,54.6,18.0
166.8,72.0,25.9,165.8,69.8,25.4
174.4,83.3,27.4,172.2,79.8,26.9
170.1,66.7,23.1,168.7,64.9,22.8
182.3,71.6,21.5,181.5,69.1,21.0
166.2,63.2,22.9,164.4,61.2,22.7
175.7,66.1,21.4,174.8,67.2,22.0
164.2,60.9,22.6,162.7,60.0,22.7
177.5,85.6,27.2,176.0,87.3,28.2
171.1,62.6,21.4,170.5,65.8,22.7
178.7,87.0,27.2,178.1,82.2,25.9
169.3,79.2,27.6,168.0,76.4,27.1
176.1,72.3,23.3,174.8,59.2,19.4
185.6,106.2,30.8,182.5,102.1,30.6
160.4,59.0,22.9,159.6,61.4,24.1
183.1,62.7,18.7,181.9,61.4,18.6
176.8,65.6,21.0,175.2,64.4,21.0
183.3,86.2,25.7,180.9,89.6,27.4
166.0,56.2,20.4,164.2,56.7,21.0
179.0,64.6,20.2,177.8,63.5,20.1
185.6,81.9,23.8,184.5,76.6,22.5
176.3,89.6,28.8,173.8,82.7,27.4
177.0,87.5,27.9,175.2,90.5,29.5
174.7,83.0,27.2,173.0,79.7,26.6
177.0,81.8,26.1,176.4,86.8,27.9
180.9,80.4,24.6,180.2,79.2,24.4
170.6,79.7,27.4,169.4,76.8,26.8
179.7,96.3,29.8,177.0,97.3,31.0
174.3,67.4,22.2,173.7,68.1,22.6
176.7,66.8,21.4,175.3,65.7,21.4
165.2,65.4,24.0,164.0,62.0,23.1
181.2,76.1,23.2,180.0,73.5,22.7
168.8,78.2,27.4,167.6,78.9,28.1
175.7,59.6,19.3,174.6,55.2,18.1
181.5,90.6,27.5,179.7,87.4,27.1
180.4,71.3,21.9,179.2,74.7,23.3
179.4,87.0,27.0,177.5,80.9,25.7
169.4,59.1,20.6,168.1,57.8,20.4
173.9,64.4,21.3,172.4,69.0,23.2
178.7,60.0,18.8,177.0,65.8,21.0
179.2,79.8,24.9,177.1,79.3,25.3
174.7,66.8,21.9,173.5,71.3,23.7
168.7,61.9,21.8,167.9,55.8,19.8
177.8,69.2,21.9,175.7,72.8,23.6
174.7,74.0,24.2,173.6,72.7,24.1
190.4,79.9,22.0,188.2,83.0,23.4
173.5,92.2,30.6,171.4,84.4,28.7
174.7,71.1,23.3,174.2,67.3,22.2
167.0,60.0,21.5,166.9,61.6,22.1
178.9,94.6,29.6,177.4,87.0,27.7
178.2,69.9,22.0,177.3,65.8,20.9
168.4,54.1,19.1,167.6,58.1,20.7
174.6,77.0,25.3,173.4,82.6,27.5
174.9,62.4,20.4,173.5,63.1,21.0
168.1,60.9,21.6,166.0,57.3,20.8
170.1,66.7,23.1,170.0,64.1,22.2
179.6,119.8,37.1,177.0,111.7,35.7
174.4,98.7,32.5,172.5,96.0,32.3
175.2,80.2,26.1,174.3,85.4,28.1
163.9,55.6,20.7,161.8,52.0,19.9
178.1,79.3,25.0,175.9,81.1,26.2
178.5,96.9,30.4,177.2,91.7,29.2
177.8,64.4,20.4,175.7,63.1,20.4
163.4,65.0,24.3,162.8,66.0,24.9
173.6,78.1,25.9,172.9,83.6,28.0
182.9,74.1,22.2,181.8,68.8,20.8
172.3,53.8,18.1,171.9,57.2,19.4
187.1,77.2,22.1,185.0,71.3,20.8
182.0,71.0,21.4,179.8,74.4,23.0
171.6,67.5,22.9,171.6,72.5,24.6
176.8,75.5,24.2,175.8,73.0,23.6
175.4,83.6,27.2,174.4,81.6,26.8
184.3,81.0,23.8,182.7,85.0,25.5
174.5,55.7,18.3,172.3,58.9,19.8
177.9,60.0,19.0,176.2,62.9,20.3
177.9,66.6,21.0,176.3,62.6,20.1
177.1,52.2,16.6,176.3,58.0,18.6
172.6,77.0,25.8,171.6,71.0,24.1
179.5,105.1,32.6,177.3,107.1,34.0
179.6,92.1,28.6,178.2,91.4,28.8
173.8,92.0,30.5,172.4,97.9,32.9
173.3,56.3,18.7,171.4,60.4,20.6
185.1,84.8,24.8,183.4,86.2,25.6
178.1,61.5,19.4,175.8,57.2,18.5
176.4,89.6,28.8,175.1,85.5,27.9
168.9,76.0,26.6,168.2,74.8,26.4
178.2,67.7,21.3,177.1,69.8,22.3
183.7,106.1,31.4,182.1,109.0,32.9
169.3,63.1,22.0,168.2,63.5,22.4
181.8,60.8,18.4,180.5,62.3,19.1
176.7,54.7,17.5,176.2,53.8,17.3
180.5,78.0,23.9,177.9,77.7,24.5
168.3,84.5,29.8,167.5,87.1,31.1
178.5,63.5,19.9,176.6,58.1,18.6
178.6,59.7,18.7,177.3,65.7,20.9
175.9,76.1,24.6,174.8,72.0,23.6
174.9,85.1,27.8,174.0,74.6,24.6
186.8,72.7,20.8,185.0,68.1,19.9
171.5,73.6,25.0,170.0,72.7,25.1
180.6,104.2,31.9,178.9,108.8,34.0
174.0,67.0,22.1,172.3,72.7,24.5
176.1,65.5,21.1,175.3,59.2,19.3
173.4,76.6,25.5,171.4,82.5,28.1
173.3,81.0,27.0,172.3,94.2,31.7
165.1,81.8,30.0,165.9,78.4,28.5
175.9,68.4,22.1,174.7,66.4,21.8
176.3,74.6,24.0,174.3,69.7,22.9
175.2,74.0,24.1,173.6,77.1,25.6
181.3,82.1,25.0,179.0,84.7,26.4
173.1,64.9,21.7,171.6,58.6,19.9
174.9,67.8,22.2,172.7,62.3,20.9
180.7,89.2,27.3,180.0,89.6,27.6
168.0,57.9,20.5,167.6,59.9,21.3
173.8,75.9,25.1,171.8,73.2,24.8
175.4,96.1,31.2,174.3,90.2,29.7
168.1,58.3,20.6,166.3,55.2,20.0
178.8,82.4,25.8,177.3,79.4,25.3
172.8,62.6,21.0,170.6,65.6,22.6
173.4,67.1,22.3,171.5,64.3,21.9
179.9,62.9,19.4,179.4,62.3,19.3
168.3,67.6,23.9,167.2,65.2,23.3
173.8,82.8,27.4,171.8,77.5,26.3
173.5,95.3,31.7,172.6,95.0,31.9
173.5,86.0,28.6,171.8,82.4,27.9
171.4,52.9,18.0,169.1,57.4,20.1
166.7,57.0,20.5,165.3,50.9,18.6
171.1,73.9,25.2,169.7,71.0,24.7
173.9,70.6,23.3,173.0,67.7,22.6
161.2,53.5,20.6,160.0,54.4,21.3
172.0,69.0,23.3,171.8,72.4,24.5
176.3,85.8,27.6,175.3,85.7,27.9
165.4,71.0,26.0,164.2,65.6,24.3
180.5,112.3,34.5,178.6,107.5,33.7
173.0,59.2,19.8,171.2,56.5,19.3
179.6,70.9,22.0,177.5,78.2,24.8
182.1,76.0,22.9,180.3,68.6,21.1
179.3,85.1,26.5,178.0,78.6,24.8
181.0,69.8,21.3,180.1,66.1,20.4
172.7,55.8,18.7,171.6,59.2,20.1
182.8,102.4,30.6,181.0,104.6,31.9
171.4,66.1,22.5,169.7,64.0,22.2
180.3,62.0,19.1,178.6,62.2,19.5
175.7,84.7,27.4,175.1,82.4,26.9
183.4,70.2,20.9,181.9,72.1,21.8
173.2,67.0,22.3,171.8,69.5,23.6
183.2,95.7,28.5,180.9,89.5,27.3
173.5,84.6,28.1,171.6,75.5,25.6
172.3,70.5,23.7,172.2,69.8,23.5
167.3,58.2,20.8,164.9,57.9,21.3
172.4,53.5,18.0,171.1,53.7,18.3
169.6,73.8,25.7,168.7,74.9,26.3
175.7,69.8,22.6,173.7,58.9,19.5
176.1,80.1,25.8,174.9,75.3,24.6
171.6,60.4,20.5,170.2,58.2,20.1
177.2,64.1,20.4,175.2,57.6,18.8
175.9,69.2,22.4,174.7,75.6,24.8
170.0,72.3,25.0,168.9,72.2,25.3
166.9,53.2,19.1,165.9,57.6,20.9
165.3,80.5,29.5,164.0,80.7,30.0
174.1,69.9,23.1,173.4,75.6,25.1
169.8,61.8,21.4,168.0,61.5,21.8
169.7,63.8,22.2,169.6,67.9,23.6
175.0,83.5,27.3,172.8,78.2,26.2
181.7,79.9,24.2,179.7,73.0,22.6
168.5,65.9,23.2,168.2,66.3,23.5
170.8,67.9,23.3,169.6,72.5,25.2
164.8,65.6,24.2,163.7,63.2,23.6
165.6,50.8,18.5,164.6,52.4,19.3
170.9,65.6,22.5,169.7,61.6,21.4
172.6,86.5,29.0,172.1,85.6,28.9
169.9,48.1,16.7,167.8,51.8,18.4
173.5,51.2,17.0,171.6,50.3,17.1
166.6,80.0,28.8,166.8,80.0,28.8
169.7,48.5,16.8,168.4,56.7,20.0
178.4,62.0,19.5,177.4,58.9,18.7
181.3,84.9,25.8,178.9,79.2,24.7
186.7,114.2,32.8,183.9,108.3,32.0
170.2,65.4,22.6,168.9,69.3,24.3
172.1,62.7,21.2,171.5,65.2,22.2
174.4,74.6,24.5,173.9,70.8,23.4
176.9,62.3,19.9,175.9,65.4,21.1
183.2,98.6,29.4,181.3,85.0,25.8
170.5,75.0,25.8,168.4,69.4,24.5
176.0,82.3,26.6,175.5,83.5,27.1
168.1,54.1,19.1,166.6,58.9,21.2
172.0,60.0,20.3,171.0,59.4,20.3
174.2,59.2,19.5,173.9,63.1,20.9
172.6,59.6,20.0,171.3,57.5,19.6
177.7,60.4,19.1,176.3,62.2,20.0
176.0,73.1,23.6,173.8,80.1,26.5
193.1,102.7,27.5,189.7,100.9,28.0
175.1,88.8,29.0,174.0,97.5,32.2
172.6,72.8,24.4,171.1,69.0,23.5
165.1,60.4,22.2,163.1,56.3,21.2
172.5,53.1,17.8,171.0,52.7,18.0
163.8,79.4,29.6,163.3,77.5,29.1
169.9,69.8,24.2,169.6,69.4,24.1
167.6,53.3,19.0,165.7,53.5,19.5
168.9,64.6,22.6,168.0,63.3,22.4
176.5,95.6,30.7,175.3,85.2,27.7
181.9,99.5,30.1,178.9,97.1,30.3
168.9,53.9,18.9,167.4,51.5,18.4
174.6,69.7,22.9,174.1,73.4,24.2
179.4,86.0,26.7,177.1,83.6,26.6
180.1,80.0,24.7,177.7,77.7,24.6
179.8,63.8,19.7,177.8,60.5,19.1
169.9,67.8,23.5,168.9,65.8,23.1
175.2,65.5,21.3,173.9,62.6,20.7
168.9,66.8,23.4,167.8,66.9,23.8
173.5,76.5,25.4,172.7,77.8,26.1
172.5,55.1,18.5,171.0,60.7,20.7
169.7,83.5,29.0,168.8,89.0,31.2
173.0,69.0,23.1,170.8,61.9,21.2
183.9,67.3,19.9,181.5,67.6,20.5
164.3,59.2,21.9,163.3,59.2,22.2
179.6,84.9,26.3,178.2,89.3,28.1
176.7,62.6,20.0,175.8,58.3,18.9
172.0,68.7,23.2,171.2,72.2,24.6
175.3,78.3,25.5,172.8,82.3,27.6
178.9,67.1,21.0,176.8,65.5,21.0
176.8,61.6,19.7,174.6,60.2,19.8
174.4,72.0,23.7,173.1,73.8,24.6
172.0,72.0,24.3,170.2,75.1,25.9
170.2,60.0,20.7,168.2,61.9,21.9
174.7,80.6,26.4,172.8,80.2,26.9
181.2,65.7,20.0,180.6,66.9,20.5
173.9,56.5,18.7,171.9,57.3,19.4
178.6,60.8,19.1,177.6,61.9,19.6
175.6,70.8,23.0,173.8,70.4,23.3
181.2,80.7,24.6,179.1,80.8,25.2
180.0,72.8,22.5,177.9,68.9,21.8
170.4,63.8,22.0,168.7,63.4,22.3
179.7,59.4,18.4,178.2,57.7,18.2
172.2,84.0,28.3,170.9,79.7,27.3
173.0,61.7,20.6,172.0,61.5,20.8
175.0,78.2,25.5,173.3,72.7,24.2
172.3,80.2,27.0,170.4,73.6,25.3
172.0,52.4,17.7,170.7,52.5,18.0
165.6,68.9,25.1,164.9,73.9,27.2
184.7,89.1,26.1,182.3,88.7,26.7
162.3,56.2,21.3,161.9,55.0,21.0
186.2,78.7,22.7,183.9,71.0,21.0
179.7,77.3,23.9,178.5,68.0,21.4
189.3,102.8,28.7,186.3,102.6,29.6
168.2,63.2,22.3,166.8,60.6,21.8
166.6,66.1,23.8,164.5,66.0,24.4
177.2,62.9,20.0,175.7,68.2,22.1
178.0,62.1,19.6,177.2,59.7,19.0
168.6,73.1,25.7,168.9,75.0,26.3
178.8,66.4,20.8,177.5,67.2,21.3
167.2,74.0,26.5,167.6,74.1,26.4
164.1,45.4,16.9,162.0,48.4,18.5
174.8,76.6,25.1,174.1,79.1,26.1
163.0,71.0,26.7,162.9,70.8,26.7
171.1,68.3,23.3,169.5,67.8,23.6
180.0,99.3,30.6,179.1,100.1,31.2
179.4,74.9,23.3,178.4,71.2,22.4
179.4,94.9,29.5,178.1,92.2,29.0
180.9,71.7,21.9,180.0,72.9,22.5
174.3,66.7,22.0,172.2,66.1,22.3
159.6,75.3,29.6,160.9,78.6,30.4
181.3,80.5,24.5,180.2,80.8,24.9
170.7,55.8,19.1,169.9,67.2,23.3
178.4,71.9,22.6,176.6,67.6,21.7
169.1,63.1,22.1,168.6,65.4,23.0
181.5,78.9,24.0,179.4,75.2,23.4
177.5,72.0,22.9,176.4,72.4,23.3
164.1,54.9,20.4,162.8,56.7,21.4
170.9,80.8,27.7,169.4,79.5,27.7
181.0,85.7,26.2,179.1,80.4,25.1
170.8,70.9,24.3,170.1,58.9,20.3
165.2,73.5,26.9,165.2,75.9,27.8
175.2,87.9,28.6,173.9,86.0,28.4
171.2,52.8,18.0,168.3,50.9,18.0
169.5,53.7,18.7,166.7,51.4,18.5
180.1,60.5,18.7,178.5,72.8,22.8
168.9,61.6,21.6,168.8,65.7,23.1
171.3,51.7,17.6,169.7,58.3,20.2
183.4,89.9,26.7,180.9,84.5,25.8
166.1,56.6,20.5,165.0,54.9,20.2
178.7,59.5,18.6,176.9,60.1,19.2
176.4,78.6,25.3,175.3,76.7,24.9
178.4,72.2,22.7,177.3,77.0,24.5
182.9,91.8,27.4,181.4,89.8,27.3
185.4,85.4,24.8,183.6,84.6,25.1
180.5,57.2,17.6,178.3,54.6,17.2
178.7,75.8,23.7,176.5,74.2,23.8
182.5,67.7,20.3,180.0,61.1,18.9
181.4,74.3,22.6,180.4,78.2,24.0
170.9,73.4,25.1,170.4,71.1,24.5
180.1,66.2,20.4,178.7,72.9,22.8
172.6,58.5,19.6,170.1,56.5,19.5
169.2,53.6,18.7,167.6,49.7,17.7
166.8,45.6,16.4,164.6,49.8,18.4
184.3,86.9,25.6,182.2,83.1,25.1
175.3,62.1,20.2,173.1,67.2,22.4
172.4,70.2,23.6,172.2,69.4,23.4
173.7,80.2,26.6,173.1,77.8,26.0
181.3,92.2,28.1,179.4,87.2,27.1
171.2,84.1,28.7,169.8,84.1,29.2
169.1,79.2,27.7,167.9,76.3,27.0
181.2,64.4,19.6,179.3,65.1,20.3
175.3,63.4,20.6,174.5,63.3,20.8
170.6,66.2,22.7,169.6,59.7,20.8
167.5,48.5,17.3,164.9,52.2,19.2
168.0,75.6,26.8,167.1,74.5,26.7
174.8,56.2,18.4,172.7,59.6,20.0
170.2,57.9,20.0,169.6,62.1,21.6
183.5,120.6,35.8,181.3,116.3,35.4
162.9,54.4,20.5,161.2,57.0,21.9
173.0,72.3,24.2,172.3,68.1,22.9
172.9,62.4,20.9,171.6,63.8,21.7
176.9,72.9,23.3,175.3,68.3,22.2
167.4,71.0,25.3,166.3,76.9,27.8
163.6,57.7,21.6,163.4,59.9,22.4
186.1,76.1,22.0,184.0,73.4,21.7
168.3,53.2,18.8,167.3,53.9,19.2
180.0,59.4,18.3,178.9,65.7,20.5
174.2,70.6,23.3,173.7,68.2,22.6
174.9,94.1,30.8,172.4,95.2,32.0
169.6,66.0,22.9,169.5,65.3,22.7
172.1,69.3,23.4,171.8,70.6,23.9
171.9,63.5,21.5,170.1,58.1,20.1
177.9,65.5,20.7,175.7,58.0,18.8
178.6,61.6,19.3,176.0,57.7,18.6
175.6,82.6,26.8,174.5,90.2,29.6
185.9,89.6,25.9,183.3,84.4,25.1
171.7,60.5,20.5,170.0,59.0,20.4
177.0,73.3,23.4,175.2,75.9,24.7
180.2,69.7,21.5,179.2,69.4,21.6
176.9,66.5,21.3,175.9,100.9,32.6
177.7,74.1,23.5,176.2,71.3,23.0
163.7,74.2,27.7,162.4,67.3,25.5
166.5,59.6,21.5,166.1,68.6,24.9
176.2,73.4,23.6,175.2,72.4,23.6
162.1,58.0,22.1,160.8,54.9,21.2
174.6,73.2,24.0,173.9,73.0,24.2
173.8,75.2,24.9,173.2,70.4,23.5
167.9,59.8,21.2,166.1,62.9,22.8
184.9,75.4,22.1,183.7,74.5,22.1
167.3,62.7,22.4,166.4,62.4,22.5
180.6,70.3,21.6,180.3,68.3,21.0
181.4,104.5,31.8,180.0,98.5,30.4
178.1,58.8,18.5,176.6,59.8,19.2
168.6,61.3,21.6,167.8,58.9,20.9
172.8,58.1,19.5,171.6,54.1,18.4
174.3,68.7,22.6,174.0,67.2,22.2
179.8,54.1,16.7,178.1,57.1,18.0
180.1,96.3,29.7,178.2,91.4,28.8
176.8,54.9,17.6,176.2,53.5,17.2
176.0,80.9,26.1,175.5,82.9,26.9
185.8,93.5,27.1,182.6,100.0,30.0
166.5,58.8,21.2,165.9,58.0,21.1
168.7,68.9,24.2,167.7,68.9,24.5
169.0,53.2,18.6,166.4,52.8,19.1
172.0,61.8,20.9,169.8,59.9,20.8
177.3,67.5,21.5,176.4,62.8,20.2
183.6,60.7,18.0,181.8,60.5,18.3
170.6,73.3,25.2,169.3,75.3,26.3
172.8,61.8,20.7,170.8,60.4,20.7
173.8,78.9,26.1,172.0,73.2,24.8
179.4,57.3,17.8,178.2,55.3,17.4
169.1,88.4,30.9,168.8,87.5,30.7
173.3,70.4,23.4,172.2,69.0,23.3
172.4,70.2,23.6,172.2,69.4,23.4
187.9,65.8,18.6,186.0,69.1,20.0
177.0,89.5,28.6,176.7,89.0,28.5
179.1,87.3,27.2,176.6,82.6,26.5
178.0,93.2,29.4,176.5,86.2,27.7
175.0,69.2,22.6,173.8,65.8,21.8
178.7,75.8,23.7,176.5,74.2,23.8
175.4,84.4,27.4,174.2,81.5,26.9
176.7,91.8,29.4,174.5,89.6,29.4
164.7,57.2,21.1,163.1,60.9,22.9
176.3,89.9,28.9,175.1,85.3,27.8
173.3,63.1,21.0,172.4,55.7,18.7
174.6,95.8,31.4,173.9,100.0,33.1
177.9,73.5,23.2,175.7,62.4,20.2
180.7,81.5,25.0,178.3,84.6,26.6
176.2,91.0,29.3,173.7,94.2,31.2
174.7,65.5,21.5,172.1,67.4,22.7
174.4,70.4,23.1,174.0,67.2,22.2
173.8,78.3,25.9,173.2,82.0,27.3
175.2,100.1,32.6,172.9,95.1,31.8
166.2,67.5,24.4,165.8,62.5,22.8
172.5,89.0,29.9,170.4,91.6,31.6
176.1,59.8,19.3,174.7,69.2,22.7
170.4,63.6,21.9,168.7,71.6,25.2
167.3,51.0,18.2,165.4,49.5,18.1
181.8,64.1,19.4,180.2,65.9,20.3
172.2,55.9,18.9,170.9,57.2,19.6
171.8,63.7,21.6,169.8,58.8,20.4
169.5,68.3,23.8,168.4,73.8,26.0
173.3,69.1,23.0,172.6,66.5,22.3
184.2,71.4,21.0,182.2,66.6,20.1
169.5,82.3,28.6,169.0,78.8,27.6
173.7,62.8,20.8,173.0,57.9,19.3
168.9,66.0,23.1,167.4,60.1,21.4
177.8,68.8,21.8,175.5,67.4,21.9
180.0,87.6,27.0,179.2,88.0,27.4
183.1,67.4,20.1,182.2,74.3,22.4
177.0,76.7,24.5,175.1,70.6,23.0
174.2,72.4,23.9,172.4,75.2,25.3
180.1,77.7,24.0,179.0,79.5,24.8
171.8,100.8,34.2,170.4,92.0,31.7
177.0,66.4,21.2,174.9,61.2,20.0
177.9,95.5,30.2,175.3,102.0,33.2
169.2,76.2,26.6,168.7,74.0,26.0
171.7,65.5,22.2,171.6,67.2,22.8
169.6,65.4,22.7,168.0,64.9,23.0
182.7,94.5,28.3,180.2,87.9,27.1
184.4,74.8,22.0,182.1,80.5,24.3
175.1,79.1,25.8,174.0,83.0,27.4
183.7,54.3,16.1,182.2,58.3,17.6
171.5,70.9,24.1,171.0,73.2,25.0
175.7,66.1,21.4,175.1,65.5,21.4
176.4,66.6,21.4,174.4,68.4,22.5
169.7,77.2,26.8,168.5,73.6,25.9
178.4,76.9,24.2,177.2,81.4,25.9
169.7,89.3,31.0,168.3,81.0,28.6
178.4,85.6,26.9,176.6,87.9,28.2
175.9,53.6,17.3,174.4,61.3,20.2
173.6,77.8,25.8,171.8,80.1,27.2
180.4,72.2,22.2,178.9,67.3,21.0
174.0,83.2,27.5,173.6,86.2,28.6
164.9,57.7,21.2,163.5,54.2,20.3
185.5,99.6,28.9,183.1,86.5,25.8
174.7,71.8,23.5,174.0,81.4,26.9
164.9,55.7,20.5,164.2,53.8,19.9
176.2,59.4,19.1,174.7,60.0,19.7
175.2,97.2,31.7,174.2,92.0,30.3
184.3,81.0,23.8,182.7,85.0,25.5
186.2,73.4,21.2,183.5,75.0,22.3
174.4,63.4,20.8,173.9,63.9,21.1
171.8,62.5,21.2,170.3,62.6,21.6
175.8,69.4,22.5,174.0,70.4,23.3
172.2,59.2,20.0,171.3,60.6,20.7
184.1,84.1,24.8,181.8,85.8,26.0
176.7,59.6,19.1,176.1,62.7,20.2
173.2,76.9,25.6,172.9,76.9,25.7
171.0,58.5,20.0,170.5,63.0,21.7
170.3,52.5,18.1,168.0,52.0,18.4
181.8,102.7,31.1,180.2,95.1,29.3
173.0,74.9,25.0,170.8,78.3,26.8
179.8,88.5,27.4,177.6,87.8,27.9
168.8,86.0,30.2,167.6,90.7,32.3
171.0,67.7,23.2,170.3,64.4,22.2
174.2,83.7,27.6,172.9,83.9,28.0
176.6,68.4,21.9,176.3,76.2,24.5
183.8,116.4,34.5,181.5,108.1,32.8
174.9,62.3,20.4,172.9,65.3,21.8
169.5,63.6,22.1,168.4,68.2,24.0
171.7,64.6,21.9,171.5,68.0,23.1
169.6,100.1,34.8,167.9,90.6,32.1
169.1,53.0,18.5,167.9,55.9,19.8
169.8,62.3,21.6,167.2,59.6,21.3
177.0,76.7,24.5,175.4,80.3,26.1
184.0,67.6,20.0,183.3,70.2,20.9
172.3,60.5,20.4,169.9,61.6,21.4
181.1,98.4,30.0,178.8,97.2,30.4
172.8,58.3,19.5,171.0,59.7,20.4
168.2,56.7,20.0,166.9,54.8,19.7
173.0,69.7,23.3,170.6,77.7,26.7
174.5,107.0,35.1,172.7,106.2,35.6
171.9,54.0,18.3,170.4,53.9,18.6
183.5,78.4,23.3,181.3,72.1,21.9
173.2,72.0,24.0,171.4,75.9,25.8
172.5,77.6,26.1,170.8,71.4,24.5
174.9,62.8,20.5,172.8,62.2,20.8
170.3,58.3,20.1,169.7,63.0,21.9
181.8,96.0,29.0,179.6,87.2,27.0
170.5,68.6,23.6,169.1,65.7,23.0
173.5,69.9,23.2,172.0,66.8,22.6
175.3,57.9,18.8,174.1,59.7,19.7
177.7,63.4,20.1,177.0,63.3,20.2
174.6,70.3,23.1,173.6,69.0,22.9
181.3,87.2,26.5,179.3,86.2,26.8
172.9,88.3,29.5,171.2,81.1,27.7
176.2,77.8,25.1,175.4,76.8,25.0
166.5,51.4,18.5,164.4,52.3,19.4
179.7,72.6,22.5,178.4,70.5,22.1
162.7,60.5,22.9,162.7,63.0,23.8
171.0,50.6,17.3,169.3,54.0,18.8
173.3,73.0,24.3,172.2,69.5,23.4
175.6,73.3,23.8,174.4,78.2,25.7
178.0,71.0,22.4,176.7,66.4,21.3
175.7,95.7,31.0,174.5,96.6,31.7
180.7,70.4,21.6,179.8,67.4,20.9
168.1,61.5,21.8,164.9,60.6,22.3
166.3,49.9,18.0,165.3,54.1,19.8
173.0,71.9,24.0,171.9,70.3,23.8
169.5,63.3,22.0,168.4,60.9,21.5
175.9,62.1,20.1,175.1,68.1,22.2
182.4,92.9,27.9,179.8,85.4,26.4
181.0,79.1,24.1,179.3,87.8,27.3
174.5,59.6,19.6,172.8,56.9,19.1
185.8,80.8,23.4,183.0,84.6,25.3
171.8,63.2,21.4,170.1,61.7,21.3
164.6,53.9,19.9,163.2,50.8,19.1
172.8,52.9,17.7,170.9,57.7,19.8
170.2,69.5,24.0,169.3,69.6,24.3
172.0,59.0,19.9,169.6,55.0,19.1
186.8,68.9,19.7,185.8,71.6,20.7
167.6,72.5,25.8,167.0,74.0,26.5
177.1,57.3,18.3,175.4,58.2,18.9
173.8,60.4,20.0,172.3,57.5,19.4
170.8,55.3,19.0,169.2,55.3,19.3
177.3,66.8,21.3,176.9,63.3,20.2
170.8,55.8,19.1,169.9,56.2,19.5
168.4,66.0,23.3,167.9,63.1,22.4
165.3,64.7,23.7,165.6,63.8,23.3
175.5,83.9,27.2,173.5,85.8,28.5
174.9,69.5,22.7,173.1,72.2,24.1
193.8,104.7,27.9,191.6,102.9,28.0
176.5,52.1,16.7,174.1,53.0,17.5
172.0,71.3,24.1,170.1,68.9,23.8
181.8,64.5,19.5,179.3,62.3,19.4
172.3,54.4,18.3,171.7,58.6,19.9
178.9,65.0,20.3,178.3,69.4,21.8
175.4,56.2,18.3,174.5,55.7,18.3
170.9,70.0,24.0,171.0,68.1,23.3
161.7,73.5,28.1,162.2,76.1,28.9
172.6,54.1,18.2,170.5,52.4,18.0
173.6,60.6,20.1,171.5,63.0,21.4
186.2,66.6,19.2,184.7,64.6,19.0
175.9,64.4,20.8,173.8,66.7,22.1
168.2,75.6,26.7,167.9,79.0,28.0
168.3,46.1,16.3,166.6,47.7,17.2
176.2,69.8,22.5,175.3,65.7,21.4
180.4,72.1,22.2,179.1,68.1,21.2
169.5,70.9,24.7,168.2,66.7,23.5
178.2,82.0,25.8,176.8,82.6,26.4
174.4,88.2,29.0,173.9,77.8,25.7
185.6,85.1,24.7,182.9,92.7,27.7
174.4,70.9,23.3,172.8,70.8,23.7
172.4,75.3,25.3,171.7,67.7,22.9
175.0,96.6,31.5,172.3,92.6,31.2
175.2,62.8,20.5,173.9,64.0,21.2
175.1,97.9,31.9,173.8,97.8,32.4
170.5,65.0,22.4,169.8,66.0,22.9
167.6,55.5,19.8,165.8,50.1,18.2
172.8,57.8,19.4,170.6,57.9,19.9
187.9,81.0,22.9,185.4,79.3,23.1
176.4,82.4,26.5,175.4,83.2,27.0
173.0,87.3,29.2,171.3,85.1,29.0
172.6,61.9,20.8,171.3,59.4,20.3
171.9,57.6,19.5,170.3,56.8,19.6
168.5,68.5,24.1,167.8,71.3,25.3
176.5,97.5,31.3,175.3,103.2,33.6
168.1,83.9,29.7,167.2,79.1,28.3
174.9,72.3,23.6,173.4,71.8,23.9
172.7,86.6,29.0,171.4,89.9,30.6
173.1,57.9,19.3,172.1,56.7,19.1
172.7,70.5,23.6,171.7,79.8,27.1
182.4,70.0,21.0,181.2,67.3,20.5
175.9,72.5,23.4,175.4,70.1,22.8
174.3,72.3,23.8,173.9,73.5,24.3
172.3,75.8,25.5,170.9,72.3,24.8
176.0,64.0,20.7,173.9,64.8,21.4
168.6,59.2,20.8,167.8,61.3,21.8
182.3,88.3,26.6,180.0,90.1,27.8
175.9,53.2,17.2,174.1,54.1,17.9
163.2,56.0,21.0,162.9,61.7,23.2
177.9,58.0,18.3,176.1,62.4,20.1
176.7,63.4,20.3,175.8,67.2,21.7
177.1,63.6,20.3,175.0,61.3,20.0
180.4,85.2,26.2,179.9,87.7,27.1
171.0,78.9,27.0,171.0,83.5,28.6
180.0,70.2,21.7,178.2,72.0,22.7
183.9,65.9,19.5,181.7,67.8,20.5
167.4,60.7,21.7,167.3,62.5,22.3
182.9,82.1,24.5,181.8,81.4,24.6
179.7,116.4,36.0,178.3,111.4,35.1
168.5,57.5,20.3,167.2,58.4,20.9
178.1,64.1,20.2,176.8,62.2,19.9
171.6,57.5,19.5,170.5,56.7,19.5
180.1,65.4,20.2,177.7,62.9,19.9
176.8,72.5,23.2,176.0,74.9,24.2
178.7,53.0,16.6,176.8,56.8,18.2
167.0,63.9,22.9,164.9,58.4,21.5
172.0,65.7,22.2,170.3,62.5,21.6
173.4,71.0,23.6,172.4,68.4,23.0
172.8,55.4,18.6,171.9,56.5,19.1
178.2,67.5,21.3,176.2,62.1,20.0
181.4,80.6,24.5,180.1,80.9,25.0
178.0,64.4,20.3,177.2,65.3,20.8
165.2,50.8,18.6,163.0,48.3,18.2
174.8,69.3,22.7,172.8,64.7,21.7
171.2,62.6,21.4,169.3,59.9,20.9
174.8,66.2,21.7,172.5,97.4,32.7
177.2,66.3,21.1,175.0,66.9,21.8
170.4,67.2,23.1,168.9,62.6,22.0
170.3,56.0,19.3,169.0,56.5,19.8
174.3,55.6,18.3,172.0,53.7,18.2
175.5,61.4,19.9,174.9,60.8,19.9
182.0,59.1,17.8,180.4,58.1,17.8
176.2,76.8,24.7,175.1,74.3,24.2
171.9,83.5,28.3,170.0,80.2,27.7
180.6,63.4,19.4,179.1,64.3,20.0
180.4,71.3,21.9,179.3,74.3,23.1
177.2,100.7,32.1,176.1,99.0,31.9
186.8,74.3,21.3,184.9,74.8,21.9
185.6,84.0,24.4,183.1,82.6,24.6
176.8,72.3,23.1,174.9,71.4,23.4
175.0,67.3,22.0,173.7,71.0,23.5
171.3,110.7,37.7,171.8,109.7,37.2
174.1,83.2,27.4,173.0,80.2,26.8
180.9,69.9,21.4,178.9,67.4,21.0
180.4,82.3,25.3,179.8,78.8,24.4
171.3,61.4,20.9,170.1,57.6,19.9
171.3,53.0,18.1,170.4,54.4,18.7
175.1,78.3,25.5,174.5,74.0,24.3
170.4,76.4,26.3,170.2,73.1,25.2
172.7,71.8,24.1,171.4,74.9,25.5
180.3,90.0,27.7,179.1,90.6,28.2
183.5,73.9,21.9,182.3,86.8,26.1
162.2,66.9,25.4,160.8,60.8,23.5
176.7,64.5,20.7,175.6,68.9,22.3
173.9,71.7,23.7,172.8,66.6,22.3
170.4,61.0,21.0,169.6,63.5,22.1
176.8,71.3,22.8,176.6,66.7,21.4
181.0,86.8,26.5,179.3,86.3,26.8
166.6,52.6,19.0,165.0,53.8,19.8
187.5,87.9,25.0,184.5,88.4,26.0
175.6,77.1,25.0,174.4,79.4,26.1
185.7,70.8,20.5,184.4,69.0,20.3
170.2,82.5,28.5,169.0,74.7,26.2
176.6,52.2,16.7,174.0,55.7,18.4
175.0,68.4,22.3,174.4,69.2,22.8
177.3,116.9,37.2,175.7,109.3,35.4
175.2,69.6,22.7,173.1,63.2,21.1
180.3,67.8,20.9,179.5,68.5,21.3
169.3,72.7,25.4,168.3,67.9,24.0
178.0,83.4,26.3,176.3,70.8,22.8
171.1,68.5,23.4,169.8,61.4,21.3
177.7,59.9,19.0,176.8,62.8,20.1
171.8,77.7,26.3,170.3,71.8,24.8
170.1,57.5,19.9,169.4,61.6,21.5
180.2,71.2,21.9,177.8,80.5,25.5
179.2,80.1,24.9,177.6,81.8,25.9
176.8,96.4,30.8,175.6,95.7,31.0
177.7,81.5,25.8,176.3,77.6,25.0
173.9,66.5,22.0,173.8,71.8,23.8
174.8,81.8,26.8,172.8,82.5,27.7
176.2,78.5,25.3,174.3,79.3,26.1
171.2,82.2,28.0,170.5,82.8,28.5
180.2,71.9,22.1,179.2,68.8,21.4
169.1,54.0,18.9,167.6,55.3,19.7
167.8,56.7,20.1,165.8,56.2,20.4
179.2,85.2,26.5,177.1,77.8,24.8
171.5,96.0,32.6,170.4,98.9,34.0
176.7,78.7,25.2,176.6,80.0,25.7
180.4,57.2,17.6,178.5,54.4,17.1
174.1,70.2,23.2,173.0,69.7,23.3
177.5,89.0,28.2,176.2,84.9,27.3
177.7,105.3,33.3,176.5,102.3,32.9
173.2,57.3,19.1,171.3,57.5,19.6
177.0,56.2,17.9,175.8,60.3,19.5
177.9,75.0,23.7,176.8,63.7,20.4
178.3,61.8,19.4,177.1,52.4,16.7
170.8,62.8,21.5,169.7,64.1,22.2
171.6,53.3,18.1,170.2,59.8,20.6
176.4,63.3,20.3,173.9,60.5,20.0
175.1,57.8,18.9,172.6,61.5,20.7
172.7,62.6,21.0,171.8,64.1,21.7
173.6,65.9,21.9,172.9,70.4,23.5
167.0,49.1,17.6,165.3,53.0,19.4
168.7,79.6,28.0,167.8,78.2,27.8
167.5,47.2,16.8,166.3,54.9,19.8
173.3,95.3,31.7,172.1,91.9,31.0
172.0,89.5,30.3,170.7,89.7,30.8
180.4,65.8,20.2,179.3,58.7,18.2
169.6,72.5,25.2,168.6,72.4,25.4
180.4,55.5,17.1,178.2,58.8,18.5
182.5,107.2,32.2,181.4,100.0,30.4
169.0,58.8,20.6,167.6,56.6,20.2
182.2,73.0,22.0,181.1,75.2,22.9
176.1,56.8,18.3,174.1,54.2,17.9
178.8,64.3,20.1,177.5,63.6,20.2
173.6,73.1,24.3,171.8,68.2,23.1
173.4,59.9,19.9,172.9,59.7,20.0
181.4,65.2,19.8,179.5,64.6,20.0
178.7,63.9,20.0,177.7,62.9,19.9
175.8,60.4,19.5,174.3,65.0,21.4
170.8,79.9,27.4,169.5,76.1,26.5
174.6,87.2,28.6,173.4,84.7,28.2
180.8,81.0,24.8,179.9,71.1,22.0
180.8,80.8,24.7,178.6,78.1,24.5
178.8,66.3,20.7,177.2,65.8,21.0
181.6,67.8,20.6,179.4,64.4,20.0
170.9,72.2,24.7,170.3,74.7,25.8
180.1,70.2,21.6,179.0,70.3,21.9
169.5,61.1,21.3,167.7,62.8,22.3
169.8,67.5,23.4,168.8,60.7,21.3
177.5,59.8,19.0,175.7,65.3,21.1
175.2,76.7,25.0,173.6,76.6,25.4
178.8,76.9,24.1,177.7,74.8,23.7
174.2,73.4,24.2,173.1,69.8,23.3
170.4,70.9,24.4,168.9,67.3,23.6
167.2,56.7,20.3,165.4,54.5,19.9
177.7,86.5,27.4,176.0,85.5,27.6
187.3,99.5,28.4,184.0,98.8,29.2
165.6,73.8,26.9,165.1,68.4,25.1
171.6,70.9,24.1,170.6,75.9,26.1
176.7,72.4,23.2,175.6,70.1,22.7
173.4,68.8,22.9,172.9,68.7,23.0
177.6,72.9,23.1,175.8,70.9,22.9
176.3,69.0,22.2,175.7,72.1,23.3
164.1,79.6,29.6,163.6,74.6,27.9
180.6,71.2,21.8,179.3,63.6,19.8
174.2,77.6,25.6,172.4,75.7,25.5
167.8,72.2,25.6,166.2,66.2,24.0
183.3,69.8,20.8,181.6,70.9,21.5
177.7,65.2,20.6,175.7,62.7,20.3
167.9,51.9,18.4,166.8,49.6,17.8
182.4,101.6,30.5,180.8,105.1,32.1
169.6,85.9,29.9,167.6,88.1,31.3
169.5,92.3,32.1,168.2,95.4,33.7
169.5,72.4,25.2,168.4,72.1,25.4
181.4,82.6,25.1,180.0,87.8,27.1
176.2,82.3,26.5,175.2,81.3,26.5
180.4,100.1,30.8,179.0,98.5,30.8
168.0,58.9,20.9,166.9,54.7,19.7
178.9,82.3,25.7,176.3,77.7,25.0
174.8,70.2,23.0,172.7,64.3,21.6
177.9,91.4,28.9,175.4,93.1,30.3
167.1,65.9,23.6,167.7,71.1,25.3
183.8,98.4,29.1,181.8,99.6,30.1
168.8,89.9,31.6,167.1,91.9,32.9
167.2,70.0,25.0,166.3,78.1,28.2
180.3,93.7,28.8,178.2,79.1,24.9
175.1,63.8,20.8,172.9,57.9,19.4
161.3,56.8,21.8,160.0,55.2,21.6
171.5,60.2,20.5,170.3,58.6,20.2
173.2,60.7,20.2,172.3,62.8,21.1
169.7,81.1,28.2,168.6,82.8,29.1
185.3,73.5,21.4,183.2,74.9,22.3
183.1,62.8,18.7,182.1,64.6,19.5
179.5,84.5,26.2,177.2,87.0,27.7
171.3,59.3,20.2,170.2,57.1,19.7
169.3,73.5,25.6,169.0,69.3,24.3
184.5,71.9,21.1,183.3,69.4,20.6
181.5,94.6,28.7,180.7,85.7,26.2
174.6,81.5,26.7,172.9,79.9,26.7
166.0,59.6,21.6,164.6,54.6,20.1
186.3,73.6,21.2,184.7,74.6,21.9
180.3,87.1,26.8,178.2,81.3,25.6
161.0,57.4,22.1,160.8,60.2,23.3
187.3,97.9,27.9,184.6,90.0,26.4
171.5,59.9,20.4,169.8,61.5,21.3
172.9,56.2,18.8,171.1,59.4,20.3
174.8,60.7,19.9,172.4,57.2,19.2
167.9,59.1,21.0,166.5,54.8,19.8
170.6,60.1,20.6,169.9,56.6,19.6
171.2,71.0,24.2,170.8,65.0,22.3
173.6,66.1,21.9,172.9,60.6,20.3
175.5,64.3,20.9,173.8,63.9,21.2
184.9,119.8,35.0,181.7,107.8,32.6
174.9,77.2,25.2,173.7,85.4,28.3
167.6,51.1,18.2,165.1,54.6,20.0
182.0,83.6,25.2,180.0,81.0,25.0
181.5,66.5,20.2,179.3,71.6,22.3
167.6,53.4,19.0,166.8,56.2,20.2
173.9,78.2,25.9,172.6,76.4,25.6
179.5,62.5,19.4,177.4,60.5,19.2
183.1,71.5,21.3,181.5,74.3,22.5
176.1,78.8,25.4,175.5,81.0,26.3
171.5,56.8,19.3,169.7,58.0,20.2
175.6,68.5,22.2,174.2,63.5,20.9
172.0,67.7,22.9,171.4,72.5,24.7
176.8,75.9,24.3,175.3,71.6,23.3
169.4,55.6,19.4,166.8,53.7,19.3
172.2,71.8,24.2,171.0,66.6,22.8
175.0,76.7,25.0,174.0,72.3,23.9
176.7,58.1,18.6,175.1,58.8,19.2
176.1,61.1,19.7,175.1,62.3,20.3
177.2,62.0,19.7,176.3,57.7,18.6
171.7,68.3,23.2,170.9,66.4,22.7
175.5,72.8,23.6,175.1,74.9,24.4
175.6,75.0,24.3,174.6,73.8,24.2
177.0,63.5,20.3,176.3,58.8,18.9
187.3,73.8,21.0,185.1,65.5,19.1
172.6,90.4,30.3,172.2,94.7,31.9
179.6,66.6,20.6,178.3,66.9,21.0
170.0,50.3,17.4,168.6,56.2,19.8
180.3,70.9,21.8,179.6,72.7,22.5
177.9,68.0,21.5,176.4,65.2,20.9
177.2,87.3,27.8,175.5,81.6,26.5
183.8,94.6,28.0,181.9,93.1,28.1
169.7,62.4,21.7,168.3,65.4,23.1
178.2,76.5,24.1,176.5,70.4,22.6
171.7,86.1,29.2,171.4,88.7,30.2
171.3,52.2,17.8,168.9,52.6,18.4
181.6,75.6,22.9,180.4,76.1,23.4
169.5,58.5,20.4,167.2,53.3,19.1
174.8,53.9,17.6,172.6,52.7,17.7
168.4,67.9,23.9,167.4,75.9,27.1
169.0,52.2,18.3,166.3,52.6,19.0
174.4,78.8,25.9,172.5,74.7,25.1
178.6,66.4,20.8,177.9,59.3,18.7
173.4,54.8,18.2,172.0,54.9,18.6
178.6,82.7,25.9,176.4,75.3,24.2
182.7,73.7,22.1,181.8,70.7,21.4
178.2,67.0,21.1,177.3,67.2,21.4
175.4,73.3,23.8,174.3,70.9,23.3
173.9,66.4,22.0,172.2,62.6,21.1
173.7,73.9,24.5,173.1,73.7,24.6
161.3,51.5,19.8,159.4,54.9,21.6
188.1,78.9,22.3,186.5,71.1,20.5
175.4,66.2,21.5,173.9,71.5,23.6
171.2,64.9,22.1,169.4,73.1,25.5
174.3,81.2,26.7,171.8,85.2,28.9
160.1,47.9,18.7,159.4,48.4,19.1
170.3,56.4,19.4,169.0,57.1,20.0
175.2,73.3,23.9,174.2,76.7,25.3
180.5,84.1,25.8,179.0,85.6,26.7
166.5,90.2,32.5,165.8,92.4,33.6
175.3,61.3,19.9,174.5,64.4,21.2
169.1,68.5,24.0,168.9,70.1,24.6
173.8,64.1,21.2,173.0,63.8,21.3
173.2,65.9,22.0,171.6,67.8,23.0
184.8,78.8,23.1,183.4,81.3,24.2
177.6,74.7,23.7,175.7,74.3,24.1
172.4,77.4,26.0,172.0,78.8,26.7
185.2,125.2,36.5,183.5,124.1,36.9
175.5,64.8,21.0,174.7,65.9,21.6
180.6,66.8,20.5,178.7,70.1,22.0
171.3,62.9,21.4,169.5,61.6,21.4
184.0,67.5,19.9,182.0,70.6,21.3
175.4,81.6,26.5,175.1,81.8,26.7
177.2,83.0,26.4,175.9,76.2,24.6
185.4,70.9,20.6,184.6,71.1,20.9
182.6,80.3,24.1,180.7,79.5,24.3
178.3,65.1,20.5,176.8,64.9,20.8
172.2,96.5,32.5,171.9,89.7,30.4
177.8,49.3,15.6,176.8,52.3,16.7
178.7,91.3,28.6,177.4,91.1,28.9
177.8,64.5,20.4,176.2,61.5,19.8
168.4,54.6,19.3,166.5,55.1,19.9
179.5,90.2,28.0,179.0,90.9,28.4
173.0,66.5,22.2,171.5,67.0,22.8
169.0,71.8,25.1,168.2,71.9,25.4
184.9,81.2,23.8,183.6,76.3,22.6
168.4,65.3,23.0,167.8,64.3,22.8
177.8,59.5,18.8,176.1,57.1,18.4
170.0,51.2,17.7,169.3,52.1,18.2
168.1,62.7,22.2,167.4,67.7,24.2
170.7,77.3,26.5,169.3,73.6,25.7
172.5,72.0,24.2,171.3,63.9,21.8
168.4,68.3,24.1,166.7,74.4,26.8
171.2,60.9,20.8,170.8,61.0,20.9
175.2,62.3,20.3,173.9,65.1,21.5
177.7,75.1,23.8,176.5,68.8,22.1
176.4,65.4,21.0,175.0,59.7,19.5
171.1,71.8,24.5,170.1,70.0,24.2
170.9,58.6,20.1,168.8,60.6,21.3
177.1,58.9,18.8,175.9,60.1,19.4
178.3,72.0,22.6,176.6,70.3,22.5
180.3,94.6,29.1,178.1,96.5,30.4
171.9,66.3,22.4,170.6,60.9,20.9
181.3,66.6,20.3,179.2,67.7,21.1
175.0,103.5,33.8,173.7,103.7,34.4
182.5,71.9,21.6,180.5,73.4,22.5
170.5,61.7,21.2,169.7,56.2,19.5
177.8,78.6,24.9,177.0,74.0,23.6
172.6,69.5,23.3,172.3,70.6,23.8
183.4,96.7,28.7,181.5,95.6,29.0
180.5,65.5,20.1,179.9,68.8,21.2
171.0,74.5,25.5,170.2,72.2,24.9
175.7,82.2,26.6,174.7,83.5,27.4
175.5,82.8,26.9,175.1,78.0,25.5
168.2,61.5,21.7,168.1,63.9,22.6
173.5,83.8,27.8,171.9,82.5,27.9
170.4,64.4,22.2,168.7,64.5,22.7
186.3,66.7,19.2,184.8,65.9,19.3
170.8,50.2,17.2,169.0,50.2,17.6
171.7,66.5,22.6,171.4,66.6,22.7
171.6,90.5,30.7,171.1,86.4,29.5
168.4,61.1,21.5,166.1,54.6,19.8
174.5,76.2,25.0,173.8,70.6,23.4
165.4,71.5,26.1,165.0,73.4,27.0
187.7,112.7,32.0,184.2,106.3,31.3
173.9,55.7,18.4,172.5,62.5,21.0
182.8,88.0,26.3,179.8,84.6,26.2
171.0,55.6,19.0,169.0,56.9,19.9
176.2,71.3,23.0,174.0,63.1,20.8
176.2,56.9,18.3,174.8,54.9,18.0
171.6,76.7,26.0,170.3,79.1,27.3
173.0,71.2,23.8,172.2,65.6,22.1
176.8,94.2,30.1,176.1,87.3,28.2
170.6,74.2,25.5,170.4,77.5,26.7
171.8,74.7,25.3,170.8,67.1,23.0
171.1,61.0,20.8,169.1,60.2,21.1
164.1,88.8,33.0,164.7,83.7,30.9
175.9,77.7,25.1,175.0,85.0,27.8
173.6,65.3,21.7,171.5,61.3,20.8
169.5,52.1,18.1,167.8,52.8,18.8
173.3,69.6,23.2,172.0,69.7,23.6
167.6,59.2,21.1,166.6,59.2,21.3
175.6,55.8,18.1,173.5,55.8,18.5
173.5,72.4,24.1,171.6,71.3,24.2
166.5,71.0,25.6,166.8,68.0,24.4
172.5,56.3,18.9,170.7,56.3,19.3
176.3,65.6,21.1,174.8,63.8,20.9
179.8,119.8,37.1,177.5,99.5,31.6
163.5,56.6,21.2,162.4,56.2,21.3
170.3,62.3,21.5,168.2,58.4,20.6
167.7,63.5,22.6,167.0,66.0,23.7
170.3,48.5,16.7,167.6,48.7,17.3
171.2,59.6,20.3,170.1,58.4,20.2
180.7,80.4,24.6,178.4,81.7,25.7
167.6,75.5,26.9,166.6,78.7,28.4
177.3,71.2,22.6,175.9,73.4,23.7
171.0,50.5,17.3,169.1,52.5,18.4
169.9,48.5,16.8,167.7,48.7,17.3
168.1,60.7,21.5,166.3,59.5,21.5
179.3,64.4,20.0,177.8,68.1,21.5
170.3,58.7,20.2,168.8,68.4,24.0
166.6,72.8,26.2,166.7,76.1,27.4
180.3,64.8,19.9,179.0,66.9,20.9
170.2,73.7,25.4,169.4,76.8,26.8
175.2,70.1,22.8,174.5,69.7,22.9
167.6,55.0,19.6,167.0,54.4,19.5
176.0,70.6,22.8,174.5,69.4,22.8
183.5,74.7,22.2,182.3,71.4,21.5
178.9,83.1,26.0,176.7,83.8,26.9
178.3,76.0,23.9,177.1,79.5,25.3
173.0,80.1,26.8,171.5,79.2,27.0
171.8,89.2,30.2,170.0,83.7,28.9
179.1,54.2,16.9,176.6,58.1,18.6
177.4,52.4,16.7,175.9,53.3,17.2
176.1,82.4,26.6,175.1,85.3,27.8
179.9,78.8,24.3,179.7,84.7,26.2
187.1,62.6,17.9,185.1,67.8,19.8
184.4,84.5,24.9,183.0,84.8,25.3
178.2,60.8,19.1,177.4,64.7,20.6
167.6,57.7,20.5,166.5,50.1,18.1
166.7,52.8,19.0,166.2,55.2,20.0
171.3,51.1,17.4,168.8,52.7,18.5
175.4,74.4,24.2,175.0,72.0,23.5
167.0,86.3,30.9,165.9,83.4,30.3
174.7,80.0,26.2,173.9,81.0,26.8
172.0,76.5,25.9,171.0,82.4,28.2
179.5,71.2,22.1,178.0,67.7,21.4
174.3,55.2,18.2,172.6,57.3,19.2
172.6,53.6,18.0,170.1,57.0,19.7
187.8,85.8,24.3,185.2,89.6,26.1
182.6,69.3,20.8,180.9,69.1,21.1
168.8,79.1,27.8,168.2,83.8,29.6
176.4,62.7,20.1,175.4,61.4,20.0
172.6,67.7,22.7,171.5,73.0,24.8
183.0,73.0,21.8,182.0,74.5,22.5
171.8,75.3,25.5,170.3,80.6,27.8
171.4,66.2,22.5,170.2,60.8,21.0
170.7,93.7,32.2,170.4,84.5,29.1
180.1,53.6,16.5,178.1,52.5,16.6
171.1,65.5,22.4,169.9,68.0,23.6
182.5,82.0,24.6,180.2,82.1,25.3
176.7,78.2,25.0,175.9,79.2,25.6
166.9,89.4,32.1,166.9,85.9,30.8
178.3,69.8,22.0,176.9,72.3,23.1
175.0,53.5,17.5,173.0,58.8,19.6
168.7,50.4,17.7,167.4,55.8,19.9
186.7,119.1,34.2,183.6,118.7,35.2
182.4,63.0,18.9,182.5,68.8,20.6
166.5,52.6,19.0,164.3,50.0,18.5
181.5,69.0,20.9,181.1,70.0,21.3
179.6,60.8,18.8,178.3,56.2,17.7
178.8,62.0,19.4,176.9,67.2,21.5
169.5,56.1,19.5,168.7,62.0,21.8
184.9,81.9,24.0,183.1,82.6,24.7
175.4,71.7,23.3,174.4,69.2,22.7
170.0,55.4,19.2,169.5,60.0,20.9
174.5,73.9,24.3,173.6,76.0,25.2
169.5,62.2,21.6,168.9,68.3,23.9
175.8,71.2,23.0,173.9,79.5,26.3
175.9,69.1,22.3,174.0,69.1,22.8
170.2,63.1,21.8,168.2,55.7,19.7
175.4,99.0,32.2,173.8,99.3,32.9
165.8,84.9,30.9,164.8,77.9,28.7
172.3,64.3,21.7,170.6,60.6,20.8
181.4,101.1,30.7,178.8,103.8,32.5
174.5,53.3,17.5,173.9,57.0,18.8
181.9,64.2,19.4,179.9,60.3,18.6
176.8,73.4,23.5,175.7,64.6,20.9
176.4,63.3,20.3,175.1,65.0,21.2
174.3,63.7,21.0,172.0,58.8,19.9
175.6,79.5,25.8,174.4,83.4,27.4
163.3,54.4,20.4,162.5,55.2,20.9
168.7,59.5,20.9,167.8,60.0,21.3
176.2,63.3,20.4,174.8,61.2,20.0
179.6,105.9,32.8,177.1,96.6,30.8
167.8,71.0,25.2,166.7,68.9,24.8
177.2,74.4,23.7,175.1,70.4,23.0
166.6,71.5,25.8,165.4,69.3,25.3
173.6,60.4,20.0,172.3,60.6,20.4
176.8,74.7,23.9,174.9,76.3,25.0
174.9,62.3,20.4,173.9,58.9,19.5
178.0,113.2,35.7,177.0,99.9,31.9
177.4,63.0,20.0,175.9,61.9,20.0
171.2,87.5,29.9,170.4,92.8,32.0
176.2,67.1,21.6,174.1,65.4,21.6
187.0,102.7,29.4,184.8,92.9,27.2
177.7,62.4,19.8,176.3,65.3,21.0
170.0,61.1,21.1,169.3,60.1,21.0
171.0,59.2,20.2,170.9,61.9,21.2
179.0,82.7,25.8,177.5,76.3,24.2
169.1,49.1,17.2,168.0,58.6,20.8
176.5,59.9,19.2,174.7,59.5,19.5
175.1,76.8,25.0,173.9,79.1,26.2
179.5,77.1,23.9,177.3,75.0,23.8
173.0,50.0,16.7,170.9,51.5,17.6
174.0,61.5,20.3,172.4,59.7,20.1
170.9,61.0,20.9,170.4,58.3,20.1
183.0,60.6,18.1,181.1,62.8,19.2
177.2,74.4,23.7,175.1,68.0,22.2
178.3,58.6,18.4,176.1,64.6,20.8
172.6,66.7,22.4,172.4,67.2,22.6
179.8,77.4,23.9,178.6,79.5,24.9
172.3,62.7,21.1,170.5,63.1,21.7
167.3,63.0,22.5,165.5,59.4,21.7
173.9,62.5,20.7,172.2,64.8,21.9
168.9,64.0,22.4,167.3,61.6,22.0
177.1,68.9,22.0,176.3,69.7,22.4
173.6,75.6,25.1,172.9,71.2,23.8
171.3,91.6,31.2,170.8,88.1,30.2
177.2,64.6,20.6,175.7,65.9,21.4
167.8,58.8,20.9,167.3,59.7,21.3
177.5,87.6,27.8,176.0,88.8,28.7
171.0,53.3,18.2,169.7,52.5,18.2
177.0,64.6,20.6,175.2,63.2,20.6
176.6,66.0,21.2,174.4,68.9,22.6
185.4,69.9,20.3,184.1,71.1,21.0
174.2,89.4,29.5,172.6,89.7,30.1
175.9,83.9,27.1,173.1,96.0,32.0
181.8,66.4,20.1,181.3,68.2,20.7
171.6,48.7,16.5,169.1,52.1,18.2
168.3,58.4,20.6,167.8,64.9,23.1
174.1,54.2,17.9,172.7,52.0,17.4
173.1,58.1,19.4,172.1,58.9,19.9
176.6,81.4,26.1,175.9,82.0,26.5
171.2,61.1,20.8,170.2,56.5,19.5
178.3,82.0,25.8,177.0,83.4,26.6
174.0,67.3,22.2,173.1,67.6,22.6
173.3,81.8,27.2,172.4,81.7,27.5
180.6,67.2,20.6,179.8,67.6,20.9
175.7,71.8,23.3,174.3,76.2,25.1
175.6,72.1,23.4,174.8,80.1,26.2
180.6,90.1,27.6,178.1,81.5,25.7
179.5,71.7,22.3,178.2,73.1,23.0
174.3,64.8,21.3,173.5,67.7,22.5
172.3,71.0,23.9,169.9,64.4,22.3
176.2,87.6,28.2,173.9,90.9,30.0
179.6,61.0,18.9,177.2,58.7,18.7
178.6,75.7,23.7,177.6,72.1,22.9
166.1,63.2,22.9,165.0,61.6,22.6
183.5,80.8,24.0,182.0,80.4,24.3
177.2,61.9,19.7,175.2,61.1,19.9
176.2,64.5,20.8,174.6,65.7,21.6
174.6,80.9,26.5,172.9,79.2,26.5
173.3,58.8,19.6,170.9,57.4,19.7
173.8,58.2,19.3,171.5,55.4,18.8
178.6,72.1,22.6,177.1,69.1,22.0
167.4,58.4,20.8,166.2,55.1,20.0
168.2,62.2,22.0,167.5,62.6,22.3
180.4,68.5,21.0,179.0,63.3,19.7
175.0,62.0,20.2,173.6,65.7,21.8
171.8,71.3,24.2,170.9,68.0,23.3
183.4,72.2,21.5,181.8,72.3,21.9
170.1,48.9,16.9,168.6,50.3,17.7
178.6,61.0,19.1,177.6,56.8,18.0
176.0,63.5,20.5,175.0,63.4,20.7
177.5,63.4,20.1,176.3,69.9,22.5
179.3,86.0,26.8,177.5,79.9,25.4
183.1,72.6,21.7,182.2,75.9,22.8
171.3,62.3,21.2,170.2,59.6,20.6
186.8,85.3,24.4,184.7,83.7,24.5
191.5,80.6,22.0,188.0,77.9,22.1
167.1,80.4,28.8,167.5,79.4,28.3
171.8,57.7,19.5,169.9,61.1,21.2
174.3,55.7,18.3,174.5,61.9,20.3
180.4,73.9,22.7,178.9,69.8,21.8
173.8,64.6,21.4,172.9,58.0,19.4
169.4,72.4,25.2,168.9,74.6,26.1
177.9,72.8,23.0,175.7,83.1,26.9
167.9,55.6,19.7,167.8,57.9,20.6
187.3,98.9,28.2,184.3,94.0,27.7
169.0,64.6,22.6,167.9,65.2,23.1
172.3,56.9,19.2,170.9,56.8,19.5
178.8,115.8,36.2,176.5,103.8,33.3
169.8,61.0,21.2,167.8,56.7,20.1
171.9,74.3,25.1,171.6,73.5,24.9
174.3,66.7,22.0,172.9,64.8,21.7
172.2,81.1,27.3,171.0,82.9,28.3
175.2,79.8,26.0,175.1,78.9,25.7
176.6,73.4,23.5,175.2,80.1,26.1
174.0,66.2,21.9,172.7,62.1,20.8
175.5,75.5,24.5,174.1,74.3,24.5
172.4,57.4,19.3,171.9,62.7,21.2
168.8,59.5,20.9,168.2,59.8,21.2
175.0,96.5,31.5,172.8,97.6,32.7
169.7,58.9,20.5,167.5,57.2,20.4
180.1,85.2,26.3,178.6,85.1,26.7
172.1,52.5,17.7,170.4,53.8,18.5
167.2,44.6,16.0,164.7,46.7,17.2
167.4,70.5,25.2,165.6,62.3,22.7
183.1,76.6,22.8,182.2,77.0,23.2
170.2,94.5,32.6,169.0,96.1,33.6
183.8,76.5,22.6,182.5,79.8,23.9
182.9,78.8,23.6,181.4,77.9,23.7
183.5,65.3,19.4,181.8,63.8,19.3
171.5,79.0,26.9,170.3,80.2,27.6
172.8,70.3,23.5,171.6,73.5,25.0
173.6,58.5,19.4,172.0,54.1,18.3
178.3,79.1,24.9,176.6,75.9,24.3
173.1,67.3,22.5,172.9,73.8,24.7
178.6,66.3,20.8,177.6,60.6,19.2
184.6,88.1,25.9,182.8,89.3,26.7
175.7,64.6,20.9,174.2,61.3,20.2
174.6,75.6,24.8,172.5,60.0,20.2
163.0,77.9,29.3,163.1,84.3,31.7
177.8,98.8,31.3,175.3,99.8,32.5
177.6,77.5,24.6,176.9,77.0,24.6
194.5,84.4,22.3,191.8,78.9,21.5
169.6,58.7,20.4,167.7,61.8,22.0
178.1,75.8,23.9,176.9,71.9,23.0
175.1,74.4,24.3,173.6,74.1,24.6
174.0,81.6,27.0,172.1,85.2,28.8
174.3,91.2,30.0,173.5,88.7,29.5
175.3,56.2,18.3,173.1,56.3,18.8
179.5,69.9,21.7,178.3,68.4,21.5
183.6,98.6,29.3,180.7,99.2,30.4
179.3,93.5,29.1,177.7,86.3,27.3
180.1,67.2,20.7,178.2,70.5,22.2
173.2,70.5,23.5,172.5,67.6,22.7
177.3,68.9,21.9,175.7,72.5,23.5
168.9,61.0,21.4,168.6,63.0,22.2
171.7,48.4,16.4,170.3,50.6,17.5
175.8,55.5,18.0,172.9,54.3,18.2
173.9,60.9,20.1,173.6,61.8,20.5
177.5,60.5,19.2,175.4,58.1,18.9
175.3,78.3,25.5,172.8,82.3,27.6
172.1,58.5,19.8,169.8,56.9,19.7
180.4,70.5,21.7,179.5,66.1,20.5
173.5,81.3,27.0,172.6,73.8,24.8
177.5,92.5,29.4,176.2,106.4,34.3
170.0,69.2,23.9,169.0,74.0,25.9
179.6,87.7,27.2,177.4,82.9,26.3
176.8,70.2,22.5,174.5,67.4,22.1
169.4,55.9,19.5,168.5,54.6,19.2
169.8,58.9,20.4,167.5,54.5,19.4
176.1,80.8,26.1,175.3,82.6,26.9
181.0,67.4,20.6,179.4,67.0,20.8
171.7,97.3,33.0,169.9,99.7,34.6
171.4,71.2,24.2,169.9,73.5,25.5
175.4,61.5,20.0,174.6,64.7,21.2
165.8,49.2,17.9,165.3,53.7,19.6
168.1,70.3,24.9,168.0,72.6,25.7
175.3,82.8,26.9,174.0,83.7,27.6
169.0,63.3,22.2,167.5,63.4,22.6
172.4,85.1,28.6,171.7,85.2,28.9
180.1,85.5,26.4,177.9,86.9,27.5
176.4,74.1,23.8,175.3,79.5,25.9
184.2,89.6,26.4,182.5,88.2,26.5
181.1,72.3,22.0,179.1,71.3,22.2
173.8,55.6,18.4,171.4,56.9,19.4
194.5,69.4,18.3,191.3,74.7,20.4
169.3,69.2,24.1,169.4,75.7,26.4
170.5,64.0,22.0,169.7,59.0,20.5
176.1,73.6,23.7,174.5,73.6,24.2
175.4,73.5,23.9,174.9,77.3,25.3
170.6,96.0,33.0,170.2,99.1,34.2
174.8,62.4,20.4,172.3,61.2,20.6
172.5,60.6,20.4,171.6,56.5,19.2
176.6,73.0,23.4,174.6,70.7,23.2
184.2,76.9,22.7,182.0,78.0,23.6
164.5,52.2,19.3,163.5,50.8,19.0
170.2,72.4,25.0,169.3,71.6,25.0
174.5,92.4,30.3,173.2,93.5,31.2
172.3,79.4,26.7,170.0,75.3,26.1
181.3,75.8,23.1,179.0,81.9,25.6
166.3,65.4,23.6,166.5,67.5,24.4
180.1,65.0,20.0,179.1,62.7,19.5
181.2,83.7,25.5,179.1,86.4,26.9
171.7,85.1,28.9,170.6,82.1,28.2
172.0,62.5,21.1,169.7,60.7,21.1
165.5,58.3,21.3,164.7,56.5,20.8
171.9,51.7,17.5,170.2,55.9,19.3
181.2,63.0,19.2,180.0,64.6,19.9
177.6,78.5,24.9,176.6,72.6,23.3
190.9,86.0,23.6,189.2,74.1,20.7
172.5,75.0,25.2,170.5,78.1,26.9
177.2,80.7,25.7,176.9,77.4,24.8
166.2,65.8,23.8,165.1,71.8,26.3
170.5,77.4,26.6,169.3,82.2,28.7
168.4,47.5,16.7,166.7,49.5,17.8
168.3,69.6,24.6,167.0,75.4,27.0
173.1,96.6,32.2,172.3,94.1,31.7
177.5,83.5,26.5,176.4,90.1,29.0
179.6,105.3,32.6,177.6,96.7,30.7
181.9,104.6,31.6,180.8,100.6,30.8
185.0,79.3,23.2,183.3,78.1,23.2
179.0,74.5,23.3,178.6,70.4,22.1
175.3,63.3,20.6,174.3,59.3,19.5
179.0,67.1,20.9,178.4,62.1,19.5
181.0,65.7,20.1,180.0,69.6,21.5
173.4,62.9,20.9,171.4,61.8,21.0
174.1,71.0,23.4,173.7,72.8,24.1
166.8,56.2,20.2,164.8,55.7,20.5
177.8,67.7,21.4,176.4,71.3,22.9
170.9,67.1,23.0,169.5,63.2,22.0
182.6,76.9,23.1,181.5,74.0,22.5
172.3,70.7,23.8,171.2,70.8,24.2
182.6,72.4,21.7,181.5,68.2,20.7
176.4,75.2,24.2,175.5,74.0,24.0
168.7,57.4,20.2,168.0,63.5,22.5
178.0,62.1,19.6,177.2,59.7,19.0
175.5,96.4,31.3,174.1,100.8,33.2
172.0,63.1,21.3,170.6,63.6,21.8
174.6,89.0,29.2,174.0,85.6,28.3
167.1,55.0,19.7,165.5,52.5,19.2
170.2,69.4,24.0,169.3,61.5,21.5
185.1,71.2,20.8,182.6,70.2,21.1
174.3,80.6,26.5,173.1,85.0,28.4
172.3,74.2,25.0,170.9,74.8,25.6
176.0,58.9,19.0,174.8,62.1,20.3
172.7,61.1,20.5,171.0,58.2,19.9
176.5,86.3,27.7,174.3,83.6,27.5
175.8,83.4,27.0,174.5,84.1,27.6
163.1,68.5,25.8,162.2,69.9,26.6
178.9,77.2,24.1,177.4,80.5,25.6
172.0,61.6,20.8,170.3,56.9,19.6
184.0,124.0,36.6,182.1,117.8,35.5
176.9,114.4,36.6,175.4,109.7,35.6
179.0,79.8,24.9,176.9,73.5,23.5
185.5,80.0,23.2,183.6,82.0,24.3
176.9,58.3,18.6,175.0,58.3,19.1
172.4,68.5,23.0,171.4,68.2,23.2
172.6,71.2,23.9,171.0,74.3,25.4
177.6,100.2,31.8,175.2,100.1,32.6
182.1,76.5,23.1,179.9,73.6,22.7
179.1,72.1,22.5,177.8,71.4,22.6
175.9,58.7,19.0,175.4,63.0,20.5
174.2,74.8,24.6,173.1,74.3,24.8
165.7,58.6,21.3,165.0,58.4,21.4
180.5,80.9,24.8,179.3,77.5,24.1
177.4,69.3,22.0,176.7,63.9,20.5
172.3,69.4,23.4,172.0,71.9,24.3
179.7,62.6,19.4,178.1,66.5,21.0
178.7,88.0,27.6,177.2,93.8,29.9
175.6,69.7,22.6,174.2,65.7,21.6
177.8,77.8,24.6,177.0,80.9,25.8
178.2,96.0,30.2,177.0,98.6,31.5
180.8,78.9,24.1,179.0,84.4,26.4
176.3,66.2,21.3,174.1,69.2,22.8
175.8,81.8,26.5,174.0,70.8,23.4
169.2,58.7,20.5,167.7,58.6,20.8
174.6,57.5,18.9,172.5,57.5,19.3
179.4,91.1,28.3,178.2,90.7,28.5
165.4,59.0,21.6,162.5,53.5,20.3
167.9,81.9,29.1,166.7,81.8,29.4
173.1,68.1,22.7,171.5,59.4,20.2
177.4,98.5,31.3,175.4,94.5,30.7
174.4,87.7,28.8,172.4,85.6,28.8
168.8,60.0,21.1,165.9,48.7,17.7
184.5,99.5,29.2,181.8,103.2,31.2
170.0,68.4,23.7,169.6,64.8,22.5
163.7,62.3,23.2,162.0,63.6,24.2
182.7,95.3,28.6,180.4,91.0,28.0
181.4,64.9,19.7,179.3,67.7,21.0
182.2,81.3,24.5,180.1,77.3,23.8
175.3,78.6,25.6,173.4,83.2,27.7
168.5,63.0,22.2,167.3,60.1,21.5
181.1,106.1,32.4,179.9,96.0,29.7
174.4,82.4,27.1,173.3,79.7,26.5
182.0,76.7,23.2,181.1,70.0,21.3
177.9,74.7,23.6,176.5,72.1,23.1
173.7,94.5,31.3,172.8,96.5,32.3
179.5,112.1,34.8,178.3,112.2,35.3
170.7,70.2,24.1,169.0,64.4,22.5
176.8,63.7,20.4,176.0,65.6,21.2
173.1,83.2,27.8,171.9,86.6,29.3
175.0,62.2,20.3,173.0,67.9,22.7
168.2,99.1,35.0,168.9,105.1,36.9
173.9,86.9,28.7,173.2,86.7,28.9
170.8,71.7,24.6,169.6,73.6,25.6
172.3,81.5,27.5,171.0,85.2,29.1
173.1,73.0,24.4,171.9,67.6,22.9
169.7,63.2,21.9,169.4,64.2,22.4
176.9,61.8,19.7,175.2,58.4,19.0
176.6,59.8,19.2,174.0,51.8,17.1
168.9,64.2,22.5,167.9,60.5,21.5
181.0,90.6,27.7,178.9,76.6,23.9
172.8,75.2,25.2,171.8,69.0,23.4
180.2,74.6,23.0,178.9,67.5,21.1
181.6,90.0,27.3,179.6,97.3,30.2
178.3,69.5,21.9,177.2,66.0,21.0
173.2,67.6,22.5,171.6,66.9,22.7
179.7,66.3,20.5,177.5,59.0,18.7
180.7,77.1,23.6,178.4,78.9,24.8
171.8,93.3,31.6,170.3,95.3,32.9
165.9,86.8,31.5,166.0,93.9,34.1
178.2,97.3,30.6,175.5,97.1,31.5
168.7,70.2,24.7,168.5,73.9,26.0
176.7,75.3,24.1,176.2,73.1,23.6
171.8,79.6,27.0,170.6,80.2,27.5
169.3,69.4,24.2,168.9,74.9,26.2
175.0,65.0,21.2,173.7,68.0,22.5
177.0,62.8,20.0,176.5,66.9,21.5
175.8,77.8,25.2,174.2,75.5,24.9
170.1,55.6,19.2,168.5,55.6,19.6
169.1,71.1,24.9,168.9,70.0,24.5
184.9,91.9,26.9,182.7,84.2,25.2
178.5,113.5,35.6,176.7,107.7,34.5
169.6,61.5,21.4,168.8,65.4,23.0
185.2,71.5,20.8,184.1,76.9,22.7
180.6,66.5,20.4,179.4,63.2,19.6
165.4,63.3,23.1,165.4,62.0,22.7
171.0,75.0,25.6,169.4,77.2,26.9
173.6,91.0,30.2,172.0,90.2,30.5
177.9,61.1,19.3,176.2,57.9,18.7
179.0,60.7,18.9,176.6,57.8,18.5
173.0,61.9,20.7,171.5,60.5,20.6
165.0,53.1,19.5,163.9,54.8,20.4
174.2,66.6,21.9,171.8,69.0,23.4
175.0,67.0,21.9,174.6,67.9,22.3
180.3,64.0,19.7,178.9,62.4,19.5
175.2,74.5,24.3,174.3,81.0,26.7
178.3,93.4,29.4,176.9,83.2,26.6
173.4,59.5,19.8,172.2,59.4,20.0
177.1,87.7,28.0,174.5,92.2,30.3
179.1,72.6,22.6,177.6,66.7,21.1
179.2,63.3,19.7,178.3,67.0,21.1
176.7,87.9,28.2,174.5,87.4,28.7
168.3,76.8,27.1,167.9,68.4,24.3
178.2,96.2,30.3,177.0,94.1,30.0
175.6,73.6,23.9,174.0,73.2,24.2
173.8,78.8,26.1,171.5,81.2,27.6
168.6,73.1,25.7,167.4,76.5,27.3
183.9,78.1,23.1,181.8,81.4,24.6
169.9,61.2,21.2,168.3,60.2,21.3
177.0,81.1,25.9,174.8,84.6,27.7
182.5,88.6,26.6,180.4,92.2,28.3
178.1,94.7,29.9,177.3,102.3,32.6
176.6,87.5,28.1,175.8,86.1,27.9
172.5,61.7,20.7,171.6,65.9,22.4
180.1,66.3,20.4,177.9,69.3,21.9
178.2,81.6,25.7,177.3,79.1,25.1
178.8,74.6,23.3,178.3,70.3,22.1
178.6,77.7,24.4,177.6,70.6,22.4
168.7,59.1,20.8,167.2,56.4,20.2
171.7,75.3,25.5,170.4,72.1,24.8
169.2,73.5,25.7,168.7,75.8,26.6
175.7,86.5,28.0,174.0,81.2,26.8
177.3,71.5,22.7,175.4,62.7,20.4
179.0,103.5,32.3,176.4,97.7,31.4
190.9,85.1,23.4,188.0,84.5,23.9
169.7,53.9,18.7,168.6,53.4,18.8
182.0,59.1,17.8,180.4,58.1,17.8
174.6,50.6,16.6,173.2,56.8,18.9
179.2,74.6,23.2,177.2,76.7,24.4
173.7,74.5,24.7,171.3,74.7,25.5
174.3,63.6,20.9,172.6,64.4,21.6
172.3,52.2,17.6,170.7,52.5,18.0
174.0,56.4,18.6,172.2,65.8,22.2
157.7,54.5,21.9,157.7,55.4,22.3
171.1,66.7,22.8,169.3,65.4,22.8
178.1,65.3,20.6,176.6,63.3,20.3
177.1,55.7,17.8,176.2,57.2,18.4
176.5,81.0,26.0,175.2,80.9,26.4
163.9,56.3,21.0,163.1,57.1,21.5
184.6,75.4,22.1,182.6,70.6,21.2
165.9,51.4,18.7,164.5,56.6,20.9
168.6,62.0,21.8,167.1,61.2,21.9
180.4,70.1,21.5,179.4,70.4,21.9
178.5,73.1,22.9,177.0,70.3,22.4
170.8,81.2,27.8,169.7,73.7,25.6
178.6,77.9,24.4,176.4,83.3,26.8
171.0,58.3,19.9,169.5,58.5,20.4
174.4,54.8,18.0,173.2,53.7,17.9
183.0,77.3,23.1,181.5,77.5,23.5
183.8,84.4,25.0,183.0,76.1,22.7
181.1,78.8,24.0,178.9,86.0,26.9
178.5,67.3,21.1,176.4,65.4,21.0
164.8,61.9,22.8,164.0,59.7,22.2
180.3,54.5,16.8,179.1,57.6,18.0
177.6,87.2,27.6,176.0,84.4,27.3
172.4,57.4,19.3,171.4,58.2,19.8
180.1,70.8,21.8,179.5,71.3,22.1
166.7,66.0,23.8,165.9,69.1,25.1
181.0,103.4,31.6,179.3,108.0,33.6
178.1,71.8,22.6,175.8,71.7,23.2
185.4,109.9,32.0,183.1,107.2,32.0
173.3,92.9,30.9,171.4,95.4,32.5
167.3,67.9,24.3,166.4,66.7,24.1
167.9,83.3,29.5,166.9,82.8,29.7
167.8,51.5,18.3,166.7,53.6,19.3
177.6,57.8,18.3,176.9,61.5,19.7
176.5,74.8,24.0,174.3,67.4,22.2
168.7,70.0,24.6,168.0,65.2,23.1
178.5,95.2,29.9,177.2,85.3,27.2
175.7,104.8,33.9,174.4,102.0,33.5
171.3,60.7,20.7,170.7,61.9,21.3
170.3,76.4,26.3,170.1,78.7,27.2
163.8,48.5,18.1,160.5,48.9,19.0
167.8,54.4,19.3,166.5,59.7,21.5
175.7,58.5,19.0,173.9,62.9,20.8
182.1,80.3,24.2,180.2,82.2,25.3
174.0,89.7,29.6,172.6,88.9,29.8
181.1,63.9,19.5,179.7,60.7,18.8
173.4,57.2,19.0,171.5,56.3,19.1
178.1,78.3,24.7,176.4,76.4,24.6
169.8,87.9,30.5,168.9,84.9,29.7
180.4,73.7,22.6,179.5,78.1,24.2
184.4,72.6,21.4,182.2,73.1,22.0
179.6,64.6,20.0,177.7,57.5,18.2
177.1,84.9,27.1,175.9,82.5,26.7
164.2,59.6,22.1,164.2,60.3,22.4
171.7,55.2,18.7,170.3,57.0,19.6
176.2,81.8,26.3,174.4,76.6,25.2
164.4,90.7,33.6,164.8,91.7,33.8
179.3,60.4,18.8,177.4,59.6,18.9
179.7,87.9,27.2,177.4,83.5,26.5
168.1,62.1,22.0,167.1,61.1,21.9
174.5,52.8,17.3,173.1,58.5,19.5
164.0,48.4,18.0,162.4,54.2,20.5
181.7,75.8,23.0,179.5,72.5,22.5
176.0,88.0,28.4,174.7,81.0,26.5
178.3,75.0,23.6,176.6,64.7,20.7
184.8,92.3,27.0,183.4,95.0,28.2
167.4,66.4,23.7,166.3,63.7,23.0
166.1,63.9,23.2,165.1,62.9,23.1
177.1,62.4,19.9,175.1,66.5,21.7
169.4,60.0,20.9,168.1,65.1,23.1
177.7,55.2,17.5,175.9,57.1,18.4
169.5,70.8,24.6,168.0,74.0,26.2
175.9,66.6,21.5,175.0,66.1,21.6
178.3,71.2,22.4,177.6,66.5,21.1
185.7,90.9,26.4,182.9,95.2,28.4
177.8,53.0,16.8,175.3,60.5,19.7
176.8,68.9,22.0,174.9,66.9,21.9
181.5,72.9,22.1,179.1,76.7,23.9
175.5,96.1,31.2,173.4,91.8,30.5
169.2,49.9,17.4,168.0,55.5,19.7
178.4,105.6,33.2,176.1,94.9,30.6
172.8,91.8,30.7,171.3,94.4,32.2
175.1,120.6,39.3,175.2,112.4,36.6
175.0,53.3,17.4,173.4,52.9,17.6
175.8,69.6,22.5,174.7,66.0,21.6
170.0,71.6,24.8,168.6,71.0,25.0
175.7,88.1,28.5,174.4,99.1,32.6
180.4,60.5,18.6,178.6,63.0,19.7
176.7,94.7,30.3,175.6,93.2,30.2
172.4,92.1,31.0,171.7,86.5,29.4
183.1,73.9,22.0,180.8,77.2,23.6
170.0,57.2,19.8,169.2,53.3,18.6
172.0,55.1,18.6,170.7,56.7,19.5
180.3,83.9,25.8,178.4,82.5,25.9
180.2,64.7,19.9,179.5,67.7,21.0
167.6,64.8,23.1,166.4,68.1,24.6
173.4,58.7,19.5,171.9,61.7,20.9
166.5,59.9,21.6,166.1,55.4,20.1
169.6,73.5,25.6,168.3,71.1,25.1
182.6,85.5,25.6,181.3,95.4,29.0
173.0,80.6,26.9,171.3,83.2,28.4
177.8,78.4,24.8,176.3,81.1,26.1
168.7,55.2,19.4,167.4,50.1,17.9
188.0,105.6,29.9,185.6,92.4,26.8
170.8,64.3,22.0,168.8,56.7,19.9
171.6,63.3,21.5,170.2,62.2,21.5
169.0,58.2,20.4,167.8,54.9,19.5
170.7,51.7,17.7,167.5,49.0,17.5
171.3,55.3,18.8,171.0,65.6,22.4
176.3,75.4,24.3,175.4,68.0,22.1
177.6,96.7,30.7,175.8,94.3,30.5
179.7,57.5,17.8,178.8,59.1,18.5
167.8,89.6,31.8,167.1,88.1,31.6
180.8,70.0,21.4,180.2,72.2,22.2
173.3,68.5,22.8,173.6,62.4,20.7
172.3,71.5,24.1,172.4,72.0,24.2
168.5,70.3,24.8,167.4,68.3,24.4
177.3,93.1,29.6,175.9,94.7,30.6
174.3,74.6,24.6,172.7,81.7,27.4
165.6,56.7,20.7,164.6,58.4,21.6
171.4,74.3,25.3,169.9,75.6,26.2
174.7,62.2,20.4,174.5,66.1,21.7
180.0,72.8,22.5,178.8,73.3,22.9
175.8,93.6,30.3,173.4,96.2,32.0
176.4,58.8,18.9,174.6,55.9,18.3
170.6,77.1,26.5,169.7,81.4,28.2
176.1,52.4,16.9,173.9,52.8,17.5
170.4,62.6,21.6,168.3,61.8,21.8
179.0,81.2,25.3,178.4,80.0,25.1
170.9,74.9,25.6,170.6,76.1,26.2
175.3,64.7,21.1,174.3,69.6,22.9
167.5,66.9,23.8,166.5,74.6,26.9
182.0,63.7,19.2,180.3,62.1,19.1
173.6,69.2,23.0,173.3,71.1,23.7
167.2,62.1,22.2,167.1,62.8,22.5
182.3,91.3,27.5,179.8,87.7,27.1
176.8,53.7,17.2,174.7,53.2,17.5
169.9,70.0,24.2,168.3,74.9,26.4
174.1,83.2,27.4,173.1,88.0,29.4
166.3,57.8,20.9,165.8,57.0,20.7
180.3,60.9,18.7,177.9,63.1,19.9
182.7,60.6,18.2,181.3,61.2,18.6
168.9,53.2,18.6,167.8,56.8,20.2
176.8,56.7,18.1,175.8,59.2,19.1
171.1,66.4,22.7,171.1,71.6,24.5
169.4,73.9,25.8,168.3,68.7,24.3
180.7,78.2,23.9,178.6,82.1,25.7
169.6,74.9,26.0,169.5,77.2,26.9
172.2,63.0,21.2,170.5,62.2,21.4
178.1,64.6,20.4,176.9,83.1,26.6
165.0,65.8,24.2,165.1,59.8,21.9
175.5,62.6,20.3,174.0,67.3,22.2
173.7,64.5,21.4,172.8,68.9,23.1
175.2,77.2,25.2,174.7,79.4,26.0
176.4,70.0,22.5,175.0,66.5,21.7
177.1,50.6,16.1,175.7,51.5,16.7
171.6,57.0,19.4,169.5,52.6,18.3
173.6,58.8,19.5,172.4,59.2,19.9
177.2,64.8,20.6,176.0,66.6,21.5
190.7,87.9,24.2,187.9,83.1,23.5
184.3,109.5,32.2,182.2,98.8,29.7
173.1,101.8,34.0,172.7,100.2,33.6
167.8,71.4,25.4,167.5,74.9,26.7
174.9,73.1,23.9,173.4,69.2,23.0
178.3,90.7,28.5,177.1,86.6,27.6
165.0,55.4,20.3,164.5,59.2,21.9
182.0,71.4,21.6,180.4,69.5,21.4
174.7,80.1,26.2,173.7,71.5,23.7
173.0,59.6,19.9,171.8,57.0,19.3
178.6,68.8,21.6,176.8,74.3,23.8
167.2,75.2,26.9,167.0,72.6,26.0
175.4,60.1,19.5,173.2,58.7,19.6
182.8,81.3,24.3,181.3,78.8,24.0
165.4,60.4,22.1,164.6,59.8,22.1
170.7,70.4,24.2,169.4,69.8,24.3
180.1,76.8,23.7,177.6,79.1,25.1
174.6,62.1,20.4,173.8,60.8,20.1
175.7,70.6,22.9,173.9,65.2,21.6
175.0,74.4,24.3,173.2,70.8,23.6
171.4,64.3,21.9,171.1,63.4,21.6
171.2,58.0,19.8,169.4,56.7,19.8
176.3,81.3,26.2,175.4,83.6,27.2
176.8,87.2,27.9,175.0,84.4,27.6
181.1,66.2,20.2,179.9,73.4,22.7
180.3,67.6,20.8,178.4,64.9,20.4
177.1,80.0,25.5,174.8,77.8,25.5
173.7,75.6,25.1,173.1,74.7,24.9
172.4,99.5,33.5,171.8,86.5,29.3
188.7,82.9,23.3,185.9,86.8,25.1
175.7,56.0,18.1,173.2,54.6,18.2
171.7,80.1,27.2,171.5,85.6,29.1
173.1,106.4,35.5,170.8,103.8,35.6
183.9,70.9,21.0,182.7,72.3,21.7
170.1,64.6,22.3,168.5,61.1,21.5
187.6,112.0,31.8,184.0,111.5,32.9
169.2,68.8,24.0,167.8,65.1,23.1
178.8,69.7,21.8,178.1,71.6,22.6
180.4,78.2,24.0,179.2,78.1,24.3
165.9,68.5,24.9,164.5,70.4,26.0
167.0,66.2,23.7,165.9,69.9,25.4
170.4,63.3,21.8,168.8,62.4,21.9
173.5,85.4,28.4,172.7,80.8,27.1
177.2,77.9,24.8,175.6,80.9,26.3
176.6,70.3,22.5,175.8,66.2,21.4
176.3,54.9,17.7,174.2,60.5,19.9
172.7,81.1,27.2,172.6,75.6,25.4
175.7,58.8,19.0,173.9,58.1,19.2
177.1,101.8,32.5,176.5,92.7,29.8
165.5,65.8,24.0,164.5,61.3,22.7
170.2,72.7,25.1,169.5,73.0,25.4
173.9,72.3,23.9,172.5,74.7,25.1
181.4,72.8,22.1,179.5,73.5,22.8
169.0,51.1,17.9,166.8,49.3,17.7
182.5,78.0,23.4,180.5,72.6,22.3
183.0,81.5,24.3,181.0,81.9,25.0
169.4,83.0,28.9,167.7,83.2,29.6
175.3,115.9,37.7,174.4,111.2,36.6
172.4,78.7,26.5,170.5,76.6,26.4
173.9,75.5,25.0,172.5,79.6,26.7
182.2,66.4,20.0,181.1,65.3,19.9
169.9,94.0,32.6,169.2,94.7,33.1
172.9,67.2,22.5,171.8,65.9,22.3
167.3,63.9,22.8,167.1,63.3,22.7
173.1,105.2,35.1,171.9,96.5,32.7
185.5,56.6,16.4,183.1,59.1,17.6
169.3,50.9,17.8,168.6,55.6,19.6
166.3,54.5,19.7,165.1,51.8,19.0
175.9,74.0,23.9,175.4,79.9,26.0
170.4,90.8,31.3,169.6,91.6,31.9
177.5,60.0,19.0,176.7,57.9,18.6
163.4,54.5,20.4,161.1,54.3,20.9
173.8,69.9,23.1,172.6,66.5,22.3
180.7,84.2,25.8,179.3,84.0,26.1
164.8,55.2,20.3,163.8,58.9,22.0
167.4,61.1,21.8,166.0,59.1,21.4
172.9,71.6,24.0,171.8,76.2,25.8
177.3,69.0,21.9,175.0,73.1,23.9
169.8,83.7,29.0,169.3,81.9,28.6
167.9,62.5,22.2,165.0,57.6,21.1
177.1,63.5,20.2,175.9,62.3,20.1
179.0,78.1,24.4,177.5,74.3,23.6
173.4,70.2,23.3,171.9,66.0,22.3
169.9,77.4,26.8,168.5,76.9,27.1
168.2,60.4,21.3,168.0,63.0,22.3
172.0,69.7,23.6,170.4,63.6,21.9
173.6,61.2,20.3,171.4,59.3,20.2
178.0,72.4,22.9,176.7,70.2,22.5
175.1,69.9,22.8,173.9,64.4,21.3
173.4,60.0,20.0,172.0,58.0,19.6
181.3,72.6,22.1,179.5,69.8,21.7
173.7,81.5,27.0,171.9,83.5,28.3
174.5,71.1,23.3,174.1,73.5,24.3
174.2,72.8,24.0,173.5,68.1,22.6
182.9,83.6,25.0,181.4,88.1,26.8
173.3,60.6,20.2,172.2,62.2,21.0
178.7,90.1,28.2,177.6,83.2,26.4
174.3,70.1,23.1,173.3,63.7,21.2
175.5,70.5,22.9,174.8,70.0,22.9
172.2,81.6,27.5,169.9,76.8,26.6
181.2,80.5,24.5,179.0,76.4,23.9
164.4,58.6,21.7,164.4,62.9,23.3
168.9,59.6,20.9,168.4,59.0,20.8
175.6,68.8,22.3,175.0,67.7,22.1
174.2,78.4,25.8,173.0,72.1,24.1
173.8,57.5,19.0,172.8,54.8,18.3
176.3,73.1,23.5,175.4,77.3,25.1
181.3,63.3,19.3,179.2,62.2,19.4
179.1,70.1,21.9,178.1,73.1,23.1
181.8,57.1,17.3,179.4,60.1,18.7
176.3,114.5,36.8,175.3,109.1,35.5
177.2,110.1,35.1,175.9,102.2,33.0
175.7,62.6,20.3,175.1,60.8,19.8
183.7,122.5,36.3,180.9,118.5,36.2
172.0,75.5,25.5,171.1,73.4,25.1
162.6,46.7,17.7,161.5,47.1,18.1
170.5,56.5,19.4,169.0,63.6,22.3
171.8,70.5,23.9,169.7,69.3,24.1
186.8,76.6,22.0,184.4,72.9,21.4
175.8,71.3,23.1,175.3,73.5,23.9
180.6,92.6,28.4,179.8,92.1,28.5
174.6,58.4,19.2,174.6,53.4,17.5
171.9,70.8,24.0,171.1,65.2,22.3
167.6,70.0,24.9,166.7,73.2,26.3
168.5,76.6,27.0,167.2,79.3,28.3
172.7,73.8,24.7,171.7,72.8,24.7
172.1,99.0,33.4,170.3,94.7,32.7
175.5,72.5,23.5,174.9,76.3,24.9
172.8,74.6,25.0,171.6,71.2,24.2
190.1,77.5,21.4,187.4,81.0,23.1
177.3,79.3,25.2,176.3,76.6,24.6
182.5,76.7,23.0,180.4,74.4,22.9
172.3,51.2,17.2,169.8,52.6,18.3
169.3,62.6,21.8,168.5,66.1,23.3
168.2,73.7,26.1,167.0,68.9,24.7
170.9,82.8,28.3,169.5,81.9,28.5
179.2,74.0,23.0,178.3,66.8,21.0
184.5,76.0,22.3,182.7,73.4,22.0
177.4,75.6,24.0,175.9,75.8,24.5
171.8,67.4,22.8,171.4,66.4,22.6
165.7,76.5,27.9,164.3,73.0,27.1
177.9,65.5,20.7,177.7,66.4,21.0
179.3,59.1,18.4,177.6,55.7,17.7
180.2,81.7,25.2,178.6,83.1,26.1
175.7,48.7,15.8,173.0,53.1,17.8
166.4,54.7,19.8,165.9,57.4,20.9
180.1,84.9,26.2,178.9,92.5,28.9
165.7,65.6,23.9,163.8,60.0,22.4
184.9,103.8,30.4,183.1,101.2,30.2
174.3,67.1,22.1,174.1,65.8,21.7
169.0,77.3,27.1,167.7,78.0,27.7
175.6,66.7,21.6,173.5,64.9,21.5
174.2,76.5,25.2,173.6,69.7,23.1
167.0,74.3,26.6,166.7,68.7,24.7
174.6,78.7,25.8,172.9,73.2,24.5
171.3,67.2,22.9,170.4,62.7,21.6
182.2,71.1,21.4,180.8,70.5,21.6
180.1,64.1,19.8,178.4,64.8,20.3
177.5,94.0,29.8,175.3,92.3,30.0
174.5,69.3,22.8,173.0,67.6,22.6
171.6,71.0,24.1,170.3,68.9,23.8
189.0,66.5,18.6,188.4,66.5,18.7
177.6,62.7,19.9,176.4,65.4,21.0
166.9,51.2,18.4,164.7,53.8,19.8
176.4,71.9,23.1,175.4,69.5,22.6
171.5,68.9,23.4,171.2,72.8,24.8
168.1,77.1,27.3,168.1,77.0,27.3
173.8,79.5,26.3,172.6,74.2,24.9
183.0,83.7,25.0,180.4,86.1,26.5
183.8,89.0,26.3,182.5,91.4,27.4
170.2,69.4,24.0,168.6,68.6,24.1
172.3,67.2,22.6,171.5,67.5,22.9
177.9,60.0,19.0,176.0,61.8,19.9
177.4,93.2,29.6,175.7,88.8,28.8
173.7,72.0,23.9,171.7,65.5,22.2
173.8,76.7,25.4,173.1,75.9,25.3
174.7,93.8,30.7,173.0,90.3,30.1
169.4,59.3,20.7,167.6,58.3,20.8
173.6,63.3,21.0,171.8,67.6,22.9
169.1,53.2,18.6,167.7,55.8,19.8
181.2,56.6,17.2,178.8,60.0,18.8
174.6,107.6,35.3,174.1,104.7,34.5
178.7,109.7,34.4,177.1,101.7,32.4
177.3,59.0,18.8,175.6,68.2,22.1
175.7,62.7,20.3,175.1,57.2,18.6
173.2,68.2,22.7,171.6,77.5,26.3
179.5,66.8,20.7,177.9,64.9,20.5
174.4,106.3,34.9,173.8,113.4,37.5
174.4,59.0,19.4,172.4,62.7,21.1
177.3,65.6,20.9,176.4,61.3,19.7
187.6,80.0,22.7,185.9,82.3,23.8
182.2,65.1,19.6,180.7,69.5,21.3
176.8,75.2,24.1,174.5,68.4,22.4
175.9,67.5,21.8,174.0,67.7,22.4
183.5,93.0,27.6,182.7,91.9,27.5
179.1,63.5,19.8,179.1,64.1,20.0
171.1,54.2,18.5,170.4,57.6,19.8
176.3,73.7,23.7,175.9,72.7,23.5
164.0,58.2,21.6,162.8,65.8,24.8
163.6,65.3,24.4,162.3,61.8,23.5
182.2,91.5,27.6,181.2,88.5,26.9
165.4,43.1,15.8,163.0,48.6,18.3
171.6,58.1,19.7,169.5,56.4,19.6
174.6,62.6,20.5,172.3,62.4,21.0
176.7,82.8,26.5,175.3,81.3,26.4
183.0,109.8,32.8,180.1,106.8,32.9
167.5,59.7,21.3,166.3,56.2,20.3
175.8,77.6,25.1,174.3,81.7,26.9
171.5,63.6,21.6,170.7,64.8,22.2
168.6,59.2,20.8,167.9,57.6,20.4
181.4,79.6,24.2,178.8,85.5,26.7
168.1,64.0,22.6,167.7,69.4,24.7
181.8,78.1,23.6,179.6,73.6,22.8
176.5,56.6,18.2,174.6,56.4,18.5
168.4,54.1,19.1,167.4,56.8,20.3
167.9,50.4,17.9,167.2,54.9,19.6
176.7,65.0,20.8,174.7,61.9,20.3
167.1,79.9,28.6,165.0,48.7,17.9
174.8,88.8,29.1,174.0,91.0,30.0
162.2,96.7,36.8,165.7,101.7,37.0
188.1,99.1,28.0,186.0,100.3,29.0
177.4,64.7,20.6,175.2,61.5,20.0
173.8,58.4,19.3,172.9,58.5,19.6
179.7,83.7,25.9,178.4,79.9,25.1
174.2,87.5,28.8,173.0,81.3,27.2
179.4,95.9,29.8,177.6,96.6,30.6
178.2,107.0,33.7,176.1,101.7,32.8
183.5,59.0,17.5,181.8,61.7,18.7
166.9,54.3,19.5,165.9,57.0,20.7
170.3,72.2,24.9,169.2,69.6,24.3
175.2,68.9,22.4,174.6,67.6,22.2
178.4,57.6,18.1,177.8,60.4,19.1
166.8,70.1,25.2,166.2,74.5,27.0
175.3,77.6,25.3,173.6,72.9,24.2
172.0,95.0,32.1,170.7,97.5,33.5
180.4,83.9,25.8,178.2,82.3,25.9
172.9,60.9,20.4,171.0,69.1,23.6
175.3,83.4,27.1,173.7,77.8,25.8
173.2,66.6,22.2,171.8,68.3,23.1
174.7,68.6,22.5,172.8,73.8,24.7
187.1,115.6,33.0,184.4,113.7,33.4
188.4,86.7,24.4,185.2,81.8,23.8
179.8,96.7,29.9,177.8,90.2,28.5
173.4,78.1,26.0,171.7,83.5,28.3
185.8,90.2,26.1,184.8,61.7,18.1
166.8,78.6,28.3,165.9,74.5,27.1
176.8,91.9,29.4,174.3,95.7,31.5
178.1,73.6,23.2,176.4,67.7,21.8
177.2,79.0,25.2,176.4,80.8,26.0
170.6,71.7,24.6,169.5,72.6,25.3
179.2,61.2,19.1,177.9,60.3,19.0
178.3,63.2,19.9,177.4,68.7,21.8
174.7,73.5,24.1,173.2,75.5,25.2
170.1,68.9,23.8,169.0,61.8,21.6
173.7,68.0,22.5,172.5,76.5,25.7
175.7,52.5,17.0,173.5,52.9,17.6
169.3,106.0,37.0,168.8,87.0,30.5
178.5,101.8,32.0,176.0,95.0,30.7
172.1,62.6,21.1,171.4,59.8,20.3
172.2,80.9,27.3,170.6,78.8,27.1
171.2,60.6,20.7,169.3,58.1,20.3
181.7,93.9,28.4,180.3,91.1,28.0
194.6,86.8,22.9,190.8,82.1,22.5
173.5,66.6,22.1,169.4,65.6,22.9
168.1,62.5,22.1,167.6,66.1,23.5
188.9,90.7,25.4,186.8,85.8,24.6
171.3,74.7,25.5,171.0,81.1,27.7
177.9,78.9,24.9,176.9,75.1,24.0
165.2,81.6,29.9,165.7,80.5,29.3
170.7,51.4,17.6,168.9,60.3,21.2
174.4,83.1,27.3,173.0,80.0,26.7
178.9,58.7,18.3,177.4,62.5,19.9
174.1,82.9,27.3,172.5,79.9,26.8
172.2,94.1,31.7,170.8,93.4,32.0
173.2,72.5,24.2,171.2,63.9,21.8
188.6,72.6,20.4,186.6,68.4,19.6
180.5,80.5,24.7,179.1,78.9,24.6
171.8,70.5,23.9,170.8,68.4,23.5
169.6,62.2,21.6,168.2,63.1,22.3
172.2,59.3,20.0,170.6,57.9,19.9
176.2,60.7,19.6,175.6,56.0,18.2
174.1,69.9,23.1,172.3,71.5,24.1
168.5,56.9,20.0,168.4,63.0,22.2
179.7,66.4,20.6,177.6,61.2,19.4
169.3,90.0,31.4,169.4,81.6,28.5
176.9,66.9,21.4,175.6,69.3,22.5
174.3,75.2,24.8,172.4,79.0,26.6
173.8,87.6,29.0,172.0,84.6,28.6
176.9,74.7,23.9,175.0,76.5,25.0
167.1,62.3,22.3,165.5,59.4,21.7
168.1,69.0,24.4,167.9,64.8,23.0
171.9,73.1,24.7,170.7,75.0,25.7
175.4,66.1,21.5,173.8,67.7,22.4
168.4,61.0,21.5,166.8,58.6,21.1
181.5,65.5,19.9,181.1,67.9,20.7
175.3,78.6,25.6,173.2,74.3,24.8
174.6,58.1,19.1,172.7,58.1,19.5
177.8,68.3,21.6,176.8,76.7,24.5
180.1,80.9,24.9,177.6,82.5,26.1
179.8,76.6,23.7,178.1,75.5,23.8
175.0,61.1,20.0,174.0,67.5,22.3
175.5,82.2,26.7,174.3,79.1,26.1
181.1,97.6,29.8,179.7,98.0,30.3
171.1,82.7,28.2,170.9,88.3,30.2
168.0,69.1,24.5,167.2,69.0,24.7
178.2,103.7,32.7,175.9,95.2,30.8
174.3,80.9,26.6,172.4,81.7,27.5
171.4,58.8,20.0,168.6,52.4,18.4
174.3,62.7,20.6,172.6,67.2,22.6
173.9,91.1,30.1,172.3,83.8,28.2
176.5,57.3,18.4,174.4,68.3,22.5
174.1,57.5,19.0,172.5,61.3,20.6
180.6,93.5,28.7,178.6,86.0,27.0
173.4,54.6,18.2,171.3,53.9,18.4
179.2,81.0,25.2,178.2,71.4,22.5
178.7,79.7,25.0,177.6,80.6,25.5
175.2,61.4,20.0,174.1,68.2,22.5
175.5,73.5,23.9,173.5,75.6,25.1
168.3,88.4,31.2,167.4,85.0,30.3
184.1,75.2,22.2,182.7,76.1,22.8
172.4,74.2,25.0,171.1,80.6,27.5
167.9,77.3,27.4,167.9,69.1,24.5
176.3,69.6,22.4,175.2,59.8,19.5
170.7,75.3,25.8,169.2,72.1,25.2
179.1,69.4,21.6,177.7,69.1,21.9
176.4,61.6,19.8,174.1,56.8,18.8
177.5,75.5,24.0,175.8,84.3,27.3
168.8,50.4,17.7,167.4,53.8,19.2
168.7,53.0,18.6,168.4,55.5,19.6
176.6,99.4,31.9,175.0,101.3,33.1
174.9,71.4,23.3,174.0,69.1,22.8
179.4,107.3,33.3,177.5,101.9,32.3
178.3,54.6,17.2,176.7,55.4,17.7
184.8,83.9,24.6,183.7,81.8,24.2
166.9,59.5,21.4,166.7,62.4,22.5
167.9,60.3,21.4,166.3,56.1,20.3
177.9,74.4,23.5,176.9,78.2,25.0
171.3,66.1,22.5,169.3,71.4,24.9
170.7,57.5,19.7,168.6,58.4,20.5
177.7,71.0,22.5,177.2,71.5,22.8
180.1,65.2,20.1,178.8,62.3,19.5
177.3,99.9,31.8,176.0,97.1,31.4
178.7,82.0,25.7,176.8,85.4,27.3
175.5,75.2,24.4,173.4,74.3,24.7
175.1,72.9,23.8,173.0,72.4,24.2
179.2,63.5,19.8,177.2,67.1,21.4
181.8,78.1,23.6,179.6,73.6,22.8
173.6,60.5,20.1,171.2,56.5,19.3
173.1,62.9,21.0,171.8,63.9,21.6
173.6,66.4,22.0,171.9,63.3,21.4
174.5,80.1,26.3,172.7,76.5,25.6
180.2,81.7,25.2,178.6,83.1,26.1
186.8,64.6,18.5,184.5,63.2,18.6
182.0,76.9,23.2,180.0,73.0,22.5
173.8,87.4,28.9,171.7,84.9,28.8
170.2,76.0,26.2,169.0,76.1,26.6
164.4,87.1,32.2,164.4,83.0,30.7
181.7,97.8,29.6,179.9,92.7,28.7
176.9,108.8,34.8,175.7,110.0,35.6
167.5,64.6,23.0,166.8,68.6,24.6
169.0,67.1,23.5,168.7,65.1,22.9
177.9,73.7,23.3,175.8,77.0,24.9
176.3,81.6,26.3,176.5,81.1,26.0
178.2,74.5,23.5,176.0,70.8,22.9
177.6,90.3,28.6,176.3,96.7,31.1
180.0,70.2,21.7,178.2,72.0,22.7
177.4,93.2,29.6,175.7,84.5,27.4
183.9,90.4,26.7,182.6,94.0,28.2
184.8,63.4,18.6,184.6,68.6,20.1
183.5,69.8,20.7,182.3,74.3,22.4
170.0,51.5,17.8,167.6,48.8,17.4
168.5,72.9,25.7,168.6,90.8,31.9
183.7,62.9,18.6,181.4,65.2,19.8
185.9,95.6,27.7,184.0,93.4,27.6
175.1,69.0,22.5,174.2,69.2,22.8
163.8,62.6,23.3,162.6,54.7,20.7
178.0,71.7,22.6,176.9,75.7,24.2
180.8,75.6,23.1,178.9,74.8,23.4
165.0,79.9,29.3,165.5,86.7,31.7
169.5,52.9,18.4,168.2,57.4,20.3
166.0,56.7,20.6,164.9,53.1,19.5
173.3,72.3,24.1,172.3,72.9,24.5
177.5,76.3,24.2,176.4,77.5,24.9
164.6,85.9,31.7,165.0,88.4,32.5
179.7,84.0,26.0,177.5,84.9,27.0
162.5,60.4,22.9,162.0,68.7,26.2
172.2,75.5,25.5,170.9,73.1,25.0
184.0,66.6,19.7,182.6,68.4,20.5
177.7,59.2,18.7,176.3,58.6,18.9
177.1,81.1,25.9,175.9,84.6,27.4
179.6,73.3,22.7,178.5,79.8,25.0
183.6,79.9,23.7,181.7,76.2,23.1
174.5,47.7,15.7,172.8,59.6,20.0
174.0,55.7,18.4,172.1,60.9,20.6
175.3,56.8,18.5,173.1,56.0,18.7
160.6,63.9,24.8,162.7,85.3,32.2
174.1,70.5,23.3,172.5,73.1,24.6
185.6,113.1,32.8,182.1,109.7,33.1
178.3,88.5,27.8,176.7,79.4,25.4
169.6,72.2,25.1,169.2,76.1,26.6
173.4,67.6,22.5,172.0,63.6,21.5
180.8,74.8,22.9,179.9,75.1,23.2
180.2,80.2,24.7,177.9,77.2,24.4
167.6,59.3,21.1,166.1,58.6,21.2
176.0,88.2,28.5,174.0,88.1,29.1
175.5,58.0,18.8,173.8,57.8,19.1
175.1,56.7,18.5,174.1,55.8,18.4
172.2,54.5,18.4,169.9,59.8,20.7
177.0,85.5,27.3,176.3,88.7,28.6
178.1,71.0,22.4,177.3,67.7,21.5
185.5,108.0,31.4,183.2,102.1,30.4
177.5,94.1,29.9,175.7,94.4,30.6
180.1,67.2,20.7,178.1,62.2,19.6
174.9,88.3,28.9,174.0,86.9,28.7
173.6,60.8,20.2,171.7,62.8,21.3
167.0,67.0,24.0,167.1,72.0,25.8
173.8,61.1,20.2,172.6,60.7,20.4
181.3,62.9,19.1,179.4,61.2,19.0
176.1,95.7,30.9,174.3,87.9,28.9
172.6,68.2,22.9,171.8,68.6,23.2
175.2,57.7,18.8,173.2,55.3,18.4
178.4,66.1,20.8,176.4,64.6,20.7
183.3,85.2,25.4,182.0,82.9,25.0
168.1,75.4,26.7,167.4,78.4,28.0
177.6,77.5,24.6,176.2,76.1,24.5
173.4,68.8,22.9,172.4,69.3,23.3
181.7,59.1,17.9,179.2,58.9,18.3
175.4,64.1,20.8,174.9,65.2,21.3
178.5,69.2,21.7,176.5,61.7,19.8
183.1,102.9,30.7,180.9,96.4,29.5
176.9,54.2,17.3,174.7,54.6,17.9
166.8,62.0,22.3,165.0,57.2,21.0
170.6,69.5,23.9,169.5,67.3,23.4
181.1,87.0,26.5,179.8,92.3,28.6
174.0,77.7,25.7,171.9,78.4,26.5
168.2,61.2,21.6,167.8,66.0,23.5
166.9,80.6,28.9,165.9,84.5,30.7
169.6,61.0,21.2,168.1,56.4,20.0
187.7,93.7,26.6,185.5,98.9,28.7
168.6,56.1,19.7,166.6,55.3,19.9
180.4,97.1,29.8,179.4,98.7,30.7
173.1,96.9,32.3,171.9,98.3,33.3
171.4,81.2,27.6,169.7,75.4,26.2
181.7,63.5,19.2,180.4,67.7,20.8
179.6,72.7,22.5,177.2,76.0,24.2
174.7,55.4,18.2,172.2,54.3,18.3
179.6,74.5,23.1,179.1,70.1,21.9
166.1,53.6,19.4,163.8,51.2,19.1
176.0,124.0,40.0,176.6,120.7,38.7
162.3,57.0,21.6,160.9,59.5,23.0
172.8,98.1,32.9,170.7,94.5,32.4
173.7,79.4,26.3,172.0,75.7,25.6
178.4,90.7,28.5,177.0,94.6,30.2
173.6,66.8,22.2,173.1,67.9,22.7
175.9,67.3,21.8,174.5,63.1,20.7
173.1,54.2,18.1,172.2,56.3,19.0
166.8,62.9,22.6,164.9,58.3,21.5
170.5,66.8,23.0,169.9,61.1,21.2
174.4,98.6,32.4,173.0,99.6,33.3
177.1,55.4,17.7,176.7,56.7,18.1
170.6,51.6,17.7,169.6,53.3,18.5
173.6,70.0,23.2,173.1,65.5,21.9
179.6,90.4,28.0,177.4,89.0,28.3
177.1,54.9,17.5,174.7,54.8,18.0
170.3,59.7,20.6,168.9,60.1,21.1
182.2,62.1,18.7,180.6,63.9,19.6
173.8,62.1,20.6,172.1,68.3,23.0
174.1,84.5,27.9,173.2,82.5,27.5
179.9,72.7,22.5,177.5,69.1,21.9
181.7,78.5,23.8,178.9,79.8,25.0
175.4,93.6,30.4,173.4,95.0,31.6
180.5,66.8,20.5,179.4,67.5,21.0
177.5,52.1,16.5,176.0,57.4,18.5
174.2,63.0,20.8,173.3,63.6,21.2
178.0,72.8,23.0,176.9,69.4,22.2
169.0,55.4,19.4,167.4,56.6,20.2
176.8,83.1,26.6,176.1,77.4,25.0
167.9,69.1,24.5,167.9,69.3,24.6
174.2,60.2,19.8,173.3,60.5,20.1
170.8,57.9,19.8,169.5,55.5,19.3
174.6,73.5,24.1,173.1,77.3,25.8
180.6,79.7,24.4,178.3,71.9,22.6
184.9,104.9,30.7,182.2,100.7,30.3
175.5,71.7,23.3,173.6,70.8,23.5
175.3,79.0,25.7,175.1,82.1,26.8
174.8,60.4,19.8,173.5,64.4,21.4
176.0,71.3,23.0,174.5,67.6,22.2
171.5,55.1,18.7,169.1,58.3,20.4
185.6,68.7,19.9,185.2,72.2,21.1
183.8,72.7,21.5,182.7,69.7,20.9
172.8,55.5,18.6,171.1,54.5,18.6
175.5,82.2,26.7,174.6,86.7,28.4
167.1,61.0,21.8,166.7,64.8,23.3
183.4,77.3,23.0,181.2,74.0,22.5
174.4,69.8,22.9,172.5,71.2,23.9
177.2,66.7,21.2,176.1,66.7,21.5
164.7,73.2,27.0,164.0,73.7,27.4
172.2,71.5,24.1,171.4,76.6,26.1
179.7,73.7,22.8,177.7,76.0,24.1
171.2,81.5,27.8,169.6,85.5,29.7
188.4,72.9,20.5,185.8,76.1,22.0
181.9,67.1,20.3,180.0,66.7,20.6
171.7,77.9,26.4,171.7,67.5,22.9
173.6,77.3,25.6,171.6,75.8,25.7
169.1,73.7,25.8,168.6,71.1,25.0
170.9,61.6,21.1,169.5,60.5,21.1
172.6,56.6,19.0,171.6,55.3,18.8
187.6,91.5,26.0,185.2,85.2,24.8
177.4,59.9,19.0,176.3,61.6,19.8
184.7,78.0,22.9,183.2,73.9,22.0
180.8,72.1,22.1,179.4,72.4,22.5
180.1,79.7,24.6,179.1,78.2,24.4
180.5,72.7,22.3,178.4,75.3,23.7
181.8,62.6,18.9,180.4,62.0,19.1
160.5,51.1,19.8,159.7,48.8,19.1
185.1,89.6,26.2,183.9,81.9,24.2
173.0,59.4,19.8,170.8,60.9,20.9
169.8,90.0,31.2,169.7,89.0,30.9
178.9,75.5,23.6,177.9,75.6,23.9
177.0,63.8,20.4,175.0,65.0,21.2
172.8,71.5,23.9,171.9,69.2,23.4
181.1,84.3,25.7,179.8,88.5,27.4
165.2,51.1,18.7,162.8,50.1,18.9
168.8,67.3,23.6,167.3,66.9,23.9
167.1,53.5,19.2,165.8,57.2,20.8
165.3,69.6,25.5,163.3,64.2,24.1
179.9,72.2,22.3,178.0,72.9,23.0
173.5,60.9,20.2,173.2,69.3,23.1
177.2,85.0,27.1,175.7,86.3,28.0
173.3,64.2,21.4,171.2,59.6,20.3
178.2,78.2,24.6,176.9,85.1,27.2
167.1,50.4,18.1,165.3,52.2,19.1
169.8,92.3,32.0,167.8,86.9,30.9
171.5,54.9,18.7,170.1,49.3,17.0
175.6,72.8,23.6,174.9,75.1,24.5
173.1,68.7,22.9,172.1,62.4,21.1
168.8,75.3,26.4,167.8,79.9,28.4
183.1,84.5,25.2,180.8,81.2,24.8
169.4,79.9,27.8,169.2,88.6,31.0
177.1,91.8,29.3,176.7,88.0,28.2
178.1,80.0,25.2,177.3,76.7,24.4
179.6,82.6,25.6,177.9,77.7,24.5
169.8,63.7,22.1,168.2,59.0,20.8
181.6,67.5,20.5,180.6,67.6,20.7
179.6,71.7,22.2,178.4,66.6,20.9
173.9,74.7,24.7,172.0,70.8,23.9
168.3,54.1,19.1,165.4,50.6,18.5
174.5,69.4,22.8,173.4,76.2,25.3
175.7,72.0,23.3,174.8,70.3,23.0
168.0,66.2,23.5,167.3,69.6,24.9
174.6,68.6,22.5,174.1,70.3,23.2
168.7,52.3,18.4,166.9,58.7,21.1
168.1,74.5,26.4,167.7,77.5,27.6
181.9,90.0,27.2,179.2,85.2,26.5
172.3,92.1,31.0,172.1,89.6,30.3
173.5,67.7,22.5,172.4,62.3,20.9
173.2,75.0,25.0,172.3,74.2,25.0
175.3,76.9,25.0,173.7,74.5,24.7
165.4,78.7,28.8,165.5,75.8,27.7
168.8,78.6,27.6,167.3,79.9,28.5
166.5,61.2,22.1,164.6,57.5,21.2
177.7,76.1,24.1,177.3,70.7,22.5
173.6,93.6,31.1,173.3,100.8,33.6
173.3,99.4,33.1,171.7,100.6,34.1
178.4,93.1,29.3,177.0,84.7,27.0
174.4,66.0,21.7,172.5,62.9,21.1
169.6,56.1,19.5,168.5,56.1,19.8
167.8,65.0,23.1,166.8,65.4,23.5
187.7,97.5,27.7,184.6,96.5,28.3
174.3,61.3,20.2,173.5,56.1,18.6
174.8,52.2,17.1,174.1,57.8,19.1
168.5,63.7,22.4,168.1,65.7,23.2
167.3,60.3,21.5,165.1,55.5,20.4
181.6,84.4,25.6,180.3,75.3,23.2
178.4,65.8,20.7,176.1,62.7,20.2
171.6,60.8,20.6,170.0,63.4,21.9
171.3,77.0,26.2,170.3,70.4,24.3
169.9,55.2,19.1,167.9,60.9,21.6
178.5,90.2,28.3,177.0,69.1,22.1
181.4,62.0,18.8,179.1,63.6,19.8
177.6,84.5,26.8,175.5,78.4,25.5
174.8,73.4,24.0,174.3,72.1,23.7
170.6,71.8,24.7,169.4,78.7,27.4
181.6,88.4,26.8,180.2,84.9,26.2
172.0,70.3,23.8,170.4,62.0,21.4
173.2,63.4,21.1,172.3,66.0,22.2
169.4,66.6,23.2,168.4,67.8,23.9
172.4,98.1,33.0,171.6,97.5,33.1
177.4,87.6,27.8,175.6,97.8,31.7
177.8,57.1,18.1,176.0,57.8,18.6
173.4,63.7,21.2,172.7,62.8,21.0
180.2,75.2,23.2,178.9,77.2,24.1
174.4,62.4,20.5,172.6,65.4,21.9
176.6,94.7,30.4,175.6,88.3,28.6
176.1,61.2,19.7,175.0,65.3,21.3
178.1,53.0,16.7,176.4,54.3,17.5
182.2,80.5,24.2,180.5,73.8,22.7
175.4,85.0,27.6,173.6,79.6,26.4
178.4,74.5,23.4,176.6,85.2,27.3
176.2,65.1,21.0,174.4,69.6,22.9
169.4,80.4,28.0,168.8,76.5,26.8
163.2,71.6,26.9,162.8,61.4,23.2
175.9,74.4,24.0,174.7,70.1,23.0
178.9,63.9,20.0,178.4,68.5,21.5
180.5,78.0,23.9,179.2,79.3,24.7
178.2,100.1,31.5,177.6,100.4,31.8
185.3,71.6,20.9,183.7,67.3,19.9
181.7,74.5,22.6,180.0,80.7,24.9
175.0,93.3,30.5,173.1,91.3,30.5
179.3,70.5,21.9,177.2,75.6,24.1
175.5,75.4,24.5,173.9,74.1,24.5
172.6,74.0,24.8,172.3,72.3,24.4
165.6,59.4,21.7,162.5,51.5,19.5
164.9,73.1,26.9,164.4,71.0,26.3
173.6,72.0,23.9,173.6,65.3,21.7
171.3,46.1,15.7,168.5,48.1,16.9
174.8,108.9,35.6,173.5,105.5,35.0
177.6,77.1,24.4,176.1,79.2,25.5
187.5,83.5,23.8,184.8,76.9,22.5
174.3,100.3,33.0,172.0,97.1,32.8
177.9,84.1,26.6,176.3,79.7,25.7
183.7,95.9,28.4,181.7,101.0,30.6
193.8,86.9,23.1,191.1,88.1,24.1
165.8,68.9,25.1,165.9,68.7,25.0
169.7,70.7,24.6,169.0,71.5,25.0
181.5,79.7,24.2,179.3,76.5,23.8
177.1,81.6,26.0,175.6,79.9,25.9
173.0,62.4,20.8,171.7,63.0,21.4
176.2,59.4,19.1,174.7,60.0,19.7
180.3,82.6,25.4,178.2,82.7,26.1
178.5,71.0,22.3,176.2,72.2,23.2
180.5,60.5,18.6,178.8,62.4,19.5
178.2,96.6,30.4,176.9,93.1,29.8
170.6,73.9,25.4,169.5,70.3,24.5
175.8,109.9,35.6,174.1,104.9,34.6
178.0,93.2,29.4,176.0,93.6,30.2
176.5,47.2,15.2,175.2,60.1,19.6
176.1,61.6,19.9,175.4,63.2,20.5
181.8,73.0,22.1,180.0,67.7,20.9
174.9,64.9,21.2,172.3,61.2,20.6
165.9,68.3,24.8,165.5,68.7,25.1
175.9,61.7,19.9,174.1,53.8,17.7
176.2,68.3,22.0,174.1,70.3,23.2
176.3,74.6,24.0,175.2,79.9,26.0
181.7,75.8,23.0,179.5,72.5,22.5
171.0,55.3,18.9,169.8,61.9,21.5
170.7,72.5,24.9,170.1,81.4,28.1
182.4,64.5,19.4,180.4,61.0,18.7
178.1,67.6,21.3,176.4,65.0,20.9
182.2,92.0,27.7,179.7,93.4,28.9
168.8,79.3,27.8,168.9,83.7,29.3
175.8,64.3,20.8,174.5,64.3,21.1
175.9,64.1,20.7,174.6,64.5,21.1
183.3,71.1,21.2,181.1,68.1,20.8
172.9,73.7,24.7,171.3,68.3,23.3
176.9,61.7,19.7,175.9,63.2,20.4
177.1,75.1,23.9,175.6,74.2,24.0
176.6,80.5,25.8,175.0,76.9,25.1
182.6,98.1,29.4,181.1,92.4,28.2
173.5,70.0,23.3,172.4,72.6,24.4
162.0,57.5,21.9,161.1,59.3,22.8
167.5,59.0,21.0,165.1,52.8,19.4
174.6,67.0,22.0,172.9,68.6,22.9
174.8,71.9,23.5,174.0,70.8,23.4
176.0,72.6,23.4,175.7,75.9,24.6
176.7,61.8,19.8,175.5,63.3,20.5
165.7,63.0,22.9,165.5,66.9,24.4
173.2,73.4,24.5,172.1,68.2,23.0
173.7,49.1,16.3,172.5,56.1,18.9
183.7,65.0,19.3,181.5,60.9,18.5
168.5,60.7,21.4,168.3,67.9,24.0
164.4,56.0,20.7,162.9,53.3,20.1
181.5,60.3,18.3,180.3,62.2,19.1
185.8,79.7,23.1,183.5,86.6,25.7
180.1,71.0,21.9,179.3,71.8,22.3
165.0,67.2,24.7,164.7,64.6,23.8
176.5,92.6,29.7,175.0,92.8,30.3
179.6,82.3,25.5,177.4,80.9,25.7
180.8,71.9,22.0,179.3,75.1,23.4
179.3,80.8,25.1,177.9,80.4,25.4
177.1,74.2,23.7,175.9,74.7,24.2
170.0,58.7,20.3,167.7,57.0,20.3
173.7,57.9,19.2,172.4,54.7,18.4
185.4,97.5,28.4,183.1,99.6,29.7
189.1,79.6,22.3,185.9,79.5,23.0
168.7,59.7,21.0,166.6,59.0,21.2
169.2,56.8,19.8,166.8,53.9,19.4
180.2,67.9,20.9,179.5,62.0,19.2
178.0,99.4,31.4,176.0,102.3,33.0
183.8,74.2,22.0,183.0,68.1,20.3
165.0,71.6,26.3,163.9,68.0,25.3
173.7,65.1,21.6,171.8,59.9,20.3
179.3,70.5,21.9,178.1,68.5,21.6
182.5,85.7,25.7,181.8,90.8,27.5
164.2,68.5,25.4,163.4,63.7,23.9
171.9,59.6,20.2,170.4,60.5,20.8
174.8,71.0,23.2,174.5,71.9,23.6
165.6,51.7,18.9,163.8,52.3,19.5
170.4,55.6,19.1,168.8,59.3,20.8
173.5,57.9,19.2,171.4,57.7,19.6
183.2,65.9,19.6,181.2,68.1,20.8
171.6,61.0,20.7,169.4,58.2,20.3
166.8,70.6,25.4,165.7,69.1,25.2
168.7,63.3,22.2,166.9,57.2,20.5
179.7,75.7,23.4,178.1,78.3,24.7
171.1,58.5,20.0,169.1,57.9,20.2
177.7,84.4,26.7,176.8,84.7,27.1
174.5,60.9,20.0,173.7,60.1,19.9
183.2,81.3,24.2,181.1,82.7,25.2
177.9,73.3,23.2,176.6,73.7,23.6
177.0,58.9,18.8,175.8,58.4,18.9
175.6,71.8,23.3,173.7,63.2,21.0
172.8,63.5,21.3,171.0,62.7,21.5
172.2,56.6,19.1,169.7,53.8,18.7
170.0,69.6,24.1,168.8,71.5,25.1
179.9,60.6,18.7,177.7,62.3,19.7
171.9,94.7,32.0,169.9,98.8,34.3
164.5,62.9,23.2,162.7,62.4,23.6
171.0,71.7,24.5,169.1,70.6,24.7
185.5,83.4,24.2,183.7,83.4,24.7
174.2,66.4,21.9,173.2,67.7,22.6
176.6,64.3,20.6,176.0,68.0,22.0
172.6,114.3,38.4,173.0,111.5,37.3
167.4,71.0,25.3,166.3,76.9,27.8
178.2,59.2,18.6,176.8,61.2,19.6
177.3,96.6,30.7,175.0,94.6,30.9
171.7,73.3,24.9,171.3,72.3,24.7
171.3,60.7,20.7,170.8,66.9,22.9
178.0,56.8,17.9,176.0,55.0,17.8
175.4,64.0,20.8,173.5,58.8,19.5
188.3,82.7,23.3,185.2,79.8,23.3
170.2,64.3,22.2,168.9,70.4,24.7
171.0,58.4,20.0,169.1,61.5,21.5
173.5,61.6,20.5,172.9,61.5,20.6
174.1,62.9,20.8,172.5,65.0,21.8
176.6,89.1,28.6,175.1,93.7,30.5
175.5,72.6,23.6,173.3,63.0,21.0
176.4,69.2,22.2,175.9,62.4,20.1
176.5,64.5,20.7,174.9,68.5,22.4
178.4,81.5,25.6,177.5,81.2,25.8
165.0,51.8,19.0,163.5,47.2,17.6
181.2,75.0,22.8,179.9,75.8,23.4
180.1,65.6,20.2,178.1,66.6,21.0
165.6,67.0,24.4,164.4,61.4,22.7
174.7,73.0,23.9,174.1,69.8,23.0
171.9,60.9,20.6,170.2,70.6,24.4
179.1,67.1,20.9,178.5,76.8,24.1
167.6,74.2,26.4,167.5,80.5,28.7
177.5,86.0,27.3,176.2,75.5,24.3
178.4,69.2,21.7,177.0,64.9,20.7
186.6,69.7,20.0,183.9,70.8,20.9
176.6,73.2,23.5,174.7,79.0,25.9
175.5,57.5,18.7,174.9,60.2,19.7
160.9,57.1,22.1,159.4,54.3,21.4
166.4,58.5,21.1,164.4,54.3,20.1
177.5,71.6,22.7,175.3,64.8,21.1
177.5,62.4,19.8,176.4,59.2,19.0
172.5,61.1,20.5,171.0,62.3,21.3
171.2,61.5,21.0,169.2,62.2,21.7
174.4,74.5,24.5,174.0,79.9,26.4
174.9,91.0,29.7,173.7,94.6,31.3
174.7,102.0,33.4,173.2,103.5,34.5
184.8,63.4,18.6,184.6,68.6,20.1
179.1,62.3,19.4,177.8,62.6,19.8
180.1,91.4,28.2,177.7,91.6,29.0
175.0,51.2,16.7,172.1,52.6,17.7
173.6,69.1,22.9,172.6,69.1,23.2
179.9,76.0,23.5,178.0,80.1,25.3
173.7,58.4,19.4,172.7,64.4,21.6
175.6,64.7,21.0,174.3,62.4,20.6
178.0,81.9,25.8,176.9,81.0,25.9
171.2,81.7,27.9,170.1,77.9,26.9
173.2,65.9,22.0,172.0,59.4,20.1
175.5,89.8,29.2,173.6,84.3,28.0
174.5,82.1,27.0,172.8,78.2,26.2
164.1,62.6,23.2,163.2,60.3,22.7
180.8,60.5,18.5,180.2,79.4,24.4
174.5,81.7,26.8,172.2,82.1,27.7
177.6,73.2,23.2,176.3,74.5,24.0
168.4,56.0,19.7,167.2,58.1,20.8
177.4,76.8,24.4,176.4,77.9,25.0
164.3,66.0,24.4,162.6,66.4,25.1
186.8,113.4,32.5,183.8,116.6,34.5
167.5,59.9,21.3,167.5,66.1,23.6
178.3,79.7,25.1,177.2,83.5,26.6
180.7,54.4,16.7,178.0,56.9,18.0
174.4,65.0,21.4,173.5,68.6,22.8
170.3,86.1,29.7,169.1,85.8,30.0
176.7,64.6,20.7,175.3,65.9,21.5
164.6,69.6,25.7,163.8,75.0,28.0
177.2,69.6,22.2,175.7,65.8,21.3
177.7,79.1,25.0,175.6,82.1,26.6
172.5,53.3,17.9,170.5,59.8,20.6
169.1,65.1,22.8,168.1,68.7,24.3
177.1,67.5,21.5,175.2,73.4,23.9
189.2,105.2,29.4,186.1,105.5,30.5
169.3,60.3,21.0,167.4,61.2,21.8
171.7,55.6,18.9,170.8,58.6,20.1
180.0,67.7,20.9,178.4,64.8,20.4
174.6,60.0,19.7,172.7,59.6,20.0
174.1,61.2,20.2,172.1,57.5,19.4
180.3,66.6,20.5,179.5,69.3,21.5
170.1,47.5,16.4,167.9,51.7,18.3
172.1,75.0,25.3,170.0,74.5,25.8
173.6,54.6,18.1,171.8,55.2,18.7
176.2,89.2,28.7,174.4,93.8,30.8
170.4,73.6,25.3,170.0,68.0,23.5
170.9,63.5,21.7,169.4,58.9,20.5
177.1,81.1,25.9,176.5,69.1,22.2
168.1,94.7,33.5,167.9,91.5,32.4
168.2,56.4,19.9,166.4,56.1,20.3
177.7,85.7,27.1,176.6,80.5,25.8
167.3,61.7,22.0,166.9,65.3,23.5
175.5,68.0,22.1,174.5,65.5,21.5
175.1,100.6,32.8,173.8,105.6,35.0
178.5,74.0,23.2,176.7,75.2,24.1
175.4,60.0,19.5,173.7,59.4,19.7
177.4,79.3,25.2,175.6,79.4,25.7
183.4,95.2,28.3,181.4,102.5,31.1
173.0,60.2,20.1,172.1,56.3,19.0
179.8,68.1,21.1,178.2,65.1,20.5
187.1,96.2,27.5,184.9,91.4,26.7
167.1,85.9,30.8,165.5,83.1,30.3
177.6,69.6,22.1,176.0,70.1,22.6
176.8,92.8,29.7,174.7,90.3,29.6
164.9,69.3,25.5,164.3,66.0,24.5
184.2,71.5,21.1,183.4,67.7,20.1
174.5,62.2,20.4,173.3,64.2,21.4
168.5,73.5,25.9,167.6,66.5,23.7
168.3,66.7,23.5,167.7,64.6,23.0
178.1,98.9,31.2,175.7,99.4,32.2
171.6,60.0,20.4,169.7,58.9,20.4
176.2,74.0,23.8,174.1,77.2,25.5
180.3,66.0,20.3,179.3,62.3,19.4
179.8,61.5,19.0,178.1,64.5,20.4
183.9,78.7,23.3,182.5,80.6,24.2
176.5,76.8,24.7,175.1,79.1,25.8
174.1,59.9,19.8,172.0,61.3,20.7
178.3,84.1,26.5,176.2,86.5,27.8
164.7,60.0,22.1,164.7,58.2,21.5
163.9,67.7,25.2,162.1,69.3,26.4
175.8,63.0,20.4,173.4,60.7,20.2
171.1,83.9,28.7,169.5,84.3,29.3
164.6,58.5,21.6,163.7,58.2,21.7
165.9,69.5,25.3,164.9,67.8,24.9
172.1,92.6,31.3,170.9,97.8,33.5
172.0,52.7,17.8,170.2,50.8,17.5
165.9,67.1,24.4,164.2,63.2,23.4
175.9,76.2,24.6,173.9,76.0,25.1
173.4,65.8,21.9,172.4,69.4,23.4
174.7,81.4,26.7,173.8,69.6,23.0
174.3,57.7,19.0,172.3,61.4,20.7
177.0,86.7,27.7,176.3,87.0,28.0
171.2,95.8,32.7,170.7,95.9,32.9
174.2,71.1,23.4,173.1,75.5,25.2
163.3,62.7,23.5,163.5,65.8,24.6
185.0,82.1,24.0,182.5,84.2,25.3
177.1,71.5,22.8,175.6,65.9,21.4
170.2,57.7,19.9,168.9,58.5,20.5
174.7,99.5,32.6,173.1,94.4,31.5
183.1,64.0,19.1,180.6,63.6,19.5
174.9,76.8,25.1,173.9,71.3,23.6
172.9,75.1,25.1,171.7,74.9,25.4
171.8,93.3,31.6,170.3,95.3,32.9
162.5,57.8,21.9,160.7,52.5,20.3
176.4,70.5,22.7,175.4,70.1,22.8
177.9,74.2,23.4,175.6,71.1,23.1
167.2,55.0,19.7,166.3,76.8,27.8
184.7,69.6,20.4,183.1,65.0,19.4
173.8,59.3,19.6,173.5,65.4,21.7
169.7,72.6,25.2,169.5,67.6,23.5
182.1,63.1,19.0,180.7,61.7,18.9
171.0,82.2,28.1,170.9,82.0,28.1
182.7,89.7,26.9,181.7,82.8,25.1
179.9,77.4,23.9,178.0,79.6,25.1
172.0,61.4,20.8,170.1,56.9,19.7
178.2,71.7,22.6,176.8,64.5,20.6
172.0,77.8,26.3,171.4,74.0,25.2
170.9,56.5,19.3,169.5,55.5,19.3
176.2,64.3,20.7,175.8,65.7,21.3
184.0,76.6,22.6,182.2,77.1,23.2
177.7,70.1,22.2,176.2,74.0,23.8
172.5,55.1,18.5,171.5,55.0,18.7
172.5,90.8,30.5,172.0,93.5,31.6
180.6,95.8,29.4,178.3,100.7,31.7
168.4,57.1,20.1,166.7,57.3,20.6
183.5,89.6,26.6,181.0,91.1,27.8
166.0,72.1,26.2,164.9,71.2,26.2
174.1,81.6,26.9,172.5,81.5,27.4
165.2,57.3,21.0,164.3,55.9,20.7
182.3,84.3,25.4,179.9,86.2,26.6
171.2,51.5,17.6,168.8,53.1,18.6
171.3,75.0,25.6,169.7,74.9,26.0
168.2,85.5,30.2,168.1,90.4,32.0
174.1,53.7,17.7,172.4,87.0,29.3
174.5,61.8,20.3,173.2,61.7,20.6
182.8,87.7,26.2,181.1,81.9,25.0
171.1,90.3,30.8,171.0,89.0,30.4
180.2,68.0,20.9,179.7,68.7,21.3
180.1,92.9,28.6,177.5,98.4,31.2
182.8,100.9,30.2,181.3,102.1,31.0
178.5,102.4,32.1,177.3,101.7,32.3
184.5,84.8,24.9,183.3,75.9,22.6
167.6,62.6,22.3,165.9,53.5,19.4
177.5,82.7,26.2,175.5,85.7,27.8
173.7,74.8,24.8,173.0,73.0,24.4
180.2,84.0,25.9,178.0,87.5,27.6
176.1,59.9,19.3,173.6,57.5,19.1
184.3,73.9,21.8,182.1,68.2,20.6
176.2,65.4,21.1,173.9,60.7,20.1
173.6,68.3,22.7,172.4,66.0,22.2
170.4,74.0,25.5,169.5,76.8,26.7
174.5,87.0,28.6,173.0,89.7,30.0
176.2,76.5,24.6,174.4,80.3,26.4
172.6,95.3,32.0,171.3,94.5,32.2
173.0,59.1,19.7,172.0,65.2,22.0
175.6,75.7,24.5,174.9,74.3,24.3
168.7,58.5,20.6,167.4,61.3,21.9
176.1,80.5,26.0,174.3,81.5,26.8
172.7,82.8,27.8,171.0,81.6,27.9
171.4,64.4,21.9,169.9,64.2,22.2
179.7,84.5,26.2,178.1,87.5,27.6
171.4,52.0,17.7,170.3,59.3,20.5
166.9,75.4,27.1,166.7,75.3,27.1
168.0,59.0,20.9,166.7,59.3,21.3
163.4,56.8,21.3,162.3,60.2,22.8
173.9,59.1,19.5,172.1,58.7,19.8
171.4,74.7,25.4,170.5,66.7,22.9
164.4,55.4,20.5,163.1,53.3,20.0
172.1,76.8,25.9,170.9,78.9,27.0
175.7,73.9,23.9,174.9,74.8,24.5
164.8,59.0,21.7,163.5,63.2,23.7
173.6,76.1,25.3,172.6,78.0,26.2
168.9,53.3,18.7,166.8,60.5,21.8
173.9,66.6,22.0,172.8,60.5,20.3
172.6,93.8,31.5,171.9,99.2,33.6
172.5,69.0,23.2,170.3,66.8,23.0
178.2,96.8,30.5,177.4,93.4,29.7
182.1,76.0,22.9,180.7,74.5,22.8
176.0,89.2,28.8,175.2,85.4,27.8
170.9,71.0,24.3,169.4,64.8,22.6
170.6,76.0,26.1,169.6,81.9,28.5
176.3,80.5,25.9,175.1,84.5,27.5
160.3,51.0,19.8,158.9,53.5,21.2
175.7,77.8,25.2,175.2,79.8,26.0
172.9,63.7,21.3,171.0,62.9,21.5
168.1,65.1,23.0,167.1,61.7,22.1
173.0,50.9,17.0,170.9,53.1,18.2
177.7,68.4,21.7,176.4,64.6,20.8
178.4,65.4,20.5,176.9,63.7,20.4
171.8,56.0,19.0,170.4,61.2,21.1
172.3,60.2,20.3,170.5,59.1,20.3
175.0,63.8,20.8,174.2,65.5,21.6
173.6,61.6,20.4,172.2,57.2,19.3
163.6,81.1,30.3,162.9,81.4,30.7
177.7,65.5,20.7,176.5,64.6,20.7
182.4,76.1,22.9,182.6,71.8,21.5
169.5,57.8,20.1,168.7,58.7,20.6
178.9,70.1,21.9,177.5,66.2,21.0
169.6,56.2,19.5,167.9,59.9,21.3
160.7,56.5,21.9,159.7,55.3,21.7
173.6,59.1,19.6,172.6,56.4,18.9
170.8,80.3,27.5,170.7,81.4,27.9
180.6,116.1,35.6,179.2,109.9,34.2
177.8,72.6,23.0,176.4,74.6,24.0
175.7,61.4,19.9,174.6,63.8,20.9
173.3,71.9,23.9,172.2,66.3,22.4
175.0,76.2,24.9,174.1,75.0,24.7
178.4,54.8,17.2,177.3,56.6,18.0
176.8,66.5,21.3,175.2,63.2,20.6
183.9,91.0,26.9,181.2,88.3,26.9
181.6,74.9,22.7,180.2,73.3,22.6
178.7,106.8,33.4,176.6,96.9,31.1
175.4,78.8,25.6,174.0,80.5,26.6
172.1,80.8,27.3,170.1,79.3,27.4
171.7,61.7,20.9,171.4,60.4,20.6
171.1,64.0,21.9,170.1,61.0,21.1
180.8,79.0,24.2,178.7,76.6,24.0
177.4,55.9,17.8,175.8,57.0,18.5
173.5,66.0,21.9,173.2,66.5,22.2
164.7,52.2,19.2,162.4,52.1,19.7
169.7,66.2,23.0,168.7,71.6,25.2
182.8,72.5,21.7,180.5,68.2,20.9
177.1,76.7,24.5,175.3,76.2,24.8
175.6,64.7,21.0,174.3,62.4,20.6
183.4,81.4,24.2,181.7,77.0,23.3
172.9,48.0,16.1,170.7,48.6,16.7
178.3,86.1,27.1,176.0,90.5,29.2
169.7,66.3,23.0,167.9,64.4,22.9
177.5,81.7,25.9,175.5,82.9,26.9
174.9,60.3,19.7,172.5,61.8,20.8
176.3,94.7,30.5,175.0,93.7,30.6
175.3,65.4,21.3,174.5,72.8,23.9
173.3,56.1,18.7,171.4,55.1,18.7
171.2,61.5,21.0,169.5,53.6,18.7
176.8,84.9,27.2,176.1,87.2,28.1
175.9,95.2,30.8,173.6,89.4,29.7
174.2,67.8,22.3,173.0,70.5,23.5
168.6,81.2,28.6,168.7,78.8,27.7
172.2,67.3,22.7,171.5,74.7,25.4
171.5,62.1,21.1,170.8,58.7,20.1
167.8,60.1,21.3,167.2,61.9,22.1
174.0,69.8,23.1,172.2,63.5,21.4
172.6,67.5,22.7,171.8,64.1,21.7
176.5,99.0,31.8,174.1,95.4,31.5
171.6,74.7,25.4,170.2,80.3,27.7
166.7,69.9,25.2,166.1,74.2,26.9
177.6,86.2,27.3,176.6,81.7,26.2
172.2,75.6,25.5,171.7,72.5,24.6
170.4,79.8,27.5,169.4,80.2,27.9
174.7,60.3,19.8,174.2,62.6,20.6
172.6,54.8,18.4,170.8,59.2,20.3
165.9,64.6,23.5,164.7,60.6,22.3
177.1,66.0,21.0,176.6,68.2,21.9
178.3,102.2,32.1,175.8,99.1,32.1
179.8,79.3,24.5,177.8,84.3,26.6
169.1,72.3,25.3,168.8,72.5,25.4
175.7,64.0,20.7,174.5,60.0,19.7
174.4,96.3,31.7,172.7,101.1,33.9
184.3,72.4,21.3,182.4,71.2,21.4
175.3,85.9,28.0,174.8,80.7,26.4
175.1,68.1,22.2,173.7,70.9,23.5
173.7,65.6,21.7,172.2,66.7,22.5
168.6,74.0,26.0,167.6,78.6,28.0
177.4,73.2,23.3,175.7,69.6,22.5
177.4,69.0,21.9,176.4,65.1,20.9
167.4,72.4,25.8,166.6,70.2,25.3
174.2,71.6,23.6,173.3,74.0,24.6
170.6,67.0,23.0,168.9,57.3,20.1
179.2,111.4,34.7,176.9,100.9,32.3
175.6,92.7,30.1,174.4,83.3,27.4
173.5,60.6,20.1,171.9,61.3,20.7
168.9,74.4,26.1,168.8,80.9,28.4
164.4,70.0,25.9,164.9,60.8,22.4
182.9,81.5,24.4,181.0,76.0,23.2
170.3,91.1,31.4,169.7,93.0,32.3
171.0,80.8,27.6,170.0,83.6,28.9
169.0,53.5,18.7,167.8,58.2,20.7
179.8,63.2,19.5,178.8,61.7,19.3
172.1,74.8,25.3,170.7,83.8,28.8
173.8,87.9,29.1,172.3,85.1,28.7
180.1,57.0,17.6,177.9,53.6,16.9
178.9,84.4,26.4,177.7,83.0,26.3
177.5,68.8,21.8,176.6,64.5,20.7
178.6,66.2,20.8,177.4,67.9,21.6
166.9,51.0,18.3,165.1,49.1,18.0
171.8,57.0,19.3,171.2,57.0,19.4
171.9,50.1,17.0,170.4,51.3,17.7
171.2,55.2,18.8,169.2,54.7,19.1
176.5,68.0,21.8,174.6,67.6,22.2
171.7,68.5,23.2,169.8,61.0,21.2
177.3,64.3,20.5,175.0,59.2,19.3
179.7,61.2,19.0,178.3,62.4,19.6
179.2,55.0,17.1,177.6,56.9,18.1
187.6,80.8,23.0,185.7,79.4,23.0
170.7,69.8,24.0,169.1,68.7,24.0
173.2,73.5,24.5,172.1,73.7,24.9
167.0,50.4,18.1,164.8,50.9,18.8
174.3,72.5,23.9,172.8,73.3,24.5
174.6,65.6,21.5,173.4,63.8,21.2
172.8,62.3,20.9,171.6,64.1,21.8
168.8,47.4,16.6,167.4,52.5,18.7
176.9,70.9,22.7,174.4,70.5,23.2
172.8,77.5,26.0,171.2,77.4,26.4
179.5,74.0,23.0,177.3,76.1,24.2
180.3,72.4,22.3,178.6,77.9,24.4
175.6,69.5,22.5,175.4,65.4,21.2
173.0,75.6,25.3,172.6,73.2,24.6
178.5,66.4,20.8,176.4,62.4,20.1
164.1,83.8,31.1,164.3,89.2,33.0
165.5,87.2,31.8,164.3,76.9,28.5
165.1,51.3,18.8,163.5,48.0,18.0
169.6,63.1,21.9,169.0,62.1,21.8
182.9,62.9,18.8,181.1,62.5,19.0
169.7,61.2,21.3,168.4,63.4,22.4
173.0,72.0,24.1,171.6,67.9,23.1
173.9,63.3,20.9,171.6,64.5,21.9
180.9,64.0,19.6,178.5,60.0,18.8
174.3,80.1,26.4,172.7,75.6,25.4
185.2,100.0,29.2,183.0,101.1,30.2
174.0,106.8,35.3,174.7,110.4,36.2
170.0,59.4,20.6,168.8,61.0,21.4
169.0,55.9,19.6,168.0,54.9,19.5
175.4,58.6,19.0,175.0,61.9,20.2
167.9,58.4,20.7,166.6,55.9,20.1
175.3,83.4,27.1,172.9,90.7,30.3
175.6,60.5,19.6,173.7,62.5,20.7
173.5,59.4,19.7,171.8,55.7,18.9
170.3,65.3,22.5,168.0,62.0,22.0
182.0,63.2,19.1,180.6,70.1,21.5
176.8,50.5,16.2,174.8,53.6,17.6
175.4,60.4,19.6,174.4,59.1,19.4
168.8,61.9,21.7,168.2,66.0,23.3
167.8,89.8,31.9,166.4,85.4,30.8
168.9,68.7,24.1,168.1,73.0,25.8
180.1,93.0,28.7,178.7,88.5,27.7
172.3,74.0,24.9,171.8,78.2,26.5
179.1,95.0,29.6,177.0,103.2,32.9
169.9,58.3,20.2,168.8,56.8,19.9
175.3,61.2,19.9,173.8,61.5,20.3
171.9,63.1,21.4,169.6,62.2,21.6
174.1,71.1,23.5,173.5,68.3,22.7
169.9,63.9,22.1,169.0,72.9,25.5
175.9,67.6,21.8,174.2,66.1,21.8
170.9,82.4,28.2,169.6,81.8,28.4
178.3,70.9,22.3,176.5,71.1,22.8
165.4,59.9,21.9,164.7,60.3,22.2
175.3,67.4,21.9,174.3,62.5,20.6
193.2,83.3,22.3,189.9,80.1,22.2
177.3,72.1,22.9,176.2,73.4,23.6
181.2,83.7,25.5,179.1,86.4,26.9
171.2,95.8,32.7,170.1,94.7,32.7
185.2,68.6,20.0,183.3,62.8,18.7
170.5,57.5,19.8,169.0,57.9,20.3
175.2,56.6,18.4,174.2,56.8,18.7
182.7,94.3,28.3,181.6,89.1,27.0
175.4,65.6,21.3,174.6,61.1,20.0
188.1,75.6,21.4,186.5,75.5,21.7
174.3,75.4,24.8,173.8,73.1,24.2
175.3,75.4,24.5,173.2,74.5,24.8
186.1,61.4,17.7,184.8,67.9,19.9
171.2,55.5,18.9,169.9,57.4,19.9
171.0,70.8,24.2,169.7,65.5,22.8
183.5,78.6,23.3,183.1,80.0,23.9
175.9,53.5,17.3,173.4,52.5,17.5
183.1,74.1,22.1,180.8,70.3,21.5
175.4,57.3,18.6,173.3,56.7,18.9
164.9,48.0,17.7,162.9,47.2,17.8
180.4,72.4,22.2,179.9,65.3,20.2
176.8,80.5,25.8,174.7,84.6,27.7
170.8,59.3,20.3,170.3,60.8,20.9
175.7,62.5,20.2,173.8,66.9,22.1
179.3,75.7,23.5,178.9,70.7,22.1
184.2,72.5,21.4,182.9,65.9,19.7
171.5,54.8,18.6,169.3,58.2,20.3
173.4,60.2,20.0,172.1,63.1,21.3
170.6,86.6,29.8,169.7,85.7,29.7
179.4,83.9,26.1,177.0,81.3,25.9
185.8,77.8,22.5,184.6,71.4,20.9
176.5,90.4,29.0,175.2,88.6,28.9
185.8,66.7,19.3,183.3,71.3,21.2
174.7,71.8,23.5,173.9,74.9,24.8
178.3,77.8,24.5,176.3,75.7,24.4
170.2,53.9,18.6,168.2,53.3,18.8
170.2,71.1,24.5,169.7,68.1,23.6
171.4,72.0,24.5,169.7,68.5,23.8
167.3,57.9,20.7,165.4,56.9,20.8
176.9,84.4,27.0,174.9,84.1,27.5
180.9,111.8,34.2,178.8,103.2,32.3
175.8,75.5,24.4,174.4,75.0,24.7
177.0,76.0,24.3,175.3,74.7,24.3
171.3,66.3,22.6,169.7,59.5,20.6
180.0,52.1,16.1,177.8,58.2,18.4
178.9,72.6,22.7,177.0,81.7,26.1
180.8,77.2,23.6,179.1,71.2,22.2
177.0,65.6,20.9,175.0,60.8,19.8
162.8,78.4,29.6,162.7,80.7,30.5
175.0,88.9,29.0,173.7,85.4,28.3
168.5,60.4,21.3,167.7,66.6,23.7
185.8,76.6,22.2,183.8,79.7,23.6
172.5,63.9,21.5,171.1,60.6,20.7
174.2,79.1,26.1,173.1,76.5,25.5
180.0,63.2,19.5,178.1,64.8,20.4
177.6,73.4,23.3,176.8,75.1,24.0
178.2,66.3,20.9,175.9,75.2,24.3
168.7,68.7,24.1,168.6,67.6,23.8
170.6,75.4,25.9,169.3,76.3,26.6
174.1,56.7,18.7,171.8,57.2,19.4
181.2,77.8,23.7,180.8,74.4,22.8
175.6,70.6,22.9,173.8,68.5,22.7
169.5,73.9,25.7,167.6,76.4,27.2
175.6,56.1,18.2,173.2,56.1,18.7
180.0,75.2,23.2,177.6,93.1,29.5
186.2,77.2,22.3,184.0,70.4,20.8
168.6,54.2,19.1,165.8,50.0,18.2
177.5,80.7,25.6,175.7,77.3,25.0
164.1,57.8,21.5,163.1,59.1,22.2
176.5,63.3,20.3,175.7,61.2,19.8
170.5,67.2,23.1,169.7,67.8,23.6
181.3,70.0,21.3,179.3,74.1,23.0
177.3,71.5,22.7,175.7,64.4,20.9
177.0,49.7,15.9,176.5,51.1,16.4
174.8,65.5,21.4,173.1,60.2,20.1
177.8,75.2,23.8,175.5,78.4,25.4
184.9,76.3,22.3,183.5,72.9,21.6
178.8,103.1,32.2,177.4,98.1,31.1
180.1,67.5,20.8,177.9,64.6,20.4
173.3,58.5,19.5,171.4,58.2,19.8
187.9,93.8,26.6,185.1,87.6,25.6
169.2,61.8,21.6,169.0,62.4,21.8
172.9,83.4,27.9,171.6,90.0,30.6
182.3,83.4,25.1,180.0,84.1,26.0
174.4,62.0,20.4,172.1,63.1,21.3
173.6,68.5,22.7,173.4,70.5,23.5
169.3,64.6,22.5,167.8,68.3,24.3
175.6,75.1,24.4,173.9,69.6,23.0
168.4,65.9,23.2,167.7,60.6,21.5
177.9,70.4,22.2,176.0,70.5,22.8
176.8,102.4,32.8,175.4,101.8,33.1
172.4,57.0,19.2,170.0,55.1,19.1
181.5,83.3,25.3,179.2,85.2,26.5
174.8,63.4,20.7,173.2,61.3,20.4
174.1,60.5,20.0,172.9,59.6,19.9
169.2,65.3,22.8,167.9,68.0,24.1
172.5,86.4,29.0,171.4,85.8,29.2
167.1,71.2,25.5,166.7,67.2,24.2
173.0,81.5,27.2,171.5,74.4,25.3
167.2,60.0,21.5,166.3,58.1,21.0
168.0,51.9,18.4,166.0,52.8,19.1
180.9,61.9,18.9,179.0,62.5,19.5
179.7,74.0,22.9,177.6,65.9,20.9
172.9,56.3,18.8,170.8,54.6,18.7
174.7,71.6,23.5,172.8,70.5,23.6
170.4,94.0,32.4,168.5,97.8,34.4
162.7,59.4,22.4,160.8,60.6,23.4
166.1,59.2,21.5,166.2,62.0,22.4
167.9,60.8,21.6,167.1,57.2,20.5
183.1,91.1,27.2,180.6,82.9,25.4
176.5,63.7,20.4,175.3,67.5,22.0
178.1,82.7,26.1,176.5,78.0,25.0
183.1,99.0,29.5,181.5,96.9,29.4
174.9,102.7,33.6,173.8,103.0,34.1
169.2,94.6,33.0,168.1,87.2,30.8
177.9,69.2,21.9,175.7,63.9,20.7
182.6,74.6,22.4,180.2,74.9,23.1
175.3,73.0,23.8,173.8,70.5,23.3
166.0,52.6,19.1,164.1,51.9,19.3
170.5,54.3,18.7,169.1,57.8,20.2
176.5,71.8,23.0,175.5,71.1,23.1
177.4,71.5,22.7,176.6,65.4,21.0
165.8,49.1,17.9,164.7,55.3,20.4
182.3,90.8,27.3,180.6,101.1,31.0
174.7,59.4,19.5,173.7,59.7,19.8
169.4,67.2,23.4,168.5,64.5,22.7
172.3,62.8,21.2,171.1,61.0,20.8
172.4,79.5,26.7,171.3,78.8,26.8
175.6,58.1,18.8,174.0,55.2,18.2
178.0,65.5,20.7,175.5,59.1,19.2
182.1,95.0,28.6,180.1,97.3,30.0
167.9,56.8,20.1,166.7,62.7,22.6
169.0,66.9,23.4,167.2,62.7,22.4
179.2,61.6,19.2,177.1,62.6,20.0
172.0,100.4,33.9,171.8,106.1,35.9
172.8,77.7,26.0,172.3,72.9,24.5
177.8,66.7,21.1,176.3,65.8,21.2
186.0,90.2,26.1,183.6,86.0,25.5
168.3,78.8,27.8,167.1,76.5,27.4
174.8,74.0,24.2,173.6,70.9,23.5
174.4,81.9,26.9,173.1,78.7,26.3
176.1,58.7,18.9,173.9,60.8,20.1
172.6,69.8,23.4,171.5,71.5,24.3
183.0,68.4,20.4,181.8,76.4,23.1
167.1,67.0,24.0,166.1,65.7,23.8
174.8,62.5,20.5,173.8,64.0,21.2
170.2,75.4,26.0,168.3,78.8,27.8
168.0,53.7,19.0,166.6,52.7,19.0
170.9,71.0,24.3,170.3,79.5,27.4
176.6,110.7,35.5,174.6,98.4,32.3
170.2,74.8,25.8,168.9,70.4,24.7
167.2,81.6,29.2,166.0,80.4,29.2
170.4,76.1,26.2,169.3,63.0,22.0
174.9,99.0,32.4,172.9,97.5,32.6
169.5,61.3,21.3,168.5,57.0,20.1
172.3,52.3,17.6,170.1,54.2,18.8
161.5,61.7,23.7,159.3,51.4,20.2
180.1,51.9,16.0,179.1,57.2,17.9
172.6,80.0,26.9,171.9,74.8,25.3
168.8,61.1,21.4,168.1,70.9,25.1
176.3,69.3,22.3,174.3,65.6,21.6
169.3,64.0,22.3,167.9,64.8,23.0
176.8,82.0,26.2,175.4,79.9,26.0
174.8,74.2,24.3,174.1,77.7,25.6
176.3,66.3,21.3,174.6,66.0,21.6
163.0,62.0,23.3,161.2,54.9,21.1
164.1,67.0,24.9,162.8,61.5,23.2
179.1,71.3,22.2,177.2,66.9,21.3
183.6,85.9,25.5,181.8,84.5,25.6
174.1,74.4,24.5,173.1,76.7,25.6
177.7,79.3,25.1,177.0,76.0,24.2
165.0,55.8,20.5,163.2,61.3,23.0
187.5,93.0,26.5,185.4,88.7,25.8
184.3,75.9,22.3,181.7,76.3,23.1
168.8,56.4,19.8,166.7,61.6,22.2
179.5,85.0,26.4,178.0,75.9,23.9
175.4,60.3,19.6,174.7,55.6,18.2
169.6,73.7,25.6,167.7,67.2,23.9
168.7,64.8,22.8,167.7,62.8,22.4
170.9,58.1,19.9,170.0,68.6,23.7
176.7,63.9,20.5,176.1,62.7,20.2
176.4,75.3,24.2,174.1,73.1,24.1
185.6,64.0,18.6,184.8,69.1,20.2
170.1,65.6,22.7,168.5,72.1,25.4
172.6,66.1,22.2,171.2,70.7,24.1
164.4,69.0,25.5,164.9,76.3,28.0
170.3,77.1,26.6,168.5,68.0,23.9
174.6,58.1,19.1,172.7,58.1,19.5
175.4,55.8,18.1,173.4,56.3,18.7
171.9,48.3,16.3,170.1,57.2,19.8
168.7,76.1,26.7,167.6,65.0,23.2
170.1,82.3,28.4,168.6,80.2,28.2
175.9,88.1,28.5,173.6,85.6,28.4
175.2,101.0,32.9,173.2,101.8,33.9
171.0,80.8,27.6,170.4,78.6,27.1
185.5,99.7,29.0,184.0,93.5,27.6
167.7,58.4,20.8,165.7,53.3,19.4
174.0,80.2,26.5,173.0,75.3,25.2
173.8,83.5,27.6,172.4,80.4,27.1
180.6,65.6,20.1,180.0,67.9,21.0
180.0,89.3,27.6,179.1,89.9,28.0
176.4,87.5,28.1,173.6,94.9,31.5
177.2,66.7,21.2,175.3,59.1,19.2
163.5,53.3,19.9,162.0,54.5,20.8
168.2,74.6,26.4,167.6,70.8,25.2
163.0,59.1,22.2,162.1,60.6,23.1
168.2,60.9,21.5,166.3,57.5,20.8
175.9,63.9,20.7,174.8,60.2,19.7
170.7,88.8,30.5,169.2,85.9,30.0
177.4,79.4,25.2,175.6,79.7,25.8
174.8,59.9,19.6,174.3,65.0,21.4
178.9,61.7,19.3,176.6,73.3,23.5
176.4,81.5,26.2,175.0,77.8,25.4
176.3,58.3,18.8,174.9,66.1,21.6
164.1,56.0,20.8,162.6,55.9,21.2
175.0,103.5,33.8,173.1,105.2,35.1
183.2,76.1,22.7,181.7,74.1,22.5
178.0,93.5,29.5,175.7,100.3,32.5
161.1,76.9,29.6,160.5,70.2,27.3
175.8,90.0,29.1,174.5,95.9,31.5
177.5,87.2,27.7,176.9,80.9,25.9
179.6,87.8,27.2,177.1,79.3,25.3
174.2,65.3,21.5,171.8,64.0,21.7
181.9,84.4,25.5,180.8,87.6,26.8
174.2,83.2,27.4,172.9,82.1,27.5
182.0,84.8,25.6,181.1,82.6,25.2
174.8,78.3,25.6,173.8,69.6,23.0
176.0,72.4,23.4,175.0,65.1,21.3
175.8,77.3,25.0,174.2,75.1,24.8
169.8,69.9,24.2,168.3,73.9,26.1
179.3,100.7,31.3,176.7,92.8,29.7
178.2,62.4,19.7,177.1,65.4,20.9
172.4,57.5,19.3,170.6,75.8,26.0
171.9,63.0,21.3,171.1,57.6,19.7
170.9,62.0,21.2,169.1,64.2,22.5
169.3,56.3,19.6,167.2,55.8,19.9
180.2,77.7,23.9,178.8,84.6,26.5
170.4,84.8,29.2,168.6,80.5,28.3
175.1,78.4,25.6,174.4,82.6,27.2
174.5,83.0,27.3,173.8,69.8,23.1
164.6,54.0,19.9,162.1,52.2,19.9
172.9,58.7,19.6,172.6,62.9,21.1
171.1,67.4,23.0,169.5,63.7,22.2
169.1,61.2,21.4,167.1,57.6,20.6
173.4,98.8,32.9,171.8,99.8,33.8
169.8,69.7,24.2,168.3,69.0,24.4
175.6,82.9,26.9,174.6,78.9,25.9
169.0,62.1,21.7,167.8,60.9,21.6
166.9,62.5,22.4,166.4,56.1,20.3
176.4,92.2,29.6,175.0,81.3,26.5
177.7,75.1,23.8,177.2,71.1,22.6
168.9,54.0,18.9,167.0,51.9,18.6
173.2,92.4,30.8,171.9,86.8,29.4
179.9,72.2,22.3,178.0,69.0,21.8
176.3,60.9,19.6,174.4,66.0,21.7
179.1,79.2,24.7,177.0,82.9,26.5
175.3,62.3,20.3,174.1,59.7,19.7
174.1,59.2,19.5,172.8,57.5,19.3
170.6,79.1,27.2,169.0,77.1,27.0
185.4,112.0,32.6,183.4,98.1,29.2
171.9,62.3,21.1,170.8,59.4,20.4
169.3,88.0,30.7,167.4,90.3,32.2
182.7,59.0,17.7,180.5,61.3,18.8
177.9,84.8,26.8,176.2,84.4,27.2
175.0,66.9,21.8,174.6,68.3,22.4
171.0,49.5,16.9,169.8,53.5,18.6
180.6,57.6,17.7,179.7,69.6,21.6
177.4,70.2,22.3,175.3,72.0,23.4
167.9,70.6,25.0,166.5,75.8,27.3
178.3,68.0,21.4,176.5,70.6,22.7
184.3,81.3,23.9,183.1,84.4,25.2
179.1,73.3,22.9,177.4,82.2,26.1
178.4,62.6,19.7,176.3,62.8,20.2
175.5,65.5,21.3,174.5,71.5,23.5
177.4,98.9,31.4,175.5,91.8,29.8
174.1,68.5,22.6,172.4,66.8,22.5
175.0,66.1,21.6,172.7,62.0,20.8
182.6,117.1,35.1,179.7,111.5,34.5
179.1,63.1,19.7,177.9,61.6,19.5
170.0,61.6,21.3,168.8,58.7,20.6
168.3,74.4,26.3,167.3,74.9,26.7
176.4,51.2,16.5,174.8,52.7,17.2
173.8,66.6,22.0,172.6,72.1,24.2
178.2,60.0,18.9,176.6,60.4,19.4
169.3,75.9,26.5,168.2,82.4,29.1
165.7,60.4,22.0,165.6,59.8,21.8
166.5,51.2,18.5,164.9,51.2,18.8
168.7,74.7,26.2,168.5,77.9,27.4
179.4,93.0,28.9,177.3,81.5,25.9
170.2,65.6,22.6,169.1,62.8,21.9
169.3,62.2,21.7,168.5,55.7,19.6
173.0,75.4,25.2,170.9,78.0,26.7
173.0,47.5,15.9,171.3,50.3,17.1
169.7,62.7,21.8,167.5,59.5,21.2
176.8,80.2,25.7,175.2,71.5,23.3
175.2,77.5,25.2,173.3,82.3,27.4
174.4,80.2,26.4,172.8,92.0,30.8
173.6,76.2,25.3,171.5,68.7,23.4
180.6,107.8,33.1,178.1,102.7,32.4
170.7,91.7,31.5,171.0,88.7,30.3
168.4,60.2,21.2,167.4,61.0,21.8
175.7,77.4,25.1,174.6,79.8,26.2
171.9,70.9,24.0,171.6,67.5,22.9
167.7,52.0,18.5,166.3,53.6,19.4
174.5,80.3,26.4,173.1,82.1,27.4
182.1,75.0,22.6,180.6,71.8,22.0
165.6,67.9,24.8,165.2,68.6,25.1
167.6,75.0,26.7,166.4,73.6,26.6
175.1,59.5,19.4,173.4,60.2,20.0
179.6,60.5,18.8,177.8,57.3,18.1
180.4,64.0,19.7,179.6,67.4,20.9
180.9,78.8,24.1,180.3,73.9,22.8
171.5,85.3,29.0,170.3,94.3,32.5
178.4,75.9,23.8,176.9,73.3,23.4
180.3,64.0,19.7,178.1,58.4,18.4
178.3,69.7,21.9,176.5,66.2,21.3
184.6,73.1,21.5,183.6,77.9,23.1
185.1,69.4,20.3,184.7,68.6,20.1
168.0,59.8,21.2,166.6,60.9,21.9
176.0,73.3,23.7,173.9,70.0,23.1
185.0,80.0,23.4,183.0,81.0,24.2
168.9,59.9,21.0,167.2,55.9,20.0
172.5,75.2,25.3,171.0,78.3,26.8
177.6,70.3,22.3,176.5,68.6,22.0
172.7,66.8,22.4,171.7,70.6,24.0
177.5,59.8,19.0,176.2,63.4,20.4
175.1,82.0,26.7,174.3,80.1,26.4
166.4,62.7,22.6,165.3,58.6,21.5
177.4,81.9,26.0,176.2,77.7,25.0
176.5,94.6,30.4,175.0,102.4,33.4
180.3,101.9,31.3,177.7,97.4,30.8
164.9,45.1,16.6,162.3,48.1,18.3
177.4,83.3,26.5,175.7,87.3,28.3
179.2,69.5,21.6,178.1,67.5,21.3
169.5,59.5,20.7,169.1,58.1,20.3
178.4,59.7,18.8,177.2,60.4,19.2
172.1,58.3,19.7,171.3,61.6,21.0
178.8,63.0,19.7,177.9,59.8,18.9
176.6,58.0,18.6,174.9,55.5,18.1
171.8,58.1,19.7,171.3,64.4,21.9
172.8,66.4,22.2,170.7,64.3,22.1
181.0,73.0,22.3,179.0,70.6,22.0
178.1,71.6,22.6,176.6,69.2,22.2
173.5,59.0,19.6,172.7,60.6,20.3
185.7,108.8,31.6,183.5,100.4,29.8
171.3,73.4,25.0,169.6,79.0,27.5
176.8,75.8,24.2,176.2,80.4,25.9
168.1,62.4,22.1,167.8,67.0,23.8
175.3,59.9,19.5,173.4,64.0,21.3
173.4,78.3,26.0,172.8,79.8,26.7
165.8,58.2,21.2,166.2,56.7,20.5
171.6,57.1,19.4,169.8,52.9,18.4
184.0,80.7,23.8,183.0,77.4,23.1
174.2,66.1,21.8,172.3,61.6,20.7
174.4,53.3,17.5,172.1,55.1,18.6
177.9,83.7,26.4,177.0,70.1,22.4
165.7,56.5,20.6,164.1,57.8,21.5
187.6,67.3,19.1,186.3,68.2,19.7
180.9,63.9,19.5,179.5,67.8,21.0
170.1,48.7,16.8,167.9,50.3,17.9
168.7,65.0,22.8,167.8,56.6,20.1
174.3,86.5,28.5,172.5,81.9,27.5
174.2,60.2,19.8,173.4,61.0,20.3
173.4,76.0,25.3,172.5,74.7,25.1
174.1,74.8,24.7,172.6,73.9,24.8
174.0,89.0,29.4,172.8,83.4,27.9
174.0,61.8,20.4,172.8,58.2,19.5
179.9,93.8,29.0,178.6,89.6,28.1
162.4,40.8,15.5,160.3,45.7,17.8
173.9,83.1,27.5,172.4,84.2,28.4
164.8,49.0,18.0,162.6,51.2,19.4
178.9,57.6,18.0,176.7,56.7,18.2
176.5,71.0,22.8,175.6,69.2,22.4
179.6,63.2,19.6,179.0,69.7,21.7
178.4,68.4,21.5,176.4,62.2,20.0
180.9,80.9,24.7,179.7,80.0,24.8
168.3,57.8,20.4,166.3,59.5,21.5
179.6,76.3,23.7,179.2,74.2,23.1
179.1,67.3,21.0,176.7,68.8,22.0
184.1,88.4,26.1,181.2,86.1,26.2
173.0,55.1,18.4,171.2,61.5,21.0
166.4,55.5,20.0,164.4,56.9,21.1
170.7,73.6,25.3,169.6,72.6,25.2
172.3,66.0,22.2,171.8,68.0,23.0
177.6,71.9,22.8,176.7,73.8,23.6
172.2,60.5,20.4,170.9,60.7,20.8
181.5,76.9,23.3,180.0,74.8,23.1
176.3,81.5,26.2,175.3,80.2,26.1
180.1,91.9,28.3,177.9,91.8,29.0
164.7,47.0,17.3,162.2,48.5,18.4
173.2,89.6,29.9,171.1,89.2,30.5
176.2,53.9,17.4,175.0,62.0,20.3
181.6,62.5,19.0,179.7,61.9,19.2
168.5,74.1,26.1,168.6,78.9,27.8
179.2,85.9,26.7,177.7,85.7,27.1
167.4,61.7,22.0,166.3,59.7,21.6
162.7,64.4,24.3,161.3,63.7,24.5
169.3,83.1,29.0,168.7,88.2,31.0
173.5,67.6,22.5,173.3,70.6,23.5
170.7,75.3,25.8,169.5,77.9,27.1
176.8,64.8,20.7,175.5,67.8,22.0
169.4,60.6,21.1,168.9,61.2,21.5
170.1,68.4,23.6,169.6,70.9,24.6
170.4,57.5,19.8,168.5,57.2,20.1
175.4,67.7,22.0,174.3,68.8,22.6
181.5,68.2,20.7,179.2,67.6,21.0
168.6,71.1,25.0,167.9,67.6,24.0
178.8,101.1,31.6,176.6,92.6,29.7
179.0,51.9,16.2,177.2,54.3,17.3
180.9,99.5,30.4,178.6,97.1,30.5
179.5,80.0,24.8,178.1,83.9,26.5
175.7,59.8,19.4,173.7,62.4,20.7
183.1,62.4,18.6,181.0,66.2,20.2
162.0,63.7,24.3,161.0,57.5,22.2
180.5,87.9,27.0,179.5,87.9,27.3
171.3,71.1,24.2,169.7,67.4,23.4
174.1,64.5,21.3,173.6,70.5,23.4
171.7,76.2,25.8,169.7,65.3,22.7
180.5,62.3,19.1,179.4,56.4,17.5
171.4,68.4,23.3,169.4,71.1,24.8
176.5,66.1,21.2,174.3,66.7,22.0
175.5,95.1,30.9,173.5,94.1,31.2
168.7,60.8,21.4,167.0,59.4,21.3
174.6,81.5,26.7,172.9,71.8,24.0
165.9,47.9,17.4,163.7,49.0,18.3
166.6,67.5,24.3,165.2,62.8,23.0
178.7,66.8,20.9,176.8,66.5,21.3
164.4,47.6,17.6,161.9,48.3,18.4
173.7,52.4,17.4,171.8,52.8,17.9
171.8,65.9,22.3,170.0,57.5,19.9
189.6,100.5,28.0,187.2,92.6,26.4
167.4,73.8,26.3,166.5,81.7,29.4
165.5,49.0,17.9,164.3,56.7,21.0
178.0,80.2,25.3,176.4,74.4,23.9
179.0,71.8,22.4,178.0,73.4,23.2
177.9,62.9,19.9,177.3,65.6,20.9
178.0,76.7,24.2,176.2,75.9,24.5
174.4,55.9,18.4,172.2,62.0,20.9
172.3,73.7,24.8,171.1,69.5,23.7
169.2,68.2,23.8,167.9,64.5,22.9
172.0,65.8,22.2,170.2,65.1,22.5
177.1,68.8,21.9,175.5,65.4,21.2
178.2,77.3,24.3,176.9,77.8,24.8
173.5,68.2,22.7,173.2,70.3,23.4
176.4,65.9,21.2,175.3,57.4,18.7
170.9,72.3,24.8,169.4,72.3,25.2
168.2,93.9,33.2,168.6,88.4,31.1
174.4,57.4,18.9,172.5,64.2,21.6
176.6,95.8,30.7,174.4,101.1,33.2
175.6,63.0,20.4,173.3,63.5,21.1
167.1,73.9,26.5,166.0,82.5,30.0
173.3,80.7,26.9,172.0,82.6,27.9
184.7,97.9,28.7,183.2,95.1,28.3
168.4,88.9,31.3,167.6,86.9,30.9
177.4,69.1,22.0,176.5,67.9,21.8
173.0,63.8,21.3,171.0,63.6,21.7
178.2,81.5,25.7,176.8,78.7,25.2
173.1,67.8,22.6,171.6,70.7,24.0
175.8,96.7,31.3,173.0,90.8,30.3
185.4,79.7,23.2,183.8,80.2,23.7
176.6,76.4,24.5,175.3,75.6,24.6
172.1,73.0,24.6,171.0,73.0,25.0
179.6,88.9,27.6,177.3,75.7,24.1
166.3,63.9,23.1,164.3,56.3,20.9
180.4,89.5,27.5,178.3,94.0,29.5
171.7,71.8,24.4,171.0,70.6,24.2
182.0,74.0,22.3,180.9,71.8,21.9
171.0,66.8,22.8,170.3,64.6,22.3
170.6,63.4,21.8,170.5,69.7,24.0
178.8,64.8,20.3,177.6,62.9,19.9
170.5,59.8,20.6,168.0,52.4,18.6
182.6,73.4,22.0,180.8,68.5,21.0
163.3,59.5,22.3,162.0,53.7,20.5
183.7,74.7,22.1,181.7,76.7,23.2
166.2,52.4,19.0,164.2,58.2,21.6
175.1,66.1,21.6,174.0,69.2,22.9
161.3,48.2,18.5,159.4,48.7,19.2
174.3,66.8,22.0,173.5,64.2,21.3
171.2,52.1,17.8,170.1,55.5,19.2
177.4,75.7,24.1,175.9,77.3,25.0
178.1,83.0,26.2,176.1,83.3,26.9
165.8,57.9,21.1,165.4,62.7,22.9
174.2,65.8,21.7,173.9,61.4,20.3
184.7,84.1,24.7,183.2,88.8,26.5
171.4,65.4,22.3,169.4,57.1,19.9
174.4,81.2,26.7,172.8,81.1,27.1
174.6,69.8,22.9,173.3,67.8,22.6
180.7,76.1,23.3,178.4,74.0,23.2
167.9,51.5,18.3,166.7,52.6,18.9
170.2,63.2,21.8,167.8,62.3,22.1
175.2,60.3,19.6,173.2,59.8,19.9
175.7,84.5,27.4,173.7,85.2,28.2
180.5,105.5,32.4,178.6,99.1,31.1
174.6,61.1,20.0,173.1,61.3,20.5
177.3,63.1,20.1,174.7,70.3,23.1
174.3,80.5,26.5,172.3,76.9,25.9
176.9,69.1,22.1,174.7,70.9,23.2
168.8,74.5,26.1,167.6,77.1,27.5
170.6,70.6,24.3,169.2,70.2,24.5
180.9,72.5,22.2,179.1,71.5,22.3
181.2,77.1,23.5,180.5,68.4,21.0
173.4,62.0,20.6,172.5,68.5,23.0
174.8,68.4,22.4,172.9,61.9,20.7
174.2,56.8,18.7,171.7,56.4,19.1
176.6,75.6,24.2,174.8,81.0,26.5
174.7,78.9,25.9,172.8,79.0,26.5
172.7,60.2,20.2,170.5,60.9,20.9
183.1,93.6,27.9,181.1,98.0,29.9
176.0,68.3,22.0,173.2,60.5,20.2
176.0,77.3,25.0,174.2,84.1,27.7
185.1,96.2,28.1,182.6,97.6,29.3
176.5,74.0,23.8,174.8,73.3,24.0
173.5,58.0,19.3,172.2,58.2,19.6
170.5,88.4,30.4,169.7,94.6,32.9
177.7,68.9,21.8,176.0,64.0,20.7
174.8,71.1,23.3,174.0,68.2,22.5
171.3,63.2,21.5,170.0,57.8,20.0
177.4,62.0,19.7,175.9,59.7,19.3
174.2,68.4,22.5,172.8,67.9,22.8
173.6,59.8,19.8,171.4,57.3,19.5
176.0,71.8,23.2,174.1,66.3,21.9
179.9,65.9,20.4,179.1,67.2,21.0
175.5,58.2,18.9,174.8,57.1,18.7
173.8,51.2,17.0,172.3,60.3,20.3
176.4,91.4,29.4,175.1,90.4,29.5
180.6,68.4,21.0,178.5,69.3,21.8
181.0,86.2,26.3,179.0,89.2,27.8
174.9,69.6,22.8,173.7,74.3,24.6
174.5,58.2,19.1,172.5,58.1,19.5
182.7,116.0,34.8,180.4,102.9,31.6
182.7,69.2,20.7,181.9,70.6,21.3
175.6,62.0,20.1,174.6,62.2,20.4
170.5,60.9,20.9,168.6,59.4,20.9
173.9,75.2,24.9,171.7,67.5,22.9
179.1,65.8,20.5,177.1,62.0,19.8
179.0,92.2,28.8,176.6,85.8,27.5
172.0,63.2,21.4,171.4,60.6,20.6
173.2,88.4,29.5,171.6,89.4,30.3
169.1,63.2,22.1,168.1,60.4,21.4
176.8,72.7,23.3,175.9,73.9,23.9
170.9,61.9,21.2,168.9,57.0,20.0
170.6,67.7,23.3,168.9,72.4,25.4
174.0,75.2,24.8,171.9,76.4,25.8
177.1,63.0,20.1,174.7,60.8,19.9
168.7,70.4,24.7,168.4,68.1,24.0
180.0,105.4,32.5,178.2,100.0,31.5
175.7,67.1,21.7,174.7,63.9,20.9
176.3,82.8,26.6,175.0,75.9,24.8
181.7,75.8,23.0,179.6,77.8,24.1
175.0,82.8,27.0,173.2,81.9,27.3
171.9,65.9,22.3,170.9,60.5,20.7
168.2,62.6,22.1,167.1,68.4,24.5
185.0,95.0,27.8,182.3,98.6,29.7
179.7,98.4,30.5,176.9,94.1,30.1
177.1,75.5,24.1,176.2,69.1,22.3
175.6,64.5,20.9,174.7,64.4,21.1
183.7,55.6,16.5,181.8,58.0,17.6
179.6,73.2,22.7,177.8,70.0,22.2
167.0,58.5,21.0,165.4,61.2,22.3
173.8,70.7,23.4,172.5,76.3,25.7
177.4,91.4,29.0,176.2,87.1,28.1
173.0,86.4,28.9,171.7,77.9,26.4
177.2,92.2,29.4,175.0,91.8,30.0
173.2,67.5,22.5,170.8,58.8,20.2
165.3,58.2,21.3,164.5,61.8,22.9
174.0,61.1,20.2,171.9,57.2,19.4
172.7,82.7,27.7,171.1,74.8,25.5
174.0,75.9,25.1,174.6,66.3,21.7
187.8,69.6,19.7,185.5,72.0,20.9
176.2,77.0,24.8,174.9,77.4,25.3
175.3,79.0,25.7,174.0,71.1,23.5
173.5,68.0,22.6,172.3,64.9,21.9
176.7,76.8,24.6,176.1,79.9,25.8
166.8,67.1,24.1,167.1,68.6,24.6
185.5,80.0,23.2,183.6,82.0,24.3
177.4,82.7,26.3,176.7,80.9,25.9
180.4,93.6,28.8,178.9,86.6,27.1
178.9,75.6,23.6,178.2,79.4,25.0
167.9,48.9,17.3,166.3,49.4,17.9
172.6,51.3,17.2,170.5,52.9,18.2
172.1,59.9,20.2,171.5,64.4,21.9
180.5,72.1,22.1,179.8,70.5,21.8
167.8,50.6,18.0,165.7,51.8,18.9
171.5,57.3,19.5,169.8,54.9,19.0
172.7,58.2,19.5,171.1,59.4,20.3
166.1,58.5,21.2,166.1,62.8,22.8
177.1,77.9,24.8,175.3,77.0,25.0
189.9,79.1,21.9,186.5,75.4,21.7
170.5,77.9,26.8,169.3,76.1,26.5
173.0,89.3,29.8,171.8,92.8,31.4
168.4,77.5,27.3,166.7,74.1,26.7
177.5,89.5,28.4,175.2,88.8,28.9
182.0,60.2,18.2,181.0,65.5,20.0
176.6,71.6,23.0,174.5,71.6,23.5
170.8,71.2,24.4,169.2,73.0,25.5
179.8,71.2,22.0,177.8,67.0,21.2
173.8,67.3,22.3,172.3,74.2,25.0
164.8,85.0,31.3,163.8,92.7,34.5
171.9,59.7,20.2,169.8,63.0,21.9
170.8,82.1,28.1,169.8,76.9,26.7
176.4,72.9,23.4,175.0,73.9,24.1
165.8,66.4,24.2,164.5,66.3,24.5
175.4,64.2,20.9,174.0,63.8,21.1
178.7,62.5,19.6,177.9,59.5,18.8
178.7,60.3,18.9,178.0,60.3,19.0
177.7,99.9,31.6,176.3,100.8,32.4
170.3,90.1,31.1,169.7,91.1,31.6
180.6,79.9,24.5,179.4,74.6,23.2
180.6,77.2,23.7,178.7,74.3,23.3
174.6,78.0,25.6,173.7,76.7,25.4
171.3,78.1,26.6,169.8,80.8,28.0
178.2,76.4,24.1,176.4,73.9,23.8
174.0,61.6,20.3,172.7,58.4,19.6
175.7,63.9,20.7,175.2,69.1,22.5
173.9,62.5,20.7,171.9,61.4,20.8
178.5,61.9,19.4,177.4,62.7,19.9
169.5,73.3,25.5,169.6,73.6,25.6
180.7,74.7,22.9,178.8,69.8,21.8
168.0,64.0,22.7,165.8,59.3,21.6
176.7,91.6,29.3,174.7,85.8,28.1
170.5,63.4,21.8,169.5,60.4,21.0
171.5,61.8,21.0,169.8,60.2,20.9
180.0,88.6,27.3,178.4,82.7,26.0
166.0,61.5,22.3,164.5,59.8,22.1
162.7,49.9,18.9,161.6,48.7,18.7
189.0,101.9,28.5,185.2,103.9,30.3
177.6,85.3,27.0,176.8,79.6,25.5
175.1,81.8,26.7,174.9,81.9,26.8
176.8,101.1,32.3,175.7,96.4,31.2
174.4,103.2,33.9,172.9,107.7,36.0
170.4,79.0,27.2,169.0,75.4,26.4
179.8,76.8,23.8,179.0,77.9,24.3
175.3,63.8,20.8,174.1,63.4,20.9
176.4,61.0,19.6,173.9,60.6,20.0
182.8,75.1,22.5,181.8,68.6,20.8
168.7,81.1,28.5,167.4,78.8,28.1
174.7,80.5,26.4,173.5,83.1,27.6
173.3,67.8,22.6,172.1,70.5,23.8
173.0,86.8,29.0,171.4,92.7,31.6
177.7,75.0,23.8,177.2,74.4,23.7
178.2,66.6,21.0,176.8,65.3,20.9
175.7,81.3,26.3,174.4,79.8,26.2
161.4,51.1,19.6,161.1,55.0,21.2
174.0,55.4,18.3,172.6,59.7,20.0
184.3,95.6,28.1,182.7,93.1,27.9
177.5,62.6,19.9,175.2,59.3,19.3
177.4,62.7,19.9,175.8,63.3,20.5
169.8,60.0,20.8,167.5,61.4,21.9
177.2,69.6,22.2,176.3,72.8,23.4
168.0,68.6,24.3,166.4,66.9,24.2
167.8,55.6,19.7,166.4,62.3,22.5
173.6,63.3,21.0,172.5,62.2,20.9
186.8,71.8,20.6,184.7,74.5,21.8
176.7,66.9,21.4,175.4,65.6,21.3
172.3,58.9,19.8,171.4,61.3,20.9
170.7,73.0,25.1,169.5,72.8,25.4
181.9,63.4,19.2,179.6,61.9,19.2
170.4,81.0,27.9,169.9,82.3,28.5
174.8,67.7,22.2,173.1,63.8,21.3
179.1,100.0,31.2,176.9,98.1,31.4
170.3,83.7,28.9,169.6,79.2,27.6
175.0,73.1,23.9,172.7,72.1,24.2
181.6,86.8,26.3,180.3,88.9,27.3
179.2,84.2,26.2,177.1,81.7,26.0
170.0,62.7,21.7,169.0,70.0,24.5
174.5,69.1,22.7,172.4,81.7,27.5
179.4,78.1,24.3,177.3,84.5,26.9
167.7,65.9,23.4,167.5,68.6,24.5
162.5,63.6,24.1,161.8,60.5,23.1
180.7,76.7,23.5,179.6,78.7,24.4
169.9,91.7,31.8,169.5,98.5,34.3
167.3,79.8,28.5,165.9,76.3,27.7
176.9,59.3,18.9,175.0,60.4,19.7
173.1,82.5,27.5,171.3,79.0,26.9
174.2,90.2,29.7,173.9,101.5,33.6
171.4,55.6,18.9,170.0,57.6,19.9
173.9,54.4,18.0,172.1,55.0,18.6
175.8,76.7,24.8,174.8,72.8,23.8
169.4,65.3,22.8,167.8,65.6,23.3
168.6,59.1,20.8,167.1,57.0,20.4
172.4,57.9,19.5,169.8,53.4,18.5
179.2,67.5,21.0,177.3,65.0,20.7
187.6,82.2,23.4,185.7,79.5,23.1
181.1,78.8,24.0,179.7,77.1,23.9
167.9,70.1,24.9,167.4,70.7,25.2
166.6,66.6,24.0,165.2,69.0,25.3
177.8,72.0,22.8,175.9,69.3,22.4
165.2,82.6,30.3,165.5,87.2,31.8
188.3,85.5,24.1,185.7,77.9,22.6
169.0,69.4,24.3,168.1,69.2,24.5
172.8,59.6,20.0,171.1,54.9,18.7
182.1,96.9,29.2,179.7,105.1,32.5
160.6,56.4,21.9,158.9,53.8,21.3
173.6,63.5,21.1,172.3,62.2,21.0
179.1,72.7,22.7,177.3,74.4,23.6
171.0,48.4,16.6,169.5,51.5,17.9
169.2,68.9,24.1,168.1,67.6,23.9
164.5,60.1,22.2,163.2,54.6,20.5
174.5,63.7,20.9,173.1,64.4,21.5
177.2,65.3,20.8,175.5,79.2,25.7
171.3,53.0,18.1,169.9,52.9,18.3
166.6,51.9,18.7,165.7,53.1,19.3
183.8,104.9,31.1,181.8,94.4,28.5
172.2,58.1,19.6,170.2,57.4,19.8
165.1,50.7,18.6,162.5,46.8,17.7
178.6,66.0,20.7,177.5,65.4,20.8
170.6,65.8,22.6,169.4,61.0,21.3
176.2,74.9,24.1,174.5,75.5,24.8
177.9,90.8,28.7,177.2,87.6,27.9
173.1,61.1,20.4,171.5,65.0,22.1
183.5,120.7,35.8,180.4,107.5,33.0
168.8,56.4,19.8,168.0,54.6,19.3
180.8,105.3,32.2,178.2,108.8,34.3
171.0,56.4,19.3,168.9,55.1,19.3
177.9,51.8,16.4,176.6,57.3,18.4
174.9,71.5,23.4,173.5,79.7,26.5
177.5,71.5,22.7,175.7,69.9,22.6
172.4,51.8,17.4,171.3,56.4,19.2
175.0,80.5,26.3,174.4,71.2,23.4
173.9,66.3,21.9,172.9,66.1,22.1
169.7,54.6,19.0,167.9,53.1,18.8
172.4,57.7,19.4,170.7,60.6,20.8
172.2,90.1,30.4,170.4,80.0,27.6
178.4,89.0,28.0,176.7,89.8,28.7
177.1,79.3,25.3,175.7,86.8,28.1
191.8,73.2,19.9,189.1,75.1,21.0
175.5,81.7,26.5,173.5,78.1,26.0
176.2,58.9,19.0,173.8,57.3,19.0
179.0,70.9,22.1,177.7,69.7,22.1
185.7,59.2,17.2,184.1,64.8,19.1
174.2,78.1,25.7,171.7,75.3,25.6
172.6,69.2,23.2,170.4,63.9,22.0
165.1,61.7,22.6,164.0,66.7,24.8
175.6,71.1,23.1,174.9,75.0,24.5
173.0,57.5,19.2,171.3,61.0,20.8
180.1,68.0,21.0,178.8,72.6,22.7
185.6,73.8,21.4,184.8,67.8,19.9
177.3,89.2,28.4,175.6,94.3,30.6
179.7,77.9,24.1,178.5,70.3,22.0
187.9,67.0,19.0,185.1,67.2,19.6
170.9,67.0,22.9,169.8,60.5,21.0
171.9,79.0,26.7,170.6,81.6,28.0
171.2,58.2,19.9,168.8,57.6,20.2
172.3,77.9,26.2,170.3,73.5,25.3
175.6,79.6,25.8,173.9,82.3,27.2
166.7,52.3,18.8,166.1,52.9,19.2
178.7,76.3,23.9,177.8,67.8,21.5
165.3,53.2,19.5,163.7,58.4,21.8
184.7,77.7,22.8,182.1,73.0,22.0
176.1,74.3,24.0,174.4,78.6,25.8
176.4,74.3,23.9,175.3,73.9,24.0
173.1,62.9,21.0,172.1,58.9,19.9
165.0,55.1,20.2,162.9,55.9,21.0
169.0,63.2,22.1,167.6,62.1,22.1
190.3,85.5,23.6,189.3,90.3,25.2
178.7,76.9,24.1,178.1,68.4,21.6
180.1,65.3,20.1,178.3,65.5,20.6
179.5,53.6,16.6,178.1,57.2,18.0
174.0,68.8,22.7,172.0,60.6,20.5
173.4,58.9,19.6,171.7,58.7,19.9
167.3,63.2,22.6,166.9,60.8,21.8
187.9,95.8,27.1,185.7,97.2,28.2
175.3,59.2,19.3,172.8,63.1,21.1
173.1,69.9,23.3,171.9,70.2,23.8
167.5,57.8,20.6,165.8,59.4,21.6
173.8,66.6,22.0,171.9,66.9,22.7
170.6,63.9,22.0,169.6,64.2,22.3
177.8,87.0,27.5,177.2,88.2,28.1
170.7,67.4,23.1,169.3,68.2,23.8
173.7,86.1,28.5,172.1,81.6,27.5
182.8,83.6,25.0,182.4,80.6,24.2
163.8,56.3,21.0,162.9,54.6,20.6
171.3,57.4,19.6,169.4,58.3,20.3
176.4,62.8,20.2,175.8,61.0,19.7
170.2,68.1,23.5,168.5,57.1,20.1
188.0,72.2,20.4,185.9,69.4,20.1
180.1,68.8,21.2,178.8,70.0,21.9
184.3,66.3,19.5,182.9,65.4,19.5
177.9,97.6,30.8,176.9,91.5,29.2
184.1,82.4,24.3,182.2,83.5,25.1
176.6,61.1,19.6,174.5,63.2,20.7
169.7,85.1,29.6,168.5,81.7,28.8
188.9,96.5,27.0,186.9,98.8,28.3
162.3,61.8,23.5,161.3,61.3,23.6
182.8,71.1,21.3,181.4,64.7,19.7
182.6,81.6,24.5,180.3,78.1,24.0
186.0,108.6,31.4,182.6,107.3,32.2
169.9,93.6,32.4,169.5,94.2,32.8
176.6,99.4,31.9,174.0,91.5,30.2
169.1,57.9,20.2,167.8,58.0,20.6
173.9,77.3,25.6,171.8,79.6,27.0
176.3,80.7,26.0,174.5,79.5,26.1
178.0,60.3,19.0,175.8,56.9,18.4
172.9,77.2,25.8,171.3,75.3,25.6
184.3,106.8,31.4,181.3,100.4,30.5
176.4,63.6,20.4,175.2,63.0,20.5
175.2,73.7,24.0,173.6,73.1,24.2
177.4,84.7,26.9,177.0,88.8,28.3
172.8,63.9,21.4,172.4,62.9,21.2
183.9,70.2,20.8,181.3,66.0,20.1
176.6,70.9,22.7,176.2,78.7,25.4
168.2,68.3,24.1,167.4,66.6,23.8
168.9,65.8,23.1,167.5,67.0,23.9
172.3,88.2,29.7,171.7,87.0,29.5
170.4,67.9,23.4,169.8,65.3,22.6
184.0,87.0,25.7,182.7,83.1,24.9
178.8,74.8,23.4,176.4,70.4,22.6
166.3,60.4,21.8,164.9,57.6,21.2
165.7,69.4,25.3,165.0,59.8,22.0
176.6,63.0,20.2,174.8,66.2,21.7
172.5,72.5,24.4,171.4,71.6,24.4
172.9,62.9,21.0,171.9,60.1,20.3
178.4,79.0,24.8,176.2,85.7,27.6
186.7,82.9,23.8,184.1,74.5,22.0
171.4,63.8,21.7,169.3,63.3,22.1
178.0,71.1,22.4,176.0,63.5,20.5
168.8,59.4,20.8,167.1,58.7,21.0
185.1,66.1,19.3,183.9,65.7,19.4
165.8,64.7,23.5,165.4,69.3,25.3
175.4,70.3,22.9,173.8,69.5,23.0
186.1,70.5,20.4,183.8,66.1,19.6
171.1,63.3,21.6,169.3,61.5,21.5
170.0,66.7,23.1,169.1,61.6,21.5
180.6,81.5,25.0,179.3,80.2,24.9
179.6,77.1,23.9,178.1,70.9,22.3
167.7,55.4,19.7,166.2,53.0,19.2
175.7,62.1,20.1,173.5,58.6,19.5
174.2,90.7,29.9,173.3,95.2,31.7
169.5,79.5,27.7,168.8,78.3,27.5
177.4,58.1,18.5,176.1,56.9,18.4
177.6,76.0,24.1,176.3,81.5,26.2
175.6,81.0,26.3,173.9,81.5,26.9
176.8,52.7,16.9,175.2,56.3,18.4
180.0,78.6,24.3,178.0,68.9,21.8
167.8,64.9,23.0,166.9,61.6,22.1
175.9,69.3,22.4,174.9,69.0,22.5
168.1,54.2,19.2,166.6,57.9,20.9
183.9,75.0,22.2,181.4,75.2,22.8
167.8,89.0,31.6,166.8,90.5,32.5
165.6,68.5,25.0,165.2,69.0,25.3
179.4,64.8,20.1,178.0,64.8,20.5
171.2,67.0,22.9,169.5,64.6,22.5
179.5,65.4,20.3,177.4,63.2,20.1
168.7,65.3,22.9,167.8,65.4,23.2
173.6,99.5,33.0,171.6,102.4,34.8
168.2,100.0,35.3,167.4,95.8,34.2
173.7,78.0,25.9,171.4,77.2,26.3
175.4,56.2,18.3,173.0,57.9,19.3
171.1,73.7,25.2,169.9,66.4,23.0
180.1,97.5,30.1,179.1,91.2,28.4
185.5,60.3,17.5,182.9,63.9,19.1
173.0,64.6,21.6,170.7,63.4,21.7
171.7,95.1,32.3,170.3,96.9,33.4
168.6,60.0,21.1,166.8,60.7,21.8
180.8,71.3,21.8,180.1,67.9,20.9
167.7,52.1,18.5,166.3,55.5,20.1
176.4,69.7,22.4,175.6,72.0,23.4
183.9,78.4,23.2,181.4,78.0,23.7
180.9,72.4,22.1,179.8,72.8,22.5
187.6,78.2,22.2,185.7,81.4,23.6
172.1,63.0,21.3,171.8,68.2,23.1
181.0,59.2,18.1,178.9,57.3,17.9
178.9,65.5,20.5,177.9,60.9,19.2
176.4,77.4,24.9,175.3,74.4,24.2
179.1,95.3,29.7,176.9,99.2,31.7
166.8,64.1,23.0,166.8,67.4,24.2
175.9,70.5,22.8,174.6,67.9,22.3
172.2,68.2,23.0,170.4,65.6,22.6
168.3,78.1,27.6,167.3,79.6,28.5
173.6,95.4,31.7,171.7,84.6,28.7
169.6,56.1,19.5,168.5,56.1,19.8
171.4,58.7,20.0,169.8,55.4,19.2
168.1,55.1,19.5,167.8,55.5,19.7
179.8,79.6,24.6,177.9,71.2,22.5
186.0,84.1,24.3,184.3,82.0,24.2
172.6,58.8,19.7,171.2,57.0,19.4
177.2,66.7,21.2,176.5,62.3,20.0
185.9,78.8,22.8,185.1,79.0,23.0
162.4,57.0,21.6,160.4,56.7,22.0
166.7,60.0,21.6,165.6,57.9,21.1
172.4,58.1,19.5,171.0,56.8,19.4
166.3,60.4,21.8,164.6,56.1,20.7
168.7,61.2,21.5,166.9,57.3,20.6
164.6,71.0,26.2,165.0,69.6,25.6
163.8,81.9,30.5,163.6,79.3,29.6
167.6,47.8,17.0,166.4,53.9,19.5
173.1,69.5,23.2,172.7,69.1,23.2
168.8,56.9,20.0,167.1,56.8,20.3
187.9,98.9,28.0,185.9,101.9,29.5
177.9,82.6,26.1,177.2,77.2,24.6
169.4,68.7,23.9,167.9,65.3,23.2
184.0,94.1,27.8,182.1,93.6,28.2
171.4,58.3,19.8,169.9,57.8,20.0
175.6,58.6,19.0,175.4,57.1,18.6
176.9,68.0,21.7,174.8,59.0,19.3
166.4,93.0,33.6,165.9,98.6,35.8
163.7,52.7,19.7,161.9,57.0,21.7
168.1,73.6,26.0,166.9,74.3,26.7
168.9,72.4,25.4,167.5,65.0,23.2
172.3,87.1,29.3,171.4,90.8,30.9
176.7,54.7,17.5,175.1,55.8,18.2
168.0,80.0,28.3,166.7,57.9,20.8
162.6,60.8,23.0,162.4,64.9,24.6
170.3,52.7,18.2,168.1,52.7,18.6
172.7,71.4,23.9,171.2,63.6,21.7
169.4,61.4,21.4,167.5,61.6,22.0
168.9,67.3,23.6,167.7,69.9,24.9
175.7,62.0,20.1,174.8,65.5,21.4
178.0,73.9,23.3,175.9,65.1,21.1
181.0,114.2,34.9,178.6,103.7,32.5
174.4,60.6,19.9,173.2,59.5,19.8
168.6,63.2,22.2,166.8,61.0,21.9
175.9,61.8,20.0,174.5,64.6,21.2
177.4,70.1,22.3,176.3,72.7,23.4
170.7,86.5,29.7,170.0,87.8,30.4
176.8,64.3,20.6,175.7,66.7,21.6
182.6,59.0,17.7,180.5,58.0,17.8
176.3,80.5,25.9,174.2,78.8,26.0
175.8,56.9,18.4,174.4,63.0,20.7
177.1,64.2,20.5,175.9,65.3,21.1
169.8,53.7,18.6,168.6,55.9,19.6
175.3,55.0,17.9,172.5,54.2,18.2
174.0,71.4,23.6,173.0,74.7,25.0
171.7,70.0,23.7,170.9,72.5,24.8
173.5,87.4,29.0,173.0,81.7,27.3
185.0,72.2,21.1,183.5,69.4,20.6
170.5,87.2,30.0,169.6,78.6,27.3
178.1,65.9,20.8,176.3,62.7,20.2
179.4,73.8,22.9,177.8,78.3,24.8
172.1,57.2,19.3,169.8,61.1,21.2
173.6,59.0,19.6,172.1,57.7,19.5
166.2,71.2,25.8,165.7,69.6,25.4
171.5,55.6,18.9,169.9,55.9,19.4
175.2,53.0,17.3,172.7,52.9,17.7
177.5,78.5,24.9,176.3,81.5,26.2
173.9,69.6,23.0,172.5,69.6,23.4
170.2,67.7,23.4,168.6,68.1,23.9
174.1,83.5,27.5,173.6,75.0,24.9
168.9,60.0,21.0,168.1,61.9,21.9
168.7,81.5,28.6,167.4,79.5,28.4
183.2,63.2,18.8,181.4,67.6,20.5
176.8,89.1,28.5,175.9,85.1,27.5
169.6,61.9,21.5,168.3,59.7,21.1
184.1,64.8,19.1,182.3,62.5,18.8
165.9,56.6,20.6,164.6,52.2,19.3
177.5,76.4,24.2,176.5,79.4,25.5
177.0,59.5,19.0,174.2,61.8,20.3
165.7,72.6,26.4,165.3,66.0,24.2
174.6,70.6,23.2,173.0,61.8,20.6
180.2,68.6,21.1,177.6,63.6,20.2
168.6,63.8,22.4,167.9,59.9,21.2
174.6,60.1,19.7,173.2,55.6,18.5
173.4,77.1,25.6,172.3,76.4,25.7
177.7,79.3,25.1,177.2,85.4,27.2
178.1,89.6,28.2,176.4,91.7,29.5
172.0,66.8,22.6,171.8,65.8,22.3
174.9,76.5,25.0,173.1,73.7,24.6
185.0,84.7,24.7,183.9,81.7,24.2
174.2,75.8,25.0,172.7,74.1,24.8
173.2,60.4,20.1,171.3,60.1,20.5
179.1,60.4,18.8,177.6,65.3,20.7
181.2,70.7,21.5,179.3,70.6,22.0
175.1,73.7,24.0,173.5,70.7,23.5
174.4,60.2,19.8,172.2,58.6,19.8
172.5,67.0,22.5,171.2,65.7,22.4
177.3,88.2,28.1,176.1,91.5,29.5
172.4,65.0,21.9,171.7,61.4,20.8
178.3,62.6,19.7,176.4,57.0,18.3
161.2,54.2,20.9,160.6,51.9,20.1
181.0,98.2,30.0,178.8,102.7,32.1
168.6,66.5,23.4,167.9,70.7,25.1
178.7,74.2,23.2,176.5,71.8,23.1
172.8,69.2,23.2,171.7,68.4,23.2
174.7,95.9,31.4,173.8,93.1,30.8
187.6,77.8,22.1,184.8,75.4,22.1
172.4,50.8,17.1,169.6,57.2,19.9
173.5,62.0,20.6,172.8,65.2,21.8
177.4,68.8,21.9,175.0,75.6,24.7
177.7,73.8,23.4,176.5,67.5,21.7
179.9,89.3,27.6,178.7,91.8,28.7
171.1,76.4,26.1,171.0,75.1,25.7
170.5,70.1,24.1,168.9,72.0,25.2
179.2,67.9,21.1,177.5,66.0,20.9
180.2,90.9,28.0,179.4,86.1,26.7
178.0,82.5,26.0,176.9,79.7,25.5
167.9,52.4,18.6,167.5,59.7,21.3
176.5,79.1,25.4,175.8,81.7,26.4
177.4,55.8,17.7,175.9,53.0,17.1
171.5,68.9,23.4,171.2,72.8,24.8
182.6,57.1,17.1,181.2,59.8,18.2
174.2,74.4,24.5,173.0,68.4,22.9
172.9,89.2,29.8,172.1,87.1,29.4
175.6,53.9,17.5,173.0,56.9,19.0
170.4,62.9,21.7,169.2,60.3,21.1
173.4,75.7,25.2,172.3,71.3,24.0
170.6,76.0,26.1,170.0,66.1,22.9
178.7,74.7,23.4,177.5,78.4,24.9
168.1,60.0,21.2,167.8,67.1,23.9
180.2,67.7,20.8,178.7,69.6,21.8
177.6,80.6,25.6,175.9,73.3,23.7
177.0,100.6,32.1,174.5,102.1,33.5
171.0,56.6,19.4,170.2,58.5,20.2
170.4,73.5,25.3,169.9,74.6,25.8
181.0,105.9,32.3,179.6,101.6,31.5
174.8,67.8,22.2,173.3,67.2,22.4
179.8,81.3,25.1,178.0,83.6,26.4
174.9,68.2,22.3,174.1,71.3,23.5
175.0,60.0,19.6,174.1,65.6,21.6
186.4,87.4,25.2,183.8,84.2,24.9
178.7,95.5,29.9,177.5,88.5,28.1
174.7,78.8,25.8,174.2,83.2,27.4
186.5,75.5,21.7,185.1,72.7,21.2
172.0,81.2,27.4,170.1,78.6,27.2
183.4,74.3,22.1,181.8,68.5,20.7
184.5,68.7,20.2,182.1,69.5,21.0
171.4,51.9,17.7,170.6,50.8,17.4
171.5,81.3,27.6,169.9,74.2,25.7
172.0,63.7,21.5,169.9,64.5,22.3
173.3,72.5,24.1,172.9,71.2,23.8
185.8,82.7,24.0,183.0,88.3,26.3
176.8,74.1,23.7,176.0,69.3,22.4
170.7,61.9,21.2,168.6,60.7,21.3
180.4,106.4,32.7,179.0,106.3,33.2
169.9,74.8,25.9,169.1,72.8,25.5
175.8,92.6,30.0,173.6,91.5,30.4
166.5,54.3,19.6,165.5,51.6,18.8
180.8,73.5,22.5,179.2,78.2,24.4
175.8,61.3,19.8,173.8,62.0,20.5
168.1,54.7,19.4,166.6,58.1,20.9
175.6,71.5,23.2,173.5,67.8,22.5
173.7,60.6,20.1,172.7,68.4,22.9
165.0,60.9,22.4,164.9,58.8,21.6
173.6,73.0,24.2,172.3,65.7,22.1
167.7,60.0,21.3,167.0,83.3,29.9
182.0,70.8,21.4,180.6,70.9,21.7
183.5,111.4,33.1,182.0,113.5,34.3
175.8,86.0,27.8,175.3,84.1,27.4
182.7,76.1,22.8,181.1,79.1,24.1
168.5,66.1,23.3,167.6,65.4,23.3
175.1,73.2,23.9,173.7,74.5,24.7
177.1,64.4,20.5,174.6,61.1,20.0
178.5,62.7,19.7,176.9,60.2,19.2
177.6,73.7,23.4,176.9,77.8,24.9
180.2,55.0,16.9,179.0,56.5,17.6
167.0,70.9,25.4,166.2,75.2,27.2
177.6,69.7,22.1,176.5,69.4,22.3
170.5,68.8,23.7,168.7,64.4,22.6
178.4,77.7,24.4,176.4,72.2,23.2
184.5,70.6,20.7,183.5,74.6,22.1
163.9,53.5,19.9,162.9,52.5,19.8
172.4,71.5,24.1,171.7,69.0,23.4
176.9,60.5,19.3,176.0,68.1,22.0
172.3,67.2,22.6,171.0,65.8,22.5
170.6,58.8,20.2,169.9,64.1,22.2
172.9,74.4,24.9,170.8,75.7,25.9
174.9,56.4,18.4,172.3,55.2,18.6
172.3,75.3,25.4,171.9,75.7,25.6
167.6,59.3,21.1,166.0,59.3,21.5
174.1,64.3,21.2,173.2,67.2,22.4
181.3,84.8,25.8,179.0,82.9,25.9
187.4,94.3,26.9,185.3,91.9,26.8
169.4,101.6,35.4,167.9,100.4,35.6
173.6,74.4,24.7,172.6,64.8,21.8
180.1,73.7,22.7,179.4,72.0,22.4
182.7,100.2,30.0,181.4,96.2,29.2
175.4,73.5,23.9,173.8,73.2,24.2
171.4,87.2,29.7,170.2,91.5,31.6
174.7,56.4,18.5,173.1,55.5,18.5
172.2,64.4,21.7,171.0,62.5,21.4
168.1,62.0,21.9,166.7,64.4,23.2
177.5,69.7,22.1,176.2,75.5,24.3
173.7,61.8,20.5,172.1,61.7,20.9
176.2,70.4,22.7,174.4,69.0,22.7
177.4,62.3,19.8,176.1,58.7,18.9
179.5,76.5,23.7,177.4,82.4,26.2
166.6,64.6,23.3,165.5,62.5,22.8
164.1,87.8,32.6,163.8,83.4,31.1
163.3,75.0,28.1,162.9,69.6,26.2
173.5,65.0,21.6,172.5,60.9,20.5
165.0,82.0,30.1,164.4,81.6,30.2
182.3,90.2,27.1,180.7,85.6,26.2
186.7,97.8,28.1,183.9,102.1,30.2
176.7,101.1,32.4,174.8,97.4,31.9
177.5,99.8,31.7,175.2,97.9,31.9
170.3,70.7,24.4,170.0,74.8,25.9
163.6,66.6,24.9,162.6,71.5,27.0
173.4,67.7,22.5,172.3,68.4,23.0
183.0,74.7,22.3,182.1,67.8,20.5
176.3,78.0,25.1,175.6,78.7,25.5
162.2,56.0,21.3,161.9,53.8,20.5
166.1,50.1,18.2,162.9,49.3,18.6
172.3,69.3,23.3,171.3,65.1,22.2
173.8,79.4,26.3,171.8,81.2,27.5
183.5,111.4,33.1,182.0,113.5,34.3
175.4,68.0,22.1,173.2,64.3,21.4
176.5,65.5,21.0,174.4,63.0,20.7
175.0,60.8,19.9,174.1,55.8,18.4
178.3,71.2,22.4,177.9,69.7,22.0
178.1,88.3,27.8,177.4,91.7,29.1
188.2,85.0,24.0,185.9,85.5,24.7
172.3,69.1,23.3,171.1,66.3,22.7
183.5,84.5,25.1,182.4,82.8,24.9
185.4,71.5,20.8,183.5,70.9,21.1
176.8,78.4,25.1,175.3,74.5,24.3
179.2,63.5,19.8,178.5,73.1,22.9
174.7,98.1,32.1,172.5,95.3,32.0
174.6,79.4,26.0,173.8,79.8,26.4
168.5,89.3,31.5,167.2,90.8,32.5
179.3,67.5,21.0,177.4,66.6,21.2
164.1,64.0,23.8,163.7,53.8,20.1
174.3,57.6,19.0,172.2,59.8,20.2
174.7,81.7,26.8,173.4,84.4,28.1
166.4,73.0,26.4,165.6,77.2,28.2
165.9,77.4,28.1,165.9,81.1,29.5
170.7,58.4,20.0,170.5,64.1,22.1
176.8,60.5,19.4,174.6,63.0,20.7
182.0,59.0,17.8,179.9,82.2,25.4
176.1,91.6,29.5,173.7,89.2,29.6
176.6,73.6,23.6,175.2,76.2,24.8
171.3,74.5,25.4,169.7,73.7,25.6
178.9,71.3,22.3,177.3,71.2,22.6
174.5,94.8,31.1,172.8,89.4,29.9
170.8,73.2,25.1,169.4,76.6,26.7
177.6,67.5,21.4,176.3,67.8,21.8
161.9,56.1,21.4,161.1,56.5,21.8
164.5,78.8,29.1,163.5,77.9,29.1
168.8,69.8,24.5,167.4,63.7,22.7
174.0,69.7,23.0,172.4,78.5,26.4
173.9,79.9,26.4,172.0,78.2,26.5
171.0,76.4,26.1,169.7,70.5,24.5
182.9,92.9,27.8,181.7,94.4,28.6
173.3,62.8,20.9,172.0,60.5,20.5
175.1,80.8,26.4,174.7,77.5,25.4
175.9,79.1,25.6,174.0,71.3,23.6
171.2,73.4,25.0,170.1,71.1,24.6
177.4,62.6,19.9,176.2,62.2,20.0
165.9,58.4,21.2,164.3,57.7,21.4
177.1,70.1,22.4,175.1,69.6,22.7
179.1,71.0,22.1,177.0,68.3,21.8
188.0,105.6,29.9,185.6,92.4,26.8
178.5,100.9,31.7,176.1,99.9,32.2
172.3,85.4,28.8,171.2,82.9,28.3
169.0,73.1,25.6,168.6,72.0,25.3
170.7,92.0,31.6,168.8,58.4,20.5
172.8,69.8,23.4,172.4,67.3,22.6
174.2,61.4,20.2,173.7,62.6,20.8
167.6,51.0,18.2,165.5,53.1,19.4
181.3,89.5,27.2,179.9,88.7,27.4
165.3,58.7,21.5,164.4,55.0,20.3
179.8,77.4,23.9,178.6,79.5,24.9
162.4,67.7,25.7,162.8,69.6,26.3
172.0,55.0,18.6,169.6,52.2,18.2
177.4,73.4,23.3,175.2,78.5,25.6
173.8,67.9,22.5,171.7,62.8,21.3
165.4,73.5,26.9,164.4,61.7,22.8
169.4,72.6,25.3,168.9,64.3,22.5
184.0,63.2,18.7,181.8,69.1,20.9
171.8,65.6,22.2,171.0,70.7,24.2
169.6,59.1,20.5,168.6,59.3,20.9
183.6,81.8,24.3,182.0,77.9,23.5
166.3,57.4,20.8,164.7,61.0,22.5
177.3,67.7,21.5,175.4,67.2,21.8
185.5,65.1,18.9,183.5,67.9,20.2
174.7,58.1,19.0,173.0,57.9,19.3
181.7,87.0,26.4,180.1,85.2,26.3
172.4,49.7,16.7,170.2,52.1,18.0
159.7,67.8,26.6,159.6,69.4,27.2
178.7,96.4,30.2,177.5,93.5,29.7
177.8,60.6,19.2,175.9,61.8,20.0
170.9,69.9,23.9,169.5,72.9,25.4
176.7,64.7,20.7,175.9,67.3,21.8
165.7,88.0,32.1,164.6,82.7,30.5
173.9,88.8,29.4,172.2,80.9,27.3
176.5,57.7,18.5,174.7,58.7,19.2
181.9,84.2,25.4,180.3,78.6,24.2
172.4,63.6,21.4,170.5,57.1,19.6
178.1,77.2,24.3,177.5,71.0,22.5
177.2,75.2,23.9,176.1,66.5,21.4
171.2,54.4,18.6,169.5,54.5,18.9
174.0,56.2,18.6,172.9,54.4,18.2
172.9,54.1,18.1,170.8,56.5,19.3
181.8,79.0,23.9,179.4,83.7,26.0
175.3,76.1,24.8,173.3,69.7,23.2
175.4,64.8,21.1,173.7,65.0,21.6
183.8,76.6,22.7,181.1,78.3,23.9
165.2,69.7,25.5,165.7,69.8,25.4
173.6,112.6,37.4,173.3,108.0,36.0
184.4,100.8,29.6,182.9,101.1,30.2
180.4,66.8,20.5,178.4,64.8,20.3
174.5,76.3,25.1,173.0,73.8,24.7
174.1,72.6,24.0,173.8,75.9,25.1
181.9,91.0,27.5,179.5,83.0,25.8
176.3,72.7,23.4,175.6,75.8,24.6
168.5,53.8,18.9,167.7,63.2,22.5
165.1,60.7,22.3,165.0,63.3,23.3
169.5,63.6,22.1,168.4,68.2,24.0
180.2,77.2,23.8,178.8,70.4,22.0
172.3,74.0,24.9,170.7,68.7,23.6
172.4,53.5,18.0,170.8,56.6,19.4
179.3,76.5,23.8,177.8,67.6,21.4
184.0,79.8,23.6,183.2,81.0,24.1
172.4,67.2,22.6,171.6,64.2,21.8
183.8,84.5,25.0,182.7,88.5,26.5
166.2,64.6,23.4,164.5,57.6,21.3
175.6,76.5,24.8,174.5,78.0,25.6
178.7,79.0,24.7,177.8,83.5,26.4
169.9,63.5,22.0,168.9,57.6,20.2
176.3,73.6,23.7,175.4,79.4,25.8
185.7,66.3,19.2,183.8,63.9,18.9
177.4,92.2,29.3,176.3,93.6,30.1
167.3,86.3,30.8,167.1,82.3,29.5
168.9,52.8,18.5,167.4,54.5,19.4
175.3,83.9,27.3,173.6,77.3,25.7
170.8,60.7,20.8,169.9,63.9,22.1
174.8,63.9,20.9,174.0,61.4,20.3
174.7,70.5,23.1,173.3,67.4,22.4
170.9,52.5,18.0,169.0,48.5,17.0
176.8,96.4,30.8,174.1,97.8,32.3
173.5,81.0,26.9,171.3,80.7,27.5
179.3,84.9,26.4,177.2,80.6,25.6
177.1,75.5,24.1,176.0,72.3,23.3
173.5,66.1,22.0,172.6,64.5,21.7
169.0,69.4,24.3,168.1,69.2,24.5
177.7,72.0,22.8,175.8,68.7,22.2
179.0,69.1,21.6,176.7,67.4,21.6
174.4,86.4,28.4,173.4,75.6,25.1
176.5,90.7,29.1,175.7,87.2,28.2
167.7,56.7,20.2,167.7,62.2,22.1
174.8,80.8,26.4,174.4,77.4,25.5
164.0,70.2,26.1,162.6,69.2,26.2
176.6,60.6,19.4,174.6,61.0,20.0
181.6,83.7,25.4,180.0,84.6,26.1
165.5,65.2,23.8,164.2,68.9,25.5
183.4,66.5,19.8,182.1,67.6,20.4
167.3,88.4,31.6,166.3,86.9,31.4
173.2,70.5,23.5,172.7,69.5,23.3
183.8,78.0,23.1,182.3,78.9,23.8
170.8,68.5,23.5,168.8,69.1,24.3
176.6,89.1,28.6,174.3,85.9,28.3
176.3,85.4,27.5,175.1,79.5,25.9
171.2,56.5,19.3,169.0,58.2,20.4
176.7,71.4,22.9,175.0,72.3,23.6
174.9,55.5,18.1,173.6,61.4,20.4
174.1,66.3,21.9,173.4,68.6,22.8
185.9,113.7,32.9,183.5,109.7,32.6
178.2,78.9,24.8,177.0,83.2,26.6
164.6,61.5,22.7,163.7,58.2,21.7
177.4,61.1,19.4,175.7,65.0,21.0
188.2,80.4,22.7,185.3,78.4,22.8
172.6,73.6,24.7,171.4,72.2,24.6
175.4,74.2,24.1,174.7,78.5,25.7
176.7,88.8,28.4,175.2,86.2,28.1
170.9,85.1,29.1,169.9,91.0,31.5
177.7,69.1,21.9,176.2,69.2,22.3
178.0,74.0,23.4,176.1,80.6,26.0
184.4,107.6,31.6,181.7,103.3,31.3
172.1,75.1,25.4,171.2,72.6,24.8
172.5,58.7,19.7,170.2,53.7,18.6
181.5,87.3,26.5,180.3,80.5,24.8
178.8,60.3,18.9,176.8,62.9,20.1
172.8,72.1,24.1,171.6,70.5,24.0
182.2,72.9,22.0,180.0,72.4,22.4
172.3,85.8,28.9,171.1,84.0,28.7
181.5,68.0,20.6,179.7,62.7,19.4
169.6,53.4,18.6,169.0,55.1,19.3
193.6,81.8,21.8,191.1,77.6,21.2
179.2,96.8,30.1,176.6,96.0,30.8
182.6,71.4,21.4,181.7,73.7,22.3
171.8,74.8,25.3,170.6,78.2,26.9
180.0,64.5,19.9,178.3,64.0,20.1
179.2,77.0,24.0,178.1,66.2,20.9
182.6,78.6,23.6,181.1,74.2,22.6
172.1,76.0,25.7,170.7,75.6,25.9
173.5,100.1,33.3,171.5,98.6,33.5
185.6,89.0,25.8,183.3,93.8,27.9
176.2,96.7,31.1,174.3,84.7,27.9
164.5,63.0,23.3,164.0,66.1,24.6
169.3,55.7,19.4,168.0,56.2,19.9
163.6,53.2,19.9,161.9,53.1,20.2
161.7,77.1,29.5,160.4,69.9,27.2
168.8,60.8,21.3,167.3,56.4,20.2
170.2,79.6,27.5,169.4,74.1,25.8
170.5,75.3,25.9,168.9,82.0,28.8
168.2,51.9,18.3,167.7,54.6,19.4
172.0,91.6,31.0,171.3,84.3,28.7
171.5,80.5,27.4,171.1,83.6,28.6
164.0,51.8,19.3,162.1,51.3,19.5
162.8,44.5,16.8,160.3,46.5,18.1
168.7,77.0,27.1,167.2,81.2,29.1
177.7,72.1,22.8,176.8,69.4,22.2
171.5,80.0,27.2,170.0,79.0,27.3
172.1,87.2,29.4,171.8,85.5,29.0
178.7,73.8,23.1,177.3,81.3,25.9
168.8,62.5,21.9,167.9,62.3,22.1
175.4,72.9,23.7,173.7,68.3,22.6
172.7,69.0,23.1,172.1,73.2,24.7
171.3,81.8,27.9,169.5,77.4,26.9
172.0,89.7,30.3,171.1,88.8,30.4
182.7,68.9,20.6,181.4,75.5,22.9
181.7,87.1,26.4,180.3,90.7,27.9
174.0,67.7,22.4,173.8,65.5,21.7
168.7,59.0,20.7,167.1,53.2,19.0
181.1,105.0,32.0,179.7,112.7,34.9
182.4,67.0,20.1,180.9,65.7,20.1
167.1,69.2,24.8,166.1,68.9,25.0
178.0,86.9,27.4,176.0,93.6,30.2
178.7,59.6,18.7,177.6,60.7,19.2
182.3,69.6,20.9,180.9,65.6,20.1
176.0,60.3,19.5,175.5,62.6,20.3
164.9,53.7,19.7,163.7,54.5,20.3
170.2,63.5,21.9,170.1,65.5,22.7
168.5,62.1,21.9,168.0,58.4,20.7
172.7,65.0,21.8,172.8,68.1,22.8
181.5,111.2,33.8,179.1,106.5,33.2
181.9,98.7,29.8,179.3,104.1,32.4
177.9,94.6,29.9,177.1,87.1,27.8
173.7,53.2,17.6,173.1,59.5,19.8
172.3,75.3,25.4,171.1,81.2,27.7
179.4,76.4,23.7,177.0,83.6,26.7
173.7,101.3,33.6,172.0,98.0,33.1
181.8,105.7,32.0,179.0,104.7,32.7
182.7,77.0,23.1,180.7,69.7,21.3
173.7,75.8,25.1,171.5,78.1,26.6
171.6,59.2,20.1,170.1,60.5,20.9
179.3,68.6,21.3,178.3,70.6,22.2
169.1,51.5,18.0,166.4,53.8,19.4
178.5,57.1,17.9,176.0,59.9,19.3
176.3,57.2,18.4,175.5,59.2,19.2
183.1,95.4,28.5,181.7,95.7,29.0
184.4,98.6,29.0,182.4,92.2,27.7
175.1,78.3,25.5,173.7,68.7,22.7
183.9,72.2,21.3,182.5,72.0,21.6
183.4,87.0,25.9,182.0,88.2,26.6
177.5,62.3,19.8,175.7,64.5,20.9
170.2,58.5,20.2,168.3,58.4,20.6
167.1,51.9,18.6,165.4,52.6,19.2
182.4,108.3,32.6,180.7,100.0,30.6
180.8,85.0,26.0,179.7,85.1,26.4
171.8,65.5,22.2,170.5,66.2,22.8
178.4,74.9,23.5,177.4,75.8,24.1
187.9,77.4,21.9,185.3,76.1,22.2
173.7,63.4,21.0,173.1,62.6,20.9
174.6,57.5,18.9,173.6,59.2,19.6
180.6,87.9,26.9,178.8,86.0,26.9
170.5,68.5,23.6,169.4,75.5,26.3
175.0,58.6,19.1,172.8,58.7,19.7
161.9,59.2,22.6,161.7,60.3,23.1
174.4,56.2,18.5,172.0,54.3,18.3
173.5,58.9,19.6,172.8,59.3,19.9
181.0,92.8,28.3,178.7,88.6,27.7
175.3,67.8,22.1,174.1,69.6,22.9
176.2,76.5,24.6,174.2,59.5,19.6
168.8,88.9,31.2,167.2,95.4,34.1
182.5,66.3,19.9,180.3,66.3,20.4
174.4,61.2,20.1,173.5,70.2,23.3
183.0,80.4,24.0,181.5,77.2,23.5
167.7,60.5,21.5,166.7,62.1,22.4
182.8,70.8,21.2,180.2,66.1,20.3
176.5,63.9,20.5,175.6,62.7,20.4
176.6,68.8,22.1,174.7,84.2,27.6
180.7,81.9,25.1,179.1,70.6,22.0
186.9,104.0,29.8,184.2,103.8,30.6
171.0,71.1,24.3,169.6,72.1,25.1
177.7,65.8,20.8,175.9,62.5,20.2
178.8,76.2,23.8,177.4,66.4,21.1
174.4,96.2,31.6,172.7,94.5,31.7
179.6,62.6,19.4,178.5,62.2,19.5
172.3,66.7,22.5,170.4,67.4,23.2
174.9,75.2,24.6,173.7,68.9,22.8
172.5,71.8,24.1,171.1,68.4,23.3
176.6,79.5,25.5,174.7,71.5,23.4
175.8,81.4,26.3,174.7,79.4,26.0
172.3,65.2,22.0,171.4,70.7,24.1
169.3,67.4,23.5,167.5,65.0,23.2
186.0,81.0,23.4,183.6,81.0,24.0
174.5,78.7,25.8,172.9,77.1,25.8
172.6,67.6,22.7,172.0,69.1,23.4
173.7,71.7,23.8,173.7,77.5,25.7
174.0,80.7,26.7,172.8,70.5,23.6
172.1,68.2,23.0,171.1,64.6,22.1
180.9,89.4,27.3,179.6,86.8,26.9
172.8,57.0,19.1,171.7,57.2,19.4
181.2,74.4,22.7,179.4,77.3,24.0
175.9,85.6,27.7,174.0,87.8,29.0
165.8,60.1,21.9,164.6,52.6,19.4
176.0,80.3,25.9,174.4,65.0,21.4
165.9,67.5,24.5,165.9,69.7,25.3
172.2,86.9,29.3,170.8,79.1,27.1
174.6,61.8,20.3,173.0,61.1,20.4
169.9,96.1,33.3,169.1,92.0,32.2
173.4,84.1,28.0,172.3,81.4,27.4
175.7,55.8,18.1,173.7,58.8,19.5
167.3,52.4,18.7,165.1,50.9,18.7
175.1,56.8,18.5,173.6,57.0,18.9
179.4,72.4,22.5,178.1,72.0,22.7
177.3,60.4,19.2,176.1,62.1,20.0
176.3,70.4,22.6,174.8,65.5,21.4
169.4,75.4,26.3,168.0,72.1,25.5
177.2,71.3,22.7,175.4,62.7,20.4
180.7,103.0,31.5,178.8,102.6,32.1
172.4,78.2,26.3,170.5,72.0,24.8
180.3,63.9,19.7,178.0,63.7,20.1
178.2,69.2,21.8,177.2,66.0,21.0
179.2,74.7,23.3,177.9,77.0,24.3
179.8,76.5,23.7,178.7,81.9,25.6
170.4,90.8,31.3,170.1,88.1,30.5
174.9,108.9,35.6,175.0,104.5,34.1
166.5,54.0,19.5,164.2,53.3,19.8
161.7,56.7,21.7,161.6,58.6,22.5
182.2,95.0,28.6,181.1,101.5,30.9
174.2,63.3,20.9,173.3,72.6,24.2
175.8,79.4,25.7,174.2,72.9,24.0
174.5,94.9,31.2,172.5,89.1,29.9
177.8,103.8,32.8,176.5,96.8,31.1
174.8,71.0,23.2,174.1,72.9,24.1
173.5,94.9,31.5,171.9,96.8,32.8
173.1,57.4,19.2,171.8,59.7,20.2
174.8,66.1,21.6,173.1,64.7,21.6
173.6,81.8,27.1,172.6,74.2,24.9
176.4,63.0,20.2,174.2,58.2,19.2
181.1,79.6,24.3,179.9,73.3,22.6
175.5,79.0,25.6,174.8,72.2,23.6
172.4,60.2,20.3,171.3,58.1,19.8
179.2,68.2,21.2,178.0,68.2,21.5
164.6,54.5,20.1,163.5,53.9,20.2
181.3,58.3,17.7,179.1,58.7,18.3
169.5,89.9,31.3,167.4,88.1,31.4
172.7,66.0,22.1,171.7,69.6,23.6
164.2,60.8,22.6,163.9,68.1,25.4
171.2,65.6,22.4,169.5,65.6,22.8
177.6,82.5,26.2,176.6,79.6,25.5
181.3,60.4,18.4,180.2,65.1,20.0
165.3,60.8,22.3,163.4,61.9,23.2
177.8,71.9,22.7,177.5,72.7,23.1
172.8,66.8,22.4,171.1,63.9,21.8
171.3,57.5,19.6,170.2,59.6,20.6
180.2,62.9,19.4,178.5,64.0,20.1
175.3,59.2,19.3,173.7,61.4,20.4
179.7,71.2,22.0,178.4,69.4,21.8
168.4,60.5,21.3,167.3,66.7,23.8
165.4,59.8,21.9,164.5,61.4,22.7
176.6,64.1,20.6,174.7,59.1,19.4
179.3,72.2,22.5,177.9,76.4,24.2
184.3,82.1,24.2,183.2,81.8,24.4
171.8,61.1,20.7,171.3,59.8,20.4
182.0,67.1,20.3,180.8,66.3,20.3
163.8,64.5,24.0,162.6,69.7,26.4
172.3,61.5,20.7,171.0,58.8,20.1
167.3,55.5,19.8,165.2,54.6,20.0
172.7,65.4,21.9,171.2,60.6,20.7
179.9,73.6,22.7,179.1,77.1,24.0
180.2,78.2,24.1,178.3,82.5,26.0
178.7,73.5,23.0,178.1,76.5,24.1
172.2,75.0,25.3,170.7,77.5,26.6
177.5,67.9,21.6,176.7,66.1,21.2
164.0,83.2,30.9,164.9,90.8,33.4
187.4,98.4,28.0,184.7,104.1,30.5
173.8,66.5,22.0,173.2,62.9,21.0
170.4,62.0,21.4,168.4,60.0,21.2
167.6,71.8,25.6,167.8,72.4,25.7
169.9,72.5,25.1,169.2,74.7,26.1
181.1,69.5,21.2,178.9,71.7,22.4
175.4,65.1,21.2,173.0,58.7,19.6
162.5,50.5,19.1,160.3,48.7,18.9
171.9,49.7,16.8,169.9,53.9,18.7
174.5,59.0,19.4,173.9,56.8,18.8
182.7,58.1,17.4,181.7,66.9,20.2
178.3,60.9,19.2,177.5,65.1,20.7
174.4,90.9,29.9,173.9,76.8,25.4
173.9,65.7,21.7,172.2,64.2,21.6
174.4,63.7,20.9,173.2,61.6,20.5
177.7,50.6,16.0,177.0,60.3,19.3
178.7,63.1,19.8,177.2,60.2,19.2
164.7,59.2,21.8,163.7,60.7,22.7
174.5,64.5,21.2,173.8,64.1,21.2
172.4,66.8,22.5,171.7,64.8,22.0
166.9,61.0,21.9,165.4,61.0,22.3
179.8,69.0,21.3,178.8,68.8,21.5
169.5,89.7,31.2,169.6,91.8,31.9
168.8,60.7,21.3,168.5,68.2,24.0
172.2,62.3,21.0,172.2,65.7,22.2
178.9,98.4,30.7,176.5,106.6,34.2
172.2,51.3,17.3,170.4,58.2,20.0
173.2,83.5,27.8,171.9,81.1,27.5
177.6,90.4,28.7,177.3,88.2,28.1
167.9,72.3,25.6,166.5,71.7,25.8
171.1,106.4,36.3,169.1,102.2,35.7
178.3,90.3,28.4,176.8,93.1,29.8
164.2,57.9,21.5,164.5,55.8,20.6
171.5,61.2,20.8,171.0,60.0,20.5
175.9,70.4,22.8,175.4,65.9,21.4
177.9,57.5,18.2,176.2,57.7,18.6
178.3,63.9,20.1,177.9,64.0,20.2
175.2,74.5,24.3,174.2,75.1,24.8
173.4,80.2,26.7,171.2,76.3,26.0
172.1,73.4,24.8,170.9,77.6,26.6
177.4,64.0,20.3,176.2,66.2,21.3
180.7,79.2,24.3,178.3,72.4,22.8
178.0,114.7,36.2,175.8,102.2,33.1
174.3,58.6,19.3,172.8,58.6,19.6
168.0,69.4,24.6,167.4,64.6,23.1
172.5,67.3,22.6,170.8,67.6,23.2
170.5,77.7,26.7,169.2,76.8,26.9
181.6,75.7,23.0,179.7,76.7,23.8
183.5,72.4,21.5,182.2,69.1,20.8
168.2,64.5,22.8,167.7,62.5,22.2
173.6,55.6,18.4,172.1,50.2,16.9
174.9,74.1,24.2,173.7,71.4,23.7
172.9,67.6,22.6,172.4,62.2,20.9
177.8,62.9,19.9,177.1,65.3,20.8
173.7,77.6,25.7,173.0,75.8,25.3
179.8,104.9,32.4,177.6,107.7,34.1
176.6,73.7,23.6,174.7,80.2,26.3
178.8,100.5,31.4,177.7,99.9,31.6
173.8,62.7,20.8,172.6,60.7,20.4
177.7,70.6,22.4,176.1,76.3,24.6
185.6,83.1,24.1,183.0,83.4,24.9
165.4,62.6,22.9,165.4,66.6,24.3
161.7,49.1,18.8,160.5,54.4,21.1
175.6,74.0,24.0,173.7,66.3,22.0
176.4,54.1,17.4,174.3,56.2,18.5
171.5,78.4,26.7,170.9,77.0,26.3
173.5,57.7,19.2,171.0,52.4,17.9
179.1,79.0,24.6,177.8,74.1,23.4
168.7,71.6,25.2,167.7,66.2,23.6
174.3,74.7,24.6,173.6,70.0,23.2
173.3,76.3,25.4,171.2,77.1,26.3
164.3,48.9,18.1,162.2,51.5,19.6
166.4,65.9,23.8,164.7,65.8,24.3
183.4,60.7,18.0,182.6,61.3,18.4
171.9,65.0,22.0,171.9,70.1,23.7
176.1,82.2,26.5,175.2,78.3,25.5
166.3,67.2,24.3,166.5,63.2,22.8
182.3,93.5,28.1,181.1,84.9,25.9
169.5,68.6,23.9,168.5,66.7,23.5
168.1,66.9,23.7,168.2,66.8,23.6
172.9,74.3,24.9,171.9,80.8,27.3
172.4,74.4,25.0,172.0,73.8,25.0
168.2,84.8,30.0,168.2,78.8,27.9
187.5,70.4,20.0,185.2,71.4,20.8
176.8,77.5,24.8,174.9,77.8,25.4
181.2,88.5,27.0,179.7,87.4,27.0
180.8,60.6,18.5,179.0,62.7,19.6
180.3,79.4,24.4,178.9,78.3,24.5
172.6,79.8,26.8,170.5,75.2,25.9
175.2,71.5,23.3,174.2,69.8,23.0
168.7,52.9,18.6,167.5,53.9,19.2
169.4,71.7,25.0,167.7,60.3,21.4
180.6,59.1,18.1,178.5,66.0,20.7
180.9,80.1,24.5,178.6,79.5,24.9
184.7,74.1,21.7,183.6,71.3,21.2
186.3,78.0,22.5,183.7,73.4,21.8
181.3,73.0,22.2,181.2,72.2,22.0
174.8,74.9,24.5,174.1,77.2,25.5
174.5,59.0,19.4,172.3,56.4,19.0
162.1,69.4,26.4,160.4,67.4,26.2
169.3,48.9,17.1,166.3,49.7,18.0
168.6,59.2,20.8,167.0,59.6,21.4
181.9,81.5,24.6,180.9,79.4,24.3
179.0,85.2,26.6,177.3,86.4,27.5
174.1,62.5,20.6,173.5,68.7,22.8
185.6,71.5,20.8,183.4,70.8,21.0
168.5,51.7,18.2,166.8,61.2,22.0
177.8,82.2,26.0,175.8,80.8,26.1
168.9,50.0,17.5,167.8,53.0,18.8
170.4,59.9,20.6,169.5,58.9,20.5
165.2,71.5,26.2,165.5,68.4,25.0
179.2,82.6,25.7,176.7,74.8,24.0
168.1,70.3,24.9,168.0,66.8,23.7
183.5,69.2,20.6,181.5,70.0,21.2
172.6,54.0,18.1,171.1,54.6,18.6
185.0,66.2,19.3,182.4,61.9,18.6
173.1,68.5,22.9,171.7,71.8,24.4
189.5,74.1,20.6,188.6,66.9,18.8
170.7,54.8,18.8,168.0,53.6,19.0
179.5,91.3,28.3,179.0,90.6,28.3
174.1,67.4,22.2,172.5,68.8,23.1
180.1,78.5,24.2,178.7,80.2,25.1
171.8,92.2,31.2,170.0,98.8,34.2
183.5,77.6,23.0,181.2,82.7,25.2
177.2,65.1,20.7,176.7,67.5,21.6
180.0,69.8,21.5,177.6,75.8,24.0
180.4,69.0,21.2,179.3,67.1,20.9
167.9,63.0,22.3,166.8,63.5,22.8
175.4,65.8,21.4,173.6,64.9,21.5
177.9,84.0,26.5,175.9,84.9,27.4
163.5,56.2,21.0,161.6,50.8,19.4
169.1,64.2,22.5,167.4,54.4,19.4
169.8,70.1,24.3,168.0,73.2,25.9
164.1,58.3,21.6,162.8,60.2,22.7
173.5,64.8,21.5,172.5,63.9,21.5
177.0,91.9,29.3,175.7,97.3,31.5
173.9,63.6,21.0,173.0,64.0,21.4
188.8,79.1,22.2,185.8,75.9,22.0
171.0,66.7,22.8,169.5,60.4,21.0
165.6,63.6,23.2,165.0,61.4,22.5
166.4,58.9,21.3,165.2,58.3,21.3
171.5,66.0,22.4,170.1,66.7,23.1
168.2,46.0,16.3,166.9,47.6,17.1
174.4,58.4,19.2,173.2,60.7,20.2
169.7,54.8,19.0,169.3,56.6,19.7
174.9,60.7,19.8,173.5,61.8,20.5
174.3,57.1,18.8,171.6,52.2,17.7
171.5,57.8,19.7,170.1,54.6,18.9
167.6,58.0,20.6,165.6,55.7,20.3
171.1,51.1,17.5,168.3,49.3,17.4
179.6,101.9,31.6,177.5,94.6,30.0
169.5,84.8,29.5,167.7,85.3,30.3
164.6,53.9,19.9,163.1,57.8,21.7
179.4,64.2,19.9,178.2,65.0,20.5
177.3,63.1,20.1,175.0,62.2,20.3
177.4,78.1,24.8,176.0,72.9,23.6
179.0,86.8,27.1,178.2,87.7,27.6
166.1,61.9,22.4,166.0,65.6,23.8
177.6,73.7,23.4,176.3,84.4,27.2
183.1,68.4,20.4,180.9,74.9,22.9
173.7,82.1,27.2,171.4,81.5,27.7
173.5,77.6,25.8,172.1,78.7,26.6
174.4,83.3,27.4,172.6,85.2,28.6
168.4,64.9,22.9,167.8,63.5,22.5
182.0,71.0,21.4,180.6,73.9,22.7
164.9,85.9,31.6,165.1,88.2,32.4
174.9,59.4,19.4,172.7,56.5,18.9
187.3,86.8,24.7,184.9,78.7,23.0
173.8,63.7,21.1,172.1,65.0,21.9
181.9,98.0,29.6,180.3,91.2,28.1
174.0,69.8,23.1,172.4,66.1,22.2
178.5,61.2,19.2,176.1,59.1,19.1
176.2,85.7,27.6,174.3,85.1,28.0
174.7,56.6,18.5,172.9,60.7,20.3
173.9,78.2,25.9,172.4,69.0,23.2
179.8,79.4,24.6,177.8,74.5,23.6
167.2,68.7,24.6,165.7,67.1,24.4
179.0,69.6,21.7,177.4,69.9,22.2
181.1,74.9,22.8,179.5,84.8,26.3
175.2,102.6,33.4,173.3,93.2,31.0
175.8,74.9,24.2,174.0,78.7,26.0
172.8,70.8,23.7,171.0,72.6,24.8
176.1,61.9,20.0,173.8,57.5,19.0
169.7,77.3,26.8,169.0,75.4,26.4
173.3,58.9,19.6,171.2,57.7,19.7
165.2,57.6,21.1,163.9,54.4,20.3
176.0,67.8,21.9,173.9,66.9,22.1
180.5,71.5,21.9,178.3,77.8,24.5
182.9,105.3,31.5,181.5,103.0,31.3
180.2,85.2,26.2,177.9,82.8,26.2
169.4,62.9,21.9,168.3,60.4,21.3
172.6,99.3,33.3,171.7,98.8,33.5
174.9,88.0,28.8,174.1,90.2,29.8
172.0,68.3,23.1,171.7,69.6,23.6
175.9,73.0,23.6,174.9,78.4,25.6
175.5,55.6,18.1,174.3,54.3,17.9
180.0,88.6,27.3,178.9,90.6,28.3
176.9,92.7,29.6,175.5,92.6,30.0
167.4,63.4,22.6,167.2,63.5,22.7
173.4,73.5,24.4,171.6,71.0,24.1
181.5,67.5,20.5,179.4,72.2,22.4
172.6,80.7,27.1,171.1,82.4,28.1
177.2,74.9,23.9,175.3,73.6,24.0
171.8,69.7,23.6,170.5,73.0,25.1
184.3,74.9,22.1,182.4,72.3,21.7
171.5,74.0,25.2,169.4,75.2,26.2
178.7,107.2,33.6,176.9,103.6,33.1
171.0,56.8,19.4,170.3,57.2,19.7
179.1,86.2,26.9,178.2,83.2,26.2
190.1,97.0,26.8,187.9,96.5,27.3
165.4,57.0,20.8,164.6,59.3,21.9
177.8,85.7,27.1,176.8,84.0,26.9
181.9,81.5,24.6,180.6,72.9,22.4
166.1,46.7,16.9,164.6,56.0,20.6
171.4,78.2,26.6,169.9,80.8,28.0
183.9,93.6,27.7,181.2,87.5,26.6
171.2,78.5,26.8,170.4,82.7,28.5
173.0,67.0,22.4,171.9,58.9,19.9
174.5,80.9,26.6,172.7,84.1,28.2
180.7,71.4,21.9,179.1,80.7,25.2
181.1,66.9,20.4,180.6,70.1,21.5
172.0,77.7,26.3,169.8,77.5,26.9
173.0,70.5,23.6,171.2,87.1,29.7
169.5,78.2,27.2,169.1,68.0,23.8
167.2,58.6,21.0,166.0,62.4,22.7
173.4,66.7,22.2,172.4,64.9,21.8
175.8,90.3,29.2,174.9,89.4,29.2
184.7,69.4,20.3,183.8,68.5,20.3
178.5,68.4,21.5,177.3,70.8,22.5
175.7,61.3,19.9,174.6,63.7,20.9
186.4,84.8,24.4,184.2,83.1,24.5
182.7,75.2,22.5,181.0,65.7,20.1
171.1,53.7,18.3,170.1,60.0,20.7
172.0,57.7,19.5,170.6,57.1,19.6
171.7,64.0,21.7,170.0,64.3,22.3
170.0,57.4,19.9,168.3,53.8,19.0
177.8,81.0,25.6,176.8,81.8,26.2
166.1,57.9,21.0,164.0,56.1,20.9
160.1,63.7,24.9,159.6,65.8,25.8
170.3,88.5,30.5,169.9,83.4,28.9
170.1,64.8,22.4,169.1,63.4,22.2
167.8,80.8,28.7,166.6,79.5,28.7
172.1,58.4,19.7,171.2,59.7,20.3
170.5,64.7,22.3,168.9,59.2,20.7
174.1,64.7,21.3,172.6,66.6,22.4
171.6,53.7,18.2,170.6,56.8,19.5
179.8,81.9,25.3,177.6,79.1,25.1
174.3,62.8,20.7,173.2,62.4,20.8
177.7,84.9,26.9,176.7,80.4,25.7
166.5,70.4,25.4,166.1,75.5,27.4
173.0,71.0,23.7,171.8,73.6,24.9
171.8,77.7,26.3,170.2,79.4,27.4
176.4,59.1,19.0,174.0,58.2,19.2
180.4,75.9,23.3,178.4,76.0,23.9
177.8,79.5,25.1,175.7,77.7,25.2
170.2,71.6,24.7,168.5,68.8,24.2
175.4,63.9,20.8,174.6,65.9,21.6
170.3,55.0,19.0,168.3,55.7,19.7
170.8,80.6,27.6,170.1,84.0,29.0
180.2,57.2,17.6,179.1,61.7,19.2
176.4,55.4,17.8,174.7,58.7,19.2
172.7,74.8,25.1,171.2,72.3,24.7
166.0,63.0,22.9,166.2,62.4,22.6
184.5,61.7,18.1,182.1,56.5,17.0
173.7,75.2,24.9,172.2,75.5,25.5
170.6,76.0,26.1,169.5,76.0,26.4
180.0,86.0,26.5,178.8,78.0,24.4
169.5,67.6,23.5,169.4,72.7,25.3
174.6,61.7,20.2,173.3,60.3,20.1
180.0,83.1,25.6,179.3,81.7,25.4
166.3,67.7,24.5,165.7,63.9,23.3
170.0,62.9,21.8,169.1,63.0,22.1
183.4,74.7,22.2,182.3,71.6,21.6
175.0,63.4,20.7,172.8,60.1,20.1
185.4,97.6,28.4,183.2,98.9,29.5
179.9,83.6,25.8,178.6,82.8,26.0
165.6,88.6,32.3,165.9,87.0,31.6
163.8,45.8,17.1,162.6,46.3,17.5
177.7,68.4,21.7,177.0,61.8,19.7
179.3,94.3,29.3,177.4,92.2,29.3
179.6,66.0,20.5,178.5,62.5,19.6
172.6,93.0,31.2,171.2,100.1,34.2
174.0,78.1,25.8,173.3,84.0,28.0
177.1,67.1,21.4,175.4,60.6,19.7
168.4,74.1,26.1,166.6,68.3,24.6
175.4,74.5,24.2,174.8,77.0,25.2
182.8,72.1,21.6,180.5,74.7,22.9
176.2,69.5,22.4,173.7,70.2,23.2
167.0,55.6,19.9,165.8,55.5,20.2
174.9,80.2,26.2,173.3,77.9,25.9
181.4,68.8,20.9,179.4,81.8,25.4
187.8,75.9,21.5,185.6,74.7,21.7
164.2,62.4,23.1,164.1,61.2,22.7
174.8,62.8,20.6,174.0,63.3,20.9
170.6,103.0,35.4,169.0,100.0,35.0
182.9,65.5,19.6,180.7,68.2,20.9
171.7,63.4,21.5,169.6,63.6,22.1
174.9,83.3,27.2,174.4,90.6,29.8
175.4,76.7,24.9,174.9,78.6,25.7
175.7,59.6,19.3,175.5,58.0,18.8
187.3,87.4,24.9,186.2,88.9,25.6
179.7,62.4,19.3,178.4,58.2,18.3
175.3,75.5,24.6,173.8,81.9,27.1
192.0,101.5,27.5,189.6,93.0,25.9
178.4,73.6,23.1,177.9,71.5,22.6
163.5,85.0,31.8,163.7,83.2,31.1
177.0,70.7,22.6,176.5,69.1,22.2
169.5,74.8,26.0,168.5,76.0,26.7
173.1,64.6,21.6,172.3,59.3,20.0
174.7,70.8,23.2,173.9,64.9,21.5
170.7,68.0,23.3,168.7,68.9,24.2
172.0,70.8,23.9,171.0,73.3,25.0
172.6,71.1,23.9,171.4,71.1,24.2
174.8,75.4,24.7,174.0,76.9,25.4
176.9,105.1,33.6,176.2,102.1,32.9
175.8,57.2,18.5,173.9,55.4,18.3
178.5,73.4,23.0,176.3,74.7,24.0
169.1,72.7,25.4,169.1,77.2,27.0
180.0,58.0,17.9,178.2,55.2,17.4
170.0,60.4,20.9,167.6,61.5,21.9
180.9,80.1,24.5,178.6,79.5,24.9
173.9,67.2,22.2,172.7,66.9,22.4
174.8,67.8,22.2,173.3,67.2,22.4
174.6,89.0,29.2,173.5,81.0,26.9
176.7,54.7,17.5,174.8,54.3,17.8
178.4,74.0,23.3,176.9,75.9,24.3
183.9,96.0,28.4,181.6,89.9,27.3
166.2,57.3,20.7,165.9,66.5,24.2
179.4,74.9,23.3,178.4,71.2,22.4
171.7,63.3,21.5,170.9,73.2,25.1
173.8,73.6,24.4,173.1,74.2,24.8
177.0,62.9,20.1,175.9,66.7,21.6
177.6,60.2,19.1,174.9,55.1,18.0
172.1,62.6,21.1,170.8,60.6,20.8
174.4,78.6,25.8,172.8,77.2,25.9
161.2,57.3,22.1,159.8,52.2,20.5
174.7,70.5,23.1,173.9,65.3,21.6
182.5,65.6,19.7,181.0,65.4,20.0
170.3,81.3,28.0,169.9,83.6,29.0
170.0,73.8,25.5,168.9,77.5,27.2
165.8,49.5,18.0,164.3,51.7,19.1
174.9,68.3,22.3,174.5,74.9,24.6
178.6,75.7,23.7,177.0,78.2,25.0
177.6,76.4,24.2,175.8,72.6,23.5
179.7,76.8,23.8,177.1,80.2,25.6
177.1,73.7,23.5,175.4,70.0,22.8
169.3,67.7,23.6,168.1,65.7,23.3
172.5,52.8,17.7,170.5,53.2,18.3
174.8,70.4,23.0,173.1,69.2,23.1
174.8,66.8,21.9,173.0,63.7,21.3
171.7,89.6,30.4,171.5,93.0,31.6
180.1,98.5,30.4,177.6,98.5,31.2
174.1,62.4,20.6,172.2,59.6,20.1
170.7,82.1,28.2,170.6,72.0,24.8
171.0,69.1,23.6,171.8,67.9,23.0
181.1,98.6,30.1,179.1,103.3,32.2
162.1,49.6,18.9,161.4,52.1,20.0
171.4,65.3,22.2,169.4,69.2,24.1
178.4,62.2,19.5,177.2,57.6,18.4
173.3,73.4,24.4,172.6,80.5,27.0
172.0,67.2,22.7,171.6,66.3,22.5
179.2,69.9,21.8,177.4,66.9,21.3
171.4,61.9,21.1,170.8,65.4,22.4
161.0,72.6,28.0,162.1,80.8,30.8
176.1,81.9,26.4,175.4,85.1,27.6
172.9,66.1,22.1,172.1,63.6,21.5
173.3,66.2,22.0,172.3,61.2,20.6
175.6,75.6,24.5,173.6,80.0,26.5
172.8,87.5,29.3,172.3,93.5,31.5
171.4,94.7,32.2,171.8,98.2,33.3
177.0,65.2,20.8,175.6,64.3,20.9
180.3,73.2,22.5,178.7,71.1,22.2
188.2,96.2,27.2,186.3,90.4,26.0
176.8,67.9,21.7,175.8,70.9,23.0
165.2,59.2,21.7,163.3,52.3,19.6
160.9,63.9,24.7,161.1,60.2,23.2
175.5,71.1,23.1,173.9,72.1,23.8
172.6,68.5,23.0,171.4,64.5,21.9
175.3,92.7,30.2,173.9,87.1,28.8
184.2,88.6,26.1,182.1,101.9,30.7
165.9,54.6,19.8,164.8,49.3,18.2
169.1,58.7,20.5,166.8,70.0,25.2
176.1,50.0,16.1,173.5,50.8,16.9
176.2,65.6,21.1,175.1,70.0,22.8
175.7,71.4,23.1,173.9,76.4,25.3
165.2,52.6,19.3,163.4,50.2,18.8
174.1,67.8,22.4,172.3,65.6,22.1
165.4,65.8,24.1,164.2,68.8,25.5
176.4,74.9,24.1,174.0,78.0,25.8
170.4,49.7,17.1,167.8,51.4,18.2
169.5,75.6,26.3,168.9,81.4,28.6
170.1,55.5,19.2,169.1,59.9,20.9
177.8,87.9,27.8,176.6,83.8,26.9
175.1,66.1,21.6,172.7,61.7,20.7
177.9,55.9,17.7,175.4,54.6,17.8
175.6,75.3,24.4,173.9,75.7,25.0
174.3,82.2,27.1,172.1,92.2,31.1
180.0,100.1,30.9,177.7,95.9,30.4
177.2,73.4,23.4,175.1,68.3,22.3
168.4,55.3,19.5,167.5,55.6,19.8
181.9,88.0,26.6,180.0,87.6,27.0
173.9,80.2,26.5,172.2,72.9,24.6
172.9,72.3,24.2,171.5,67.0,22.8
169.3,63.6,22.2,168.3,61.8,21.8
176.1,75.1,24.2,174.4,76.8,25.3
184.0,62.6,18.5,182.9,82.6,24.7
173.6,69.7,23.1,173.3,69.9,23.3
170.1,62.3,21.5,168.9,65.4,22.9
174.4,66.1,21.7,172.8,67.8,22.7
165.8,58.6,21.3,165.0,56.4,20.7
180.2,81.4,25.1,178.6,85.0,26.6
171.7,50.8,17.2,170.2,55.2,19.0
172.7,60.3,20.2,172.3,60.5,20.4
174.9,74.9,24.5,173.3,76.0,25.3
167.0,62.0,22.2,165.7,55.5,20.2
183.1,96.5,28.8,181.4,89.5,27.2
167.3,61.9,22.1,166.8,66.6,24.0
167.3,59.6,21.3,165.9,59.7,21.7
184.3,95.0,28.0,183.2,96.7,28.8
176.3,73.8,23.7,174.1,77.0,25.4
177.2,75.6,24.1,176.7,66.4,21.3
162.7,58.2,22.0,162.6,56.6,21.4
179.2,67.2,20.9,177.1,66.7,21.2
174.5,76.0,25.0,173.4,76.0,25.3
185.7,67.0,19.4,183.9,74.7,22.1
171.2,56.7,19.3,169.4,55.4,19.3
182.8,67.9,20.3,180.8,67.7,20.7
173.7,69.7,23.1,172.8,68.4,22.9
166.6,64.3,23.2,166.8,67.3,24.2
174.7,90.5,29.7,172.6,92.4,31.0
175.9,87.1,28.2,175.4,83.1,27.0
174.1,75.1,24.8,173.1,74.5,24.9
178.6,89.0,27.9,177.2,91.1,29.0
172.1,55.4,18.7,169.5,55.3,19.3
179.7,74.3,23.0,178.0,75.1,23.7
165.7,48.7,17.7,165.0,53.9,19.8
175.4,65.8,21.4,174.7,62.2,20.4
174.7,78.6,25.8,172.9,63.9,21.4
179.6,89.9,27.9,178.0,86.1,27.2
175.0,69.8,22.8,173.5,70.5,23.4
174.8,67.4,22.1,174.1,71.4,23.6
172.6,60.9,20.4,171.5,53.6,18.2
183.0,81.6,24.4,182.2,82.3,24.8
177.9,76.2,24.1,176.8,82.2,26.3
173.3,79.4,26.4,171.2,76.6,26.2
174.1,55.7,18.4,171.7,56.4,19.1
171.1,64.5,22.0,169.2,67.4,23.5
175.8,83.1,26.9,174.0,78.9,26.0
174.3,80.2,26.4,173.5,73.6,24.5
173.4,73.5,24.4,171.9,72.1,24.4
181.4,77.1,23.4,178.8,77.1,24.1
173.1,67.4,22.5,172.1,55.0,18.6
176.4,83.2,26.7,174.7,78.8,25.8
180.7,66.5,20.4,178.7,65.8,20.6
163.1,44.1,16.6,160.6,48.3,18.7
182.0,91.1,27.5,181.0,92.9,28.4
176.4,71.7,23.0,175.7,72.9,23.6
177.5,77.9,24.7,175.7,78.7,25.5
175.5,74.2,24.1,174.0,72.9,24.1
182.9,94.9,28.4,181.4,95.4,29.0
185.0,74.4,21.7,182.9,78.4,23.4
178.8,73.3,22.9,177.2,71.2,22.7
170.6,48.2,16.6,168.5,50.9,17.9
179.9,88.6,27.4,177.6,87.2,27.6
177.9,78.2,24.7,177.1,83.4,26.6
171.1,67.3,23.0,170.3,65.6,22.6
167.3,56.9,20.3,166.5,55.9,20.2
166.8,55.5,19.9,165.1,56.4,20.7
174.2,52.6,17.3,172.3,55.5,18.7
159.6,49.9,19.6,158.9,50.0,19.8
172.3,86.6,29.2,171.2,92.9,31.7
179.9,59.4,18.4,179.0,59.5,18.6
174.0,99.4,32.8,171.9,92.8,31.4
170.4,64.6,22.2,168.7,69.2,24.3
175.2,71.4,23.3,173.4,74.6,24.8
172.8,77.7,26.0,171.7,79.5,27.0
170.4,56.1,19.3,169.3,51.6,18.0
178.4,54.0,17.0,176.4,58.0,18.6
190.4,64.7,17.8,187.7,64.7,18.4
176.4,84.1,27.0,175.9,86.2,27.9
176.3,69.6,22.4,174.0,64.9,21.4
179.7,69.3,21.5,177.7,73.3,23.2
170.8,64.9,22.2,169.9,64.4,22.3
175.2,64.7,21.1,173.3,69.7,23.2
178.7,64.9,20.3,176.7,66.2,21.2
172.1,107.6,36.3,172.5,111.9,37.6
175.1,53.6,17.5,173.0,58.0,19.4
183.3,96.8,28.8,182.0,100.1,30.2
181.5,82.5,25.0,180.0,84.1,26.0
170.6,67.8,23.3,170.5,72.7,25.0
175.5,57.9,18.8,173.0,60.5,20.2
178.0,81.2,25.6,175.9,85.0,27.5
186.6,69.9,20.1,184.3,71.5,21.0
168.1,95.1,33.7,167.2,91.0,32.6
173.0,73.5,24.6,172.9,69.7,23.3
171.1,56.4,19.3,169.8,58.1,20.1
173.4,62.1,20.7,172.9,61.5,20.5
166.7,55.0,19.8,164.9,52.4,19.3
174.1,59.6,19.7,173.3,57.4,19.1
172.1,78.1,26.4,170.1,76.8,26.5
165.9,51.9,18.9,165.1,50.9,18.7
180.4,65.3,20.1,178.8,66.0,20.6
163.3,50.0,18.7,160.7,48.1,18.6
176.3,65.8,21.2,174.9,61.8,20.2
172.6,73.5,24.7,171.1,68.0,23.2
169.3,75.5,26.3,168.8,76.1,26.7
167.3,59.1,21.1,166.2,60.1,21.7
175.1,86.6,28.2,173.8,83.8,27.7
179.2,88.4,27.5,178.0,89.6,28.3
177.9,66.2,20.9,177.3,61.5,19.6
169.0,97.0,34.0,167.5,96.1,34.3
176.0,78.9,25.5,174.1,69.7,23.0
168.5,84.5,29.8,167.4,90.0,32.1
174.5,68.2,22.4,172.9,67.6,22.6
168.9,62.9,22.0,167.6,59.8,21.3
187.6,89.6,25.5,184.8,85.7,25.1
172.3,68.5,23.1,170.3,61.2,21.1
159.8,55.5,21.7,159.2,54.4,21.5
178.6,63.7,20.0,176.7,68.3,21.9
182.9,73.6,22.0,181.4,70.6,21.5
175.0,64.7,21.1,173.1,61.6,20.6
173.7,76.0,25.2,173.4,67.1,22.3
169.5,88.2,30.7,168.7,90.4,31.8
166.5,73.9,26.7,166.3,75.9,27.4
182.0,80.9,24.4,179.4,79.1,24.6
187.3,107.2,30.6,185.2,101.8,29.7
171.7,66.2,22.5,170.8,68.5,23.5
163.8,50.0,18.6,162.0,51.8,19.7
175.4,54.3,17.6,173.3,51.6,17.2
173.2,86.3,28.8,171.7,82.9,28.1
162.5,73.5,27.8,162.8,72.3,27.3
174.0,69.6,23.0,173.4,69.3,23.0
171.0,72.0,24.6,169.5,74.2,25.8
171.9,77.8,26.3,171.2,78.6,26.8
178.1,63.7,20.1,176.1,64.3,20.7
173.1,60.5,20.2,172.1,57.9,19.5
171.3,68.5,23.3,169.5,67.5,23.5
181.6,108.1,32.8,178.7,105.9,33.1
177.6,79.3,25.1,175.7,75.3,24.4
173.2,52.8,17.6,172.5,53.3,17.9
169.5,68.4,23.8,168.7,71.1,25.0
176.9,72.4,23.1,176.2,72.6,23.4
181.2,85.9,26.2,179.3,79.3,24.7
179.5,69.4,21.5,178.0,64.1,20.2
173.6,93.7,31.1,172.6,94.3,31.6
166.4,69.3,25.0,166.5,73.0,26.3
178.2,72.4,22.8,176.4,73.9,23.7
169.5,78.8,27.4,168.4,78.0,27.5
170.3,63.1,21.8,168.8,60.8,21.4
175.1,70.8,23.1,173.8,68.4,22.6
174.0,94.8,31.3,172.1,99.2,33.5
184.1,78.5,23.2,181.7,70.6,21.4
175.7,72.3,23.4,174.1,71.2,23.5
176.9,64.7,20.7,175.1,64.5,21.0
181.8,104.5,31.6,179.2,106.9,33.3
167.4,77.2,27.5,167.3,79.4,28.4
179.0,83.1,25.9,177.2,79.5,25.3
179.3,66.4,20.7,177.9,63.4,20.0
171.1,57.1,19.5,169.6,59.4,20.7
161.9,56.6,21.6,160.5,57.5,22.3
171.4,57.2,19.5,169.9,53.9,18.7
177.9,98.4,31.1,176.7,96.2,30.8
184.1,73.0,21.5,182.7,76.1,22.8
173.4,90.7,30.2,171.6,93.5,31.8
180.7,83.3,25.5,179.6,85.3,26.4
185.2,82.0,23.9,183.5,81.4,24.2
185.7,86.8,25.2,184.5,82.9,24.3
168.2,72.6,25.7,166.7,78.4,28.2
171.5,77.5,26.3,169.5,74.4,25.9
182.3,84.3,25.4,180.5,78.4,24.1
165.7,58.5,21.3,165.3,56.2,20.5
173.2,71.2,23.7,171.2,74.9,25.6
173.3,78.6,26.2,171.2,80.8,27.6
180.9,94.4,28.8,177.1,94.7,30.2
170.9,84.2,28.8,170.0,91.9,31.8
173.3,65.1,21.7,172.2,67.1,22.6
176.7,87.9,28.2,175.7,86.3,27.9
167.6,85.7,30.5,167.0,82.4,29.5
168.4,60.8,21.4,166.9,60.6,21.8
171.5,82.4,28.0,170.6,72.7,25.0
173.3,57.7,19.2,170.9,59.9,20.5
177.5,56.9,18.1,175.9,62.7,20.3
172.4,81.0,27.3,171.6,67.4,22.9
173.7,80.2,26.6,173.1,81.1,27.1
174.1,65.6,21.6,172.9,71.8,24.0
179.2,85.4,26.6,178.2,83.6,26.3
175.9,59.6,19.3,174.0,61.5,20.3
183.4,73.2,21.8,181.0,70.3,21.4
175.7,73.3,23.7,174.9,70.6,23.1
174.4,52.7,17.3,172.7,54.3,18.2
184.1,99.4,29.3,182.2,96.2,29.0
179.6,54.9,17.0,178.6,54.5,17.1
178.4,85.4,26.8,176.5,94.2,30.2
175.8,83.9,27.1,174.7,80.9,26.5
171.9,63.1,21.4,170.9,61.3,21.0
170.7,72.0,24.7,169.0,73.3,25.7
173.5,99.6,33.1,172.1,106.2,35.8
174.0,55.3,18.3,172.2,60.4,20.4
179.5,61.0,18.9,177.8,66.9,21.2
177.5,109.2,34.7,176.3,109.7,35.3
178.0,82.0,25.9,176.8,82.5,26.4
161.9,74.6,28.5,161.1,74.4,28.7
164.0,68.7,25.5,163.0,58.1,21.9
170.4,81.1,27.9,168.3,97.6,34.5
173.6,66.1,21.9,172.7,67.9,22.7
167.0,71.5,25.6,167.2,72.5,25.9
176.0,77.2,24.9,174.4,68.1,22.4
179.7,85.1,26.4,178.0,85.2,26.9
173.9,66.0,21.8,173.1,59.8,20.0
175.0,68.9,22.5,173.2,71.4,23.8
175.0,61.7,20.1,174.3,59.4,19.6
167.6,84.6,30.1,166.0,89.0,32.3
174.6,69.4,22.8,173.5,74.0,24.6
178.1,58.5,18.4,176.0,61.0,19.7
169.3,60.6,21.1,168.4,60.7,21.4
171.2,69.7,23.8,169.0,65.5,22.9
182.5,73.3,22.0,180.2,71.4,22.0
169.0,66.9,23.4,167.8,57.2,20.3
181.7,108.8,33.0,180.6,99.5,30.5
166.5,52.0,18.8,164.8,52.5,19.4
175.1,90.2,29.4,174.8,87.7,28.7
175.3,55.7,18.1,174.7,58.6,19.2
179.9,80.5,24.9,178.6,86.6,27.1
172.2,69.0,23.3,171.3,68.3,23.3
168.9,74.5,26.1,167.9,63.4,22.5
173.0,72.3,24.2,171.7,63.2,21.4
181.3,94.7,28.8,180.1,99.1,30.6
168.9,57.2,20.1,167.2,55.6,19.9
178.1,66.8,21.1,176.3,72.3,23.3
178.8,64.9,20.3,177.5,65.9,20.9
184.0,64.0,18.9,181.6,67.6,20.5
163.9,84.4,31.4,164.3,86.2,31.9
182.4,55.9,16.8,181.3,65.1,19.8
172.1,63.3,21.4,170.4,62.1,21.4
176.5,81.0,26.0,176.0,83.5,27.0
180.1,85.2,26.3,178.6,81.1,25.4
169.6,59.8,20.8,167.9,60.3,21.4
171.3,72.1,24.6,169.8,73.3,25.4
169.3,56.9,19.9,168.6,60.6,21.3
174.4,74.0,24.3,173.6,73.2,24.3
173.5,50.8,16.9,171.9,51.7,17.5
176.9,109.0,34.8,174.9,103.7,33.9
182.8,106.0,31.7,180.2,105.9,32.6
168.6,54.7,19.2,167.0,57.9,20.8
170.8,65.8,22.6,170.0,67.9,23.5
181.8,101.6,30.7,179.6,104.3,32.3
175.4,95.3,31.0,174.2,99.6,32.8
171.4,63.4,21.6,169.2,60.2,21.0
181.4,96.2,29.2,177.9,87.9,27.8
172.8,56.1,18.8,170.8,59.5,20.4
174.9,67.6,22.1,173.1,61.9,20.7
181.6,62.1,18.8,180.4,61.6,18.9
177.6,78.0,24.7,175.7,73.5,23.8
169.3,44.6,15.6,167.8,51.9,18.4
169.7,61.5,21.4,168.0,62.0,22.0
180.4,72.1,22.2,179.7,75.1,23.3
176.9,53.9,17.2,175.9,56.3,18.2
169.6,52.7,18.3,166.8,51.9,18.7
169.1,70.1,24.5,169.1,75.5,26.4
170.5,75.4,25.9,170.0,74.7,25.9
173.8,57.3,19.0,171.7,64.7,22.0
187.0,110.7,31.7,184.1,116.4,34.4
178.9,92.7,29.0,177.4,92.5,29.4
175.0,64.4,21.0,174.3,65.6,21.6
172.5,55.8,18.8,170.6,54.3,18.7
179.9,74.5,23.0,177.6,76.8,24.3
178.7,67.1,21.0,178.0,65.1,20.6
173.5,73.1,24.3,173.0,67.3,22.5
169.2,63.4,22.1,168.2,61.1,21.6
170.5,87.2,30.0,169.8,84.2,29.2
170.2,88.3,30.5,170.3,88.6,30.6
166.2,66.6,24.1,164.9,63.0,23.2
176.1,86.5,27.9,175.0,76.8,25.1
164.9,56.2,20.7,163.5,54.5,20.4
172.9,61.0,20.4,172.0,59.3,20.0
168.4,83.5,29.4,167.5,75.5,26.9
173.7,51.8,17.2,171.1,53.6,18.3
176.8,80.7,25.8,176.1,83.9,27.0
174.9,81.7,26.7,172.6,75.3,25.3
178.2,93.8,29.5,175.6,95.8,31.1
179.0,66.6,20.8,178.0,66.3,20.9
164.1,58.3,21.6,162.8,60.2,22.7
164.6,65.5,24.2,163.2,58.9,22.1
179.7,64.4,19.9,177.4,65.1,20.7
173.1,68.0,22.7,172.5,71.0,23.9
170.2,52.2,18.0,168.9,52.7,18.5
166.5,64.5,23.3,166.0,59.4,21.6
174.1,73.3,24.2,173.4,79.1,26.3
165.2,69.7,25.5,165.7,69.8,25.4
164.9,54.3,20.0,163.3,53.2,19.9
176.5,66.9,21.5,175.3,69.6,22.6
171.4,65.8,22.4,169.4,65.5,22.8
169.0,67.4,23.6,167.4,65.9,23.5
174.8,75.4,24.7,173.6,72.6,24.1
182.0,105.7,31.9,179.5,108.3,33.6
177.7,66.2,21.0,176.9,70.9,22.7
165.1,50.6,18.6,162.5,52.9,20.0
174.8,94.2,30.8,172.9,94.6,31.6
170.5,52.3,18.0,169.6,56.7,19.7
181.2,79.6,24.2,180.0,84.3,26.0
177.1,64.2,20.5,175.0,68.0,22.2
182.4,71.7,21.6,181.1,73.2,22.3
181.2,68.2,20.8,179.2,71.7,22.3
178.4,109.2,34.3,177.0,104.5,33.3
167.2,62.1,22.2,165.5,58.7,21.4
176.3,82.3,26.5,174.8,85.6,28.0
172.9,67.4,22.5,171.7,68.6,23.3
172.9,79.7,26.7,172.1,82.2,27.8
178.2,75.3,23.7,176.4,72.5,23.3
173.3,66.5,22.1,172.1,63.1,21.3
178.5,72.7,22.8,176.3,72.0,23.2
170.6,50.6,17.4,168.5,50.0,17.6
173.0,67.3,22.5,170.2,62.5,21.6
182.5,89.1,26.8,181.0,89.8,27.4
180.7,64.6,19.8,178.7,68.2,21.3
176.9,104.4,33.4,174.8,104.6,34.2
170.2,59.3,20.5,168.8,58.4,20.5
183.7,57.3,17.0,182.0,60.8,18.4
172.3,65.3,22.0,170.7,58.7,20.1
174.4,74.3,24.4,172.8,73.4,24.6
165.6,68.3,24.9,164.5,65.9,24.4
174.4,82.4,27.1,173.1,73.8,24.6
177.1,61.7,19.7,176.5,61.7,19.8
179.4,81.2,25.2,178.4,84.2,26.5
171.2,57.8,19.7,169.4,56.8,19.8
176.2,75.2,24.2,175.2,78.5,25.6
172.2,59.6,20.1,171.5,58.8,20.0
170.8,69.0,23.7,168.8,71.6,25.1
171.2,80.1,27.3,169.4,77.7,27.1
173.8,65.9,21.8,171.8,64.9,22.0
185.4,87.0,25.3,184.0,82.6,24.4
169.9,69.2,24.0,168.3,69.5,24.6
173.2,84.6,28.2,172.0,67.0,22.6
186.5,112.9,32.5,183.5,116.1,34.5
174.7,63.9,20.9,173.0,64.7,21.6
174.0,71.4,23.6,171.9,72.8,24.6
176.7,116.3,37.2,175.3,113.9,37.1
184.5,130.4,38.3,183.2,124.0,37.0
168.1,57.7,20.4,166.6,56.8,20.4
174.1,70.2,23.2,172.0,72.7,24.6
175.7,69.1,22.4,174.6,64.9,21.3
169.8,62.3,21.6,167.2,59.6,21.3
176.7,94.8,30.4,174.5,94.9,31.2
174.5,98.6,32.4,173.2,93.1,31.0
178.1,107.6,33.9,176.3,93.9,30.2
167.8,62.5,22.2,167.1,66.6,23.9
171.3,62.6,21.3,169.9,60.6,21.0
177.9,64.8,20.5,175.7,65.2,21.1
164.4,47.3,17.5,163.1,52.0,19.6
164.0,68.8,25.6,163.7,66.5,24.8
184.4,88.7,26.1,182.7,83.7,25.1
177.2,60.0,19.1,174.8,56.5,18.5
167.9,74.4,26.4,167.1,77.5,27.8
169.7,60.8,21.1,168.5,62.8,22.1
170.8,61.9,21.2,171.0,67.4,23.0
172.0,65.1,22.0,170.5,62.9,21.6
172.2,60.6,20.4,171.5,62.1,21.1
173.1,65.9,22.0,172.2,66.3,22.3
182.1,64.2,19.4,180.9,62.7,19.2
174.8,78.9,25.8,172.8,80.2,26.9
171.7,80.5,27.3,169.7,82.2,28.5
182.2,68.5,20.6,180.1,69.3,21.4
180.7,94.4,28.9,178.1,90.5,28.5
185.1,91.0,26.6,182.6,89.2,26.7
177.0,67.5,21.5,175.2,65.6,21.4
165.3,58.8,21.5,164.8,62.3,22.9
174.1,77.8,25.7,172.6,77.9,26.1
171.8,53.2,18.0,170.1,53.4,18.4
177.4,85.6,27.2,175.2,82.1,26.7
169.8,53.1,18.4,168.4,50.1,17.7
168.0,62.2,22.0,166.8,68.6,24.7
163.6,61.2,22.9,162.5,66.5,25.2
173.2,73.4,24.5,171.1,71.0,24.2
184.6,104.8,30.8,181.6,106.5,32.3
171.0,80.0,27.4,170.1,82.2,28.4
169.5,74.2,25.8,168.4,71.5,25.2
176.4,75.9,24.4,175.8,76.5,24.8
178.4,63.2,19.9,176.4,61.9,19.9
168.2,66.4,23.5,167.9,63.8,22.6
168.5,56.9,20.0,166.5,54.6,19.7
177.7,77.6,24.6,176.5,77.2,24.8
178.9,73.3,22.9,177.2,67.9,21.6
172.5,59.0,19.8,170.8,59.0,20.2
183.2,76.1,22.7,181.7,73.8,22.3
179.6,73.6,22.8,178.0,70.6,22.3
181.9,62.8,19.0,180.4,58.4,17.9
180.1,90.4,27.9,179.4,89.2,27.7
178.3,66.9,21.0,176.8,65.4,20.9
182.8,60.6,18.1,181.7,70.4,21.3
173.0,90.0,30.1,172.0,87.7,29.6
170.3,54.5,18.8,168.9,56.0,19.6
167.9,54.1,19.2,166.2,58.2,21.1
176.8,52.7,16.9,174.3,53.9,17.8
178.2,103.3,32.5,176.6,105.8,33.9
172.5,83.0,27.9,170.7,83.4,28.6
177.0,86.0,27.5,176.3,93.0,29.9
176.8,54.3,17.4,174.8,57.2,18.7
176.4,59.1,19.0,174.1,60.4,19.9
171.9,61.0,20.6,170.1,62.5,21.6
162.4,69.4,26.3,161.2,66.7,25.7
168.8,50.3,17.7,166.3,48.0,17.4
179.5,77.5,24.1,178.6,77.9,24.4
175.1,69.4,22.6,173.8,70.2,23.2
173.5,63.8,21.2,172.8,74.4,24.9
167.9,64.1,22.7,167.0,64.9,23.3
180.0,53.4,16.5,178.3,60.4,19.0
164.4,72.3,26.8,163.1,69.6,26.2
174.7,69.2,22.7,173.1,68.1,22.7
179.3,78.3,24.4,178.4,82.4,25.9
169.0,60.1,21.0,166.6,54.9,19.8
171.9,51.7,17.5,170.2,53.6,18.5
172.6,73.2,24.6,170.6,73.2,25.1
166.0,67.4,24.5,165.6,60.9,22.2
175.3,67.8,22.1,174.1,65.3,21.5
165.2,80.7,29.6,164.1,82.1,30.5
172.9,58.1,19.4,172.1,57.8,19.5
172.3,78.7,26.5,171.4,70.6,24.0
174.3,103.1,33.9,172.7,101.2,33.9
171.7,57.7,19.6,169.3,59.2,20.6
179.2,83.8,26.1,178.9,69.6,21.7
169.6,57.1,19.9,167.9,59.4,21.1
169.0,52.0,18.2,166.7,51.5,18.5
174.6,78.0,25.6,172.5,77.0,25.9
167.1,54.1,19.4,165.7,54.5,19.9
177.7,79.0,25.0,176.9,81.8,26.2
174.1,64.6,21.3,172.5,59.4,20.0
167.2,69.7,24.9,166.4,71.2,25.7
168.0,50.2,17.8,166.5,52.7,19.0
168.8,59.3,20.8,167.7,56.7,20.1
176.5,79.6,25.6,175.0,81.4,26.6
163.5,55.3,20.7,161.5,53.3,20.4
173.0,71.7,24.0,171.2,69.6,23.7
164.9,57.4,21.1,163.2,55.6,20.9
168.0,80.0,28.3,167.2,79.1,28.3
174.1,59.7,19.7,172.3,61.7,20.8
172.6,75.0,25.2,172.3,67.7,22.8
168.5,53.3,18.8,166.4,53.4,19.3
177.4,98.9,31.4,175.7,95.3,30.9
178.5,64.8,20.3,176.5,66.7,21.4
177.1,98.3,31.3,175.3,98.0,31.9
178.1,107.0,33.7,175.6,98.8,32.0
162.0,70.6,26.9,161.2,69.6,26.8
179.6,85.6,26.5,178.1,83.0,26.2
161.1,52.2,20.1,160.1,48.7,19.0
169.4,56.2,19.6,167.7,62.7,22.3
174.4,68.5,22.5,172.5,72.5,24.4
170.1,76.5,26.4,169.3,85.1,29.7
165.1,49.2,18.0,163.4,52.5,19.7
168.9,78.7,27.6,167.1,74.8,26.8
178.1,94.7,29.9,177.3,102.3,32.6
183.9,76.2,22.5,183.3,71.1,21.1
176.2,76.6,24.7,174.7,81.8,26.8
172.4,66.4,22.3,171.2,70.7,24.1
175.8,74.6,24.1,174.7,77.2,25.3
168.0,63.9,22.6,167.7,62.5,22.2
175.9,68.7,22.2,175.8,65.0,21.0
172.8,89.0,29.8,171.3,90.9,31.0
175.0,64.5,21.1,173.4,64.0,21.3
183.9,88.6,26.2,181.5,90.7,27.5
174.6,68.6,22.5,172.3,66.8,22.5
177.9,77.3,24.4,176.3,74.2,23.9
173.1,101.8,34.0,171.1,100.1,34.2
188.2,89.5,25.3,186.3,80.8,23.3
175.1,74.6,24.3,174.1,78.1,25.8
175.5,68.5,22.2,174.2,61.2,20.2
179.0,79.4,24.8,176.8,76.9,24.6
169.1,61.3,21.4,167.4,62.2,22.2
169.9,52.3,18.1,169.2,56.9,19.9
173.7,70.3,23.3,171.8,73.4,24.9
169.0,104.0,36.4,167.6,98.4,35.1
171.8,74.5,25.2,169.7,75.3,26.2
172.2,74.7,25.2,170.3,77.9,26.8
170.2,45.3,15.6,168.7,49.9,17.5
182.5,113.9,34.2,180.9,118.8,36.3
170.2,58.9,20.3,168.7,57.2,20.1
172.6,61.5,20.6,171.7,61.3,20.8
170.4,60.3,20.8,168.7,57.3,20.1
182.0,97.7,29.5,180.2,98.2,30.2
166.8,52.8,19.0,164.7,54.5,20.1
177.2,60.2,19.2,176.0,67.4,21.8
176.4,65.3,21.0,175.8,62.6,20.2
188.1,64.4,18.2,185.9,69.0,20.0
174.1,80.5,26.6,172.6,73.6,24.7
174.3,86.2,28.4,172.3,91.4,30.8
174.7,68.8,22.5,173.3,68.2,22.7
175.6,55.2,17.9,173.5,56.2,18.7
175.3,54.1,17.6,174.5,57.3,18.8
185.6,57.7,16.8,184.8,59.5,17.4
175.8,70.0,22.6,174.1,69.0,22.8
180.9,88.7,27.1,178.3,91.1,28.7
170.2,48.9,16.9,168.9,52.9,18.5
174.5,63.4,20.8,173.2,60.8,20.3
180.6,84.4,25.9,178.3,85.3,26.8
169.8,63.2,21.9,168.2,56.6,20.0
184.1,64.2,18.9,181.8,68.6,20.7
168.2,51.1,18.1,167.1,51.8,18.5
175.0,60.3,19.7,172.8,56.0,18.8
184.3,90.5,26.6,182.0,87.8,26.5
174.2,64.6,21.3,173.6,68.2,22.6
172.2,55.2,18.6,170.3,57.8,19.9
183.1,70.0,20.9,180.7,65.9,20.2
179.1,87.1,27.2,177.4,86.9,27.6
175.0,59.7,19.5,172.7,60.5,20.3
174.2,120.2,39.6,173.9,115.6,38.2
180.5,86.1,26.4,179.5,88.1,27.3
177.0,68.3,21.8,175.3,68.4,22.3
169.9,94.5,32.7,168.8,96.2,33.8
173.7,66.8,22.1,172.0,69.8,23.6
180.2,71.7,22.1,178.3,71.0,22.3
182.4,83.3,25.0,181.0,77.5,23.7
179.9,69.5,21.5,177.8,70.6,22.3
175.4,78.8,25.6,174.0,80.5,26.6
178.8,61.1,19.1,177.6,59.3,18.8
169.8,71.5,24.8,168.6,84.2,29.6
170.0,63.6,22.0,168.7,59.9,21.0
178.8,68.1,21.3,177.8,62.7,19.8
173.0,52.6,17.6,172.0,52.7,17.8
181.4,85.4,26.0,179.5,79.9,24.8
164.2,57.2,21.2,162.4,54.9,20.8
171.7,57.1,19.4,170.6,56.7,19.5
167.2,89.2,31.9,166.6,87.9,31.7
171.1,53.3,18.2,169.2,57.7,20.2
164.6,57.9,21.4,163.6,59.4,22.2
186.9,84.6,24.2,185.5,86.6,25.1
179.6,96.4,29.9,177.1,96.2,30.7
169.9,98.0,33.9,168.4,95.6,33.7
172.1,54.2,18.3,169.6,52.1,18.1
165.5,76.3,27.9,165.5,68.5,25.0
171.8,67.6,22.9,169.7,70.8,24.6
169.8,66.6,23.1,169.3,67.6,23.6
183.9,72.3,21.4,182.6,74.1,22.2
164.1,52.1,19.3,162.0,53.0,20.2
175.9,66.1,21.4,175.4,73.9,24.0
171.4,60.2,20.5,169.8,56.2,19.5
170.7,78.9,27.1,168.7,68.4,24.0
173.7,92.6,30.7,172.4,94.8,31.9
177.7,79.5,25.2,176.6,76.4,24.5
170.4,51.7,17.8,167.9,52.1,18.5
174.8,81.0,26.5,174.0,85.3,28.2
180.3,66.2,20.4,178.5,62.0,19.4
181.7,82.3,24.9,180.5,90.4,27.7
175.3,98.6,32.1,174.2,98.5,32.5
169.8,68.1,23.6,168.2,74.8,26.4
171.3,54.6,18.6,169.8,59.4,20.6
179.9,83.1,25.7,178.8,78.9,24.7
171.0,75.0,25.6,170.6,70.7,24.3
176.6,70.5,22.6,174.8,71.3,23.3
169.6,60.3,21.0,168.3,59.4,20.9
178.8,80.7,25.2,176.7,74.6,23.9
189.5,77.7,21.6,186.8,71.7,20.5
173.3,79.3,26.4,171.4,67.4,22.9
170.4,65.5,22.6,169.4,60.3,21.0
174.7,59.1,19.4,173.1,62.6,20.9
173.1,68.5,22.9,171.1,62.8,21.4
171.9,70.4,23.8,170.6,72.8,25.0
174.0,68.1,22.5,172.6,72.0,24.2
173.3,72.6,24.2,172.3,71.5,24.1
175.4,83.6,27.2,173.7,87.7,29.1
175.0,77.8,25.4,174.2,73.5,24.2
183.1,81.6,24.3,180.6,84.1,25.8
178.4,86.0,27.0,178.1,90.2,28.4
186.6,123.1,35.4,183.8,114.4,33.9
172.4,87.0,29.3,171.9,86.4,29.2
179.1,100.7,31.4,176.7,105.3,33.7
170.2,67.2,23.2,169.7,65.2,22.6
172.7,58.0,19.4,170.7,56.8,19.5
179.1,65.0,20.3,178.0,66.0,20.8
177.0,66.7,21.3,175.6,66.0,21.4
173.3,76.3,25.4,172.2,80.2,27.0
173.7,63.0,20.9,171.6,60.1,20.4
181.9,89.3,27.0,180.6,88.1,27.0
162.7,67.7,25.6,162.3,66.9,25.4
171.7,93.3,31.6,170.8,93.3,32.0
179.3,83.9,26.1,178.6,86.7,27.2
177.3,77.0,24.5,175.5,73.0,23.7
171.2,58.5,20.0,170.6,64.4,22.1
183.3,79.0,23.5,180.9,84.0,25.7
170.3,59.6,20.6,168.5,65.6,23.1
176.8,65.6,21.0,175.6,65.7,21.3
168.6,57.5,20.2,167.2,55.3,19.8
178.5,101.9,32.0,175.5,94.4,30.6
171.9,60.5,20.5,169.8,53.4,18.5
175.8,60.1,19.4,174.1,59.6,19.7
178.5,117.8,37.0,176.6,109.8,35.2
173.2,70.5,23.5,172.1,69.8,23.6
166.3,70.5,25.5,165.5,73.3,26.8
173.0,64.3,21.5,172.2,65.6,22.1
171.6,53.0,18.0,169.9,53.4,18.5
179.5,79.3,24.6,177.5,71.1,22.6
166.0,56.2,20.4,164.2,56.7,21.0
168.3,52.9,18.7,167.3,55.1,19.7
182.0,115.9,35.0,179.3,117.2,36.4
171.5,80.7,27.4,170.5,84.6,29.1
173.2,91.8,30.6,171.6,99.2,33.7
176.3,68.6,22.1,175.9,69.2,22.4
171.0,85.9,29.4,169.4,76.4,26.6
172.6,84.4,28.3,171.7,72.8,24.7
186.8,92.9,26.6,184.8,91.5,26.8
176.7,94.8,30.4,174.5,94.9,31.2
167.4,77.9,27.8,167.0,78.1,28.0
175.3,70.7,23.0,174.4,71.8,23.6
173.3,68.0,22.6,171.5,65.6,22.3
179.1,90.5,28.2,177.4,78.4,24.9
180.8,87.5,26.8,178.8,87.9,27.5
173.1,77.4,25.8,172.0,75.2,25.4
169.9,74.1,25.7,169.1,72.7,25.4
188.9,63.4,17.8,186.6,60.7,17.4
168.8,64.5,22.6,167.1,57.6,20.6
167.4,106.2,37.9,167.8,102.2,36.3
170.0,48.7,16.9,167.2,51.6,18.4
175.3,86.7,28.2,174.4,86.3,28.4
173.5,60.0,19.9,171.2,55.6,19.0
179.0,74.4,23.2,176.8,77.4,24.8
177.8,57.7,18.3,176.0,55.0,17.8
179.5,79.6,24.7,177.5,78.0,24.8
172.1,76.8,25.9,170.7,70.7,24.3
182.7,93.2,27.9,181.0,96.8,29.6
175.8,60.0,19.4,173.9,58.1,19.2
172.0,65.0,22.0,171.1,63.2,21.6
186.2,76.4,22.0,184.2,75.0,22.1
174.5,84.4,27.7,173.5,80.6,26.8
174.6,52.8,17.3,172.0,52.3,17.7
174.6,58.1,19.1,173.2,57.1,19.0
172.2,61.7,20.8,170.9,63.9,21.9
178.1,79.8,25.2,176.4,76.3,24.5
180.7,89.2,27.3,180.0,89.6,27.6
174.8,65.0,21.3,172.3,60.2,20.3
172.8,77.2,25.9,171.5,78.4,26.7
171.8,70.1,23.8,170.1,72.7,25.1
169.6,55.6,19.3,168.6,59.4,20.9
172.5,58.4,19.6,171.4,58.5,19.9
175.5,70.0,22.7,174.9,68.0,22.3
179.1,67.9,21.2,177.8,65.2,20.6
174.7,70.3,23.0,173.6,75.7,25.1
176.4,63.3,20.3,175.0,59.1,19.3
178.3,99.0,31.1,175.3,95.9,31.2
177.4,64.0,20.3,176.2,66.2,21.3
166.8,75.2,27.0,166.3,68.9,24.9
179.6,81.6,25.3,177.8,79.0,25.0
171.0,82.3,28.1,169.5,80.8,28.1
170.6,59.6,20.5,168.5,62.4,22.0
179.5,63.3,19.6,178.2,64.1,20.2
184.7,98.4,28.8,182.3,96.5,29.0
164.3,67.5,25.0,162.8,61.2,23.1
175.7,70.5,22.8,174.2,70.1,23.1
182.9,61.6,18.4,182.0,61.1,18.4
171.3,94.3,32.1,169.6,91.3,31.7
176.7,75.3,24.1,176.1,79.2,25.5
175.1,72.5,23.6,174.4,66.0,21.7
177.3,56.1,17.8,175.2,60.9,19.8
174.1,72.8,24.0,173.4,72.0,23.9
181.4,86.9,26.4,179.0,85.4,26.7
161.7,64.6,24.7,160.6,60.6,23.5
173.1,84.6,28.2,171.7,93.0,31.5
174.6,54.0,17.7,172.3,55.7,18.8
168.0,60.8,21.5,167.6,60.6,21.6
174.7,75.7,24.8,172.6,70.2,23.6
176.6,74.6,23.9,176.2,84.4,27.2
186.1,82.8,23.9,183.7,84.2,25.0
171.4,62.9,21.4,169.8,66.3,23.0
175.3,75.7,24.6,174.3,77.3,25.4
170.5,54.3,18.7,169.1,57.8,20.2
168.6,76.3,26.8,167.4,81.4,29.0
175.4,61.6,20.0,174.4,64.1,21.1
169.9,73.9,25.6,169.7,79.0,27.4
165.8,54.1,19.7,165.3,54.4,19.9
178.4,67.8,21.3,177.0,64.3,20.5
179.3,103.7,32.3,177.2,103.5,33.0
175.7,55.7,18.0,173.3,57.9,19.3
168.6,75.6,26.6,168.1,68.2,24.1
170.4,84.3,29.0,168.8,93.6,32.9
170.2,72.2,24.9,169.8,68.5,23.7
173.7,82.6,27.4,173.0,84.8,28.4
160.8,68.1,26.3,161.4,70.7,27.1
174.5,71.2,23.4,172.7,66.2,22.2
181.7,85.1,25.8,180.0,87.1,26.9
170.4,57.9,19.9,169.0,60.3,21.1
175.3,65.5,21.3,173.8,63.1,20.9
173.8,78.3,25.9,172.0,71.5,24.2
181.9,72.9,22.0,179.3,62.4,19.4
163.7,63.0,23.5,162.1,61.5,23.4
174.8,66.4,21.7,172.6,75.3,25.3
171.7,66.2,22.5,170.0,61.3,21.2
169.6,56.9,19.8,167.8,56.7,20.1
182.5,70.0,21.0,180.3,71.5,22.0
164.3,55.7,20.6,163.7,53.0,19.8
177.0,63.6,20.3,175.5,69.8,22.7
170.4,46.7,16.1,168.1,55.7,19.7
171.5,68.1,23.2,171.0,70.2,24.0
171.8,70.7,24.0,171.6,68.4,23.2
174.9,71.0,23.2,172.9,75.3,25.2
169.1,61.8,21.6,168.1,61.6,21.8
175.8,62.3,20.2,175.4,61.6,20.0
168.5,76.1,26.8,168.0,69.5,24.6
176.6,78.6,25.2,175.6,80.4,26.1
169.7,71.9,25.0,169.2,70.4,24.6
170.5,77.1,26.5,169.5,77.7,27.1
170.6,60.0,20.6,170.2,88.4,30.5
179.1,99.1,30.9,178.0,99.3,31.4
177.3,67.6,21.5,174.9,65.3,21.4
176.4,55.2,17.7,174.2,59.6,19.6
175.9,78.5,25.4,174.7,79.1,25.9
172.7,74.1,24.8,171.5,72.8,24.7
184.8,76.9,22.5,183.5,74.2,22.0
182.2,96.4,29.0,180.6,99.8,30.6
176.9,78.2,25.0,175.3,75.9,24.7
180.2,66.4,20.4,179.2,67.4,21.0
180.1,56.9,17.5,177.5,59.4,18.9
178.7,72.3,22.6,177.9,71.5,22.6
172.9,79.2,26.5,171.5,82.0,27.9
175.9,65.1,21.0,174.5,58.5,19.2
173.6,65.2,21.6,171.8,62.6,21.2
173.3,80.0,26.6,171.6,80.6,27.4
167.5,68.8,24.5,167.1,61.9,22.2
163.9,66.3,24.7,163.2,67.5,25.4
176.1,61.8,19.9,175.2,59.8,19.5
167.5,61.5,21.9,165.8,55.1,20.0
165.9,83.7,30.4,164.8,80.0,29.5
173.0,55.4,18.5,171.2,55.0,18.8
164.3,52.9,19.6,163.1,49.6,18.6
168.9,48.4,17.0,166.8,52.3,18.8
166.8,52.8,19.0,165.2,51.9,19.0
176.8,73.7,23.6,176.3,66.0,21.2
179.5,76.5,23.7,177.5,72.7,23.1
172.7,66.9,22.4,171.4,60.1,20.5
180.8,68.0,20.8,178.7,71.6,22.4
179.8,91.7,28.4,179.1,88.8,27.7
181.0,123.5,37.7,178.9,122.9,38.4
180.7,75.1,23.0,178.6,82.7,25.9
176.0,63.3,20.4,174.0,62.8,20.7
174.4,50.5,16.6,173.4,52.5,17.5
178.3,86.2,27.1,177.5,86.3,27.4
175.7,67.7,21.9,175.1,70.4,23.0
170.6,86.6,29.8,169.6,75.8,26.3
177.9,80.3,25.4,176.5,76.5,24.6
176.7,67.1,21.5,175.6,65.2,21.1
174.2,62.1,20.5,173.8,61.8,20.5
186.4,87.4,25.2,183.8,84.2,24.9
166.1,66.8,24.2,164.3,64.6,23.9
175.9,62.9,20.3,175.0,65.2,21.3
178.3,87.6,27.6,177.3,82.9,26.4
166.2,50.4,18.2,165.2,55.2,20.2
183.8,72.4,21.4,182.0,70.8,21.4
169.5,58.7,20.4,168.7,53.8,18.9
179.2,69.0,21.5,177.6,73.6,23.3
167.5,62.7,22.3,166.2,67.1,24.3
178.9,87.1,27.2,177.5,94.8,30.1
167.4,79.1,28.2,166.8,72.5,26.1
170.7,71.3,24.5,169.6,69.7,24.3
174.8,91.1,29.8,173.0,88.5,29.6
184.2,87.2,25.7,182.5,83.5,25.1
172.4,74.1,24.9,171.0,70.2,24.0
180.5,79.2,24.3,179.1,81.4,25.4
181.1,86.9,26.5,178.4,79.3,24.9
178.5,55.0,17.3,176.4,58.9,18.9
167.2,53.9,19.3,166.3,58.4,21.1
176.2,68.4,22.0,175.2,67.5,22.0
169.5,75.0,26.1,167.9,71.9,25.5
175.4,71.8,23.3,174.7,72.9,23.9
181.3,90.0,27.4,179.5,79.0,24.5
174.3,64.0,21.1,173.3,60.0,20.0
179.9,86.0,26.6,178.3,82.3,25.9
161.7,71.6,27.4,160.7,70.2,27.2
177.5,59.2,18.8,174.9,54.5,17.8
172.7,61.7,20.7,170.6,61.5,21.2
171.5,59.7,20.3,169.3,54.3,18.9
170.5,66.8,23.0,169.7,66.8,23.2
181.6,62.1,18.8,179.5,59.9,18.6
165.7,78.7,28.7,165.4,83.1,30.4
176.8,70.7,22.6,176.1,70.0,22.6
171.7,60.4,20.5,171.3,66.4,22.6
174.3,48.8,16.1,173.7,56.3,18.7
170.2,59.1,20.4,170.1,57.2,19.8
164.8,68.0,25.0,164.5,68.4,25.3
180.7,65.4,20.0,179.6,62.7,19.4
174.5,74.6,24.5,173.4,72.2,24.0
168.9,52.4,18.4,168.4,59.8,21.1
182.7,71.5,21.4,180.8,75.9,23.2
187.1,79.0,22.6,184.5,77.9,22.9
176.5,72.5,23.3,174.6,68.1,22.3
177.4,60.5,19.2,176.0,62.4,20.1
179.2,99.2,30.9,178.0,100.5,31.7
174.8,75.8,24.8,174.2,68.5,22.6
177.5,53.8,17.1,175.5,55.7,18.1
170.4,73.8,25.4,168.5,67.1,23.6
176.3,80.0,25.7,175.0,80.8,26.4
169.1,64.8,22.7,168.2,61.4,21.7
174.2,69.5,22.9,173.2,68.8,22.9
163.0,60.4,22.7,161.9,60.8,23.2
172.8,55.6,18.6,170.8,57.2,19.6
170.9,65.1,22.3,169.3,74.5,26.0
181.8,79.9,24.2,180.9,75.3,23.0
170.3,58.0,20.0,169.0,63.5,22.2
172.2,60.6,20.4,170.9,59.4,20.3
179.3,78.3,24.4,178.4,82.4,25.9
189.2,93.4,26.1,187.4,89.6,25.5
172.0,72.8,24.6,171.2,68.8,23.5
173.4,58.5,19.5,172.3,60.3,20.3
170.3,76.2,26.3,169.5,82.0,28.6
169.7,61.6,21.4,168.2,61.9,21.9
181.1,66.0,20.1,179.5,68.2,21.2
172.6,55.6,18.7,170.5,57.4,19.8
171.6,63.0,21.4,170.4,67.5,23.2
186.8,96.7,27.7,184.2,90.2,26.6
166.9,64.6,23.2,165.7,60.6,22.1
172.6,85.6,28.7,171.0,84.7,29.0
180.7,79.3,24.3,178.9,73.4,22.9
174.3,79.0,26.0,172.5,76.8,25.8
180.3,73.7,22.7,179.4,67.8,21.1
183.2,64.5,19.2,181.8,61.0,18.5
175.4,58.6,19.0,173.2,53.9,17.9
168.4,60.7,21.4,167.6,56.2,20.0
176.2,89.1,28.7,174.3,89.3,29.4
181.1,65.7,20.0,179.2,62.8,19.5
173.8,90.9,30.1,172.0,90.8,30.7
178.7,85.1,26.6,177.6,84.5,26.8
173.2,84.1,28.0,172.0,89.3,30.2
177.9,70.1,22.1,176.4,68.1,21.9
180.8,96.7,29.6,178.8,100.3,31.4
169.5,89.2,31.0,169.2,97.8,34.2
171.1,46.7,16.0,169.2,52.1,18.2
184.3,96.2,28.3,182.0,90.8,27.4
174.5,63.9,21.0,173.9,64.8,21.4
180.1,65.5,20.2,177.8,65.3,20.7
174.0,72.1,23.8,173.4,74.1,24.6
175.8,80.0,25.9,173.7,81.4,27.0
169.4,69.3,24.1,168.9,73.5,25.8
183.1,77.7,23.2,181.6,75.0,22.7
173.4,98.9,32.9,173.1,100.0,33.4
167.7,54.7,19.5,166.9,54.5,19.5
175.0,81.8,26.7,174.5,83.6,27.5
174.5,85.5,28.1,172.9,91.4,30.6
178.2,67.9,21.4,176.9,65.1,20.8
181.4,73.5,22.3,179.7,81.1,25.1
168.7,70.2,24.7,168.5,73.9,26.0
165.1,73.6,27.0,164.3,82.5,30.6
177.6,65.7,20.8,176.5,70.2,22.5
169.1,61.4,21.5,168.0,65.7,23.3
179.8,88.9,27.5,178.8,91.8,28.7
173.4,59.5,19.8,172.3,63.9,21.5
184.1,62.2,18.4,181.5,67.4,20.5
168.4,55.4,19.5,167.6,56.0,19.9
175.8,68.6,22.2,174.2,67.7,22.3
179.1,111.1,34.6,177.9,111.8,35.3
178.8,59.3,18.5,177.8,62.8,19.9
168.3,65.2,23.0,167.5,57.0,20.3
172.3,92.1,31.0,171.4,92.8,31.6
173.9,71.8,23.7,172.4,73.3,24.7
171.6,67.1,22.8,170.5,57.8,19.9
179.0,80.8,25.2,177.2,76.8,24.5
174.4,53.7,17.7,173.3,60.3,20.1
172.8,86.1,28.8,171.9,84.2,28.5
176.2,87.1,28.1,174.4,83.7,27.5
178.2,62.0,19.5,177.7,61.8,19.6
180.4,87.4,26.9,179.6,88.4,27.4
174.9,53.6,17.5,172.6,54.9,18.4
176.6,68.0,21.8,175.6,64.1,20.8
183.5,80.8,24.0,181.6,86.6,26.3
177.1,47.3,15.1,176.2,52.3,16.8
174.2,96.5,31.8,172.9,92.5,30.9
174.1,58.7,19.4,171.8,57.4,19.5
178.0,105.6,33.3,175.8,104.0,33.7
180.7,60.7,18.6,178.0,55.2,17.4
178.2,67.5,21.3,176.4,66.7,21.4
176.0,95.5,30.8,175.3,92.5,30.1
170.5,70.9,24.4,169.2,73.6,25.7
182.4,58.7,17.6,179.9,59.7,18.5
179.6,96.7,30.0,178.8,93.3,29.2
175.8,60.6,19.6,173.6,64.7,21.5
172.4,61.5,20.7,170.4,56.6,19.5
177.8,81.7,25.8,176.7,87.6,28.1
178.8,86.1,26.9,177.0,77.5,24.7
185.5,84.2,24.5,184.2,82.3,24.2
168.3,53.8,19.0,166.8,59.9,21.5
172.8,58.7,19.7,171.7,58.3,19.8
183.9,85.4,25.3,181.2,84.0,25.6
164.8,69.4,25.6,163.6,63.4,23.7
174.3,74.4,24.5,173.1,69.2,23.1
174.6,67.3,22.1,173.2,65.8,21.9
175.9,78.3,25.3,175.3,77.7,25.3
181.1,72.6,22.1,180.3,74.6,22.9
168.6,64.3,22.6,167.6,60.3,21.5
170.2,66.7,23.0,168.5,64.4,22.7
179.3,106.2,33.0,177.8,107.4,34.0
173.6,61.5,20.4,173.2,61.3,20.4
175.3,79.6,25.9,174.6,77.0,25.3
174.0,82.5,27.2,172.9,83.4,27.9
173.9,71.0,23.5,173.6,67.9,22.5
170.6,93.3,32.1,168.8,90.7,31.8
170.8,58.0,19.9,169.0,59.2,20.7
167.8,57.9,20.6,167.0,60.3,21.6
180.4,73.3,22.5,178.2,73.2,23.1
177.9,83.7,26.4,177.0,70.1,22.4
180.9,72.7,22.2,180.9,69.9,21.4
181.5,64.1,19.5,180.2,111.4,34.3
167.6,89.1,31.7,166.6,87.9,31.7
181.3,64.6,19.7,179.8,68.6,21.2
177.4,93.8,29.8,175.6,96.6,31.4
182.1,81.0,24.4,180.9,72.8,22.2
185.0,68.4,20.0,182.9,64.4,19.2
167.1,61.4,22.0,165.9,56.6,20.6
180.4,90.3,27.7,178.1,86.2,27.2
173.6,78.7,26.1,171.6,74.8,25.4
175.7,74.4,24.1,174.8,69.6,22.8
169.6,97.8,34.0,168.2,92.4,32.6
196.8,95.3,24.6,192.7,87.5,23.6
173.1,66.5,22.2,170.9,64.3,22.0
176.0,89.7,29.0,173.5,98.6,32.7
178.3,66.1,20.8,176.9,67.9,21.7
167.9,55.6,19.7,166.5,54.6,19.7
184.6,60.3,17.7,182.1,62.3,18.8
173.1,62.0,20.7,172.4,65.1,21.9
178.0,78.8,24.9,176.5,74.7,24.0
177.0,60.7,19.4,176.2,55.6,17.9
171.8,86.4,29.3,170.7,83.3,28.6
186.5,60.0,17.3,184.1,88.0,26.0
170.7,55.3,19.0,169.2,58.7,20.5
181.2,82.5,25.1,180.7,91.3,28.0
175.7,77.1,25.0,174.4,73.8,24.3
181.4,66.3,20.1,180.9,68.6,21.0
170.3,59.4,20.5,168.4,63.1,22.2
176.3,72.9,23.5,175.6,83.8,27.2
173.2,55.9,18.6,171.8,58.6,19.8
177.1,90.8,29.0,174.6,95.7,31.4
169.5,60.4,21.0,166.9,51.9,18.6
178.2,74.1,23.3,176.7,74.5,23.9
168.9,53.9,18.9,168.2,55.4,19.6
168.4,69.2,24.4,167.7,67.2,23.9
170.0,48.5,16.8,168.3,53.2,18.8
166.4,54.3,19.6,165.1,57.4,21.1
177.7,62.2,19.7,176.5,64.0,20.5
174.8,89.0,29.1,173.9,81.4,26.9
174.5,93.8,30.8,172.4,95.1,32.0
170.8,106.3,36.4,171.3,109.7,37.4
174.8,65.0,21.3,173.1,68.7,22.9
164.0,69.8,26.0,163.0,67.4,25.4
176.0,84.7,27.3,174.7,85.5,28.0
171.0,58.0,19.8,169.3,60.8,21.2
165.9,47.9,17.4,163.4,48.4,18.1
173.6,73.6,24.4,172.8,70.8,23.7
174.5,72.5,23.8,173.0,70.5,23.5
174.4,60.8,20.0,172.5,59.5,20.0
179.3,81.7,25.4,177.4,74.4,23.7
177.1,75.9,24.2,175.2,72.1,23.5
183.9,104.6,30.9,181.7,107.3,32.5
168.9,56.6,19.8,167.3,58.9,21.0
189.3,83.4,23.3,186.4,77.0,22.2
166.8,65.1,23.4,165.2,61.6,22.6
175.8,58.7,19.0,174.0,60.2,19.9
184.2,89.1,26.3,181.7,81.7,24.8
173.8,80.1,26.5,171.9,77.7,26.3
184.3,71.6,21.1,182.6,77.5,23.2
176.1,67.2,21.7,174.1,69.8,23.0
162.5,46.5,17.6,161.1,48.7,18.8
180.8,84.2,25.8,178.6,78.4,24.6
174.1,76.6,25.3,173.6,82.2,27.3
164.2,55.6,20.6,164.1,56.3,20.9
176.9,84.7,27.1,176.5,86.0,27.6
169.0,61.0,21.4,167.2,59.6,21.3
169.0,49.4,17.3,166.9,47.7,17.1
165.8,51.7,18.8,163.7,49.0,18.3
175.4,65.7,21.4,174.6,62.6,20.5
174.7,70.5,23.1,174.2,71.6,23.6
167.9,62.9,22.3,166.8,66.6,23.9
181.3,83.9,25.5,180.2,72.5,22.3
161.2,57.4,22.1,160.2,55.7,21.7
176.6,60.2,19.3,175.0,62.6,20.4
171.9,55.8,18.9,170.2,57.2,19.7
179.0,76.6,23.9,177.8,67.2,21.3
178.2,64.1,20.2,177.5,67.7,21.5
171.2,64.1,21.9,170.7,60.6,20.8
178.2,73.6,23.2,175.9,79.2,25.6
171.0,69.0,23.6,170.6,64.2,22.1
171.7,79.8,27.1,170.3,70.6,24.3
180.6,65.5,20.1,179.3,67.1,20.9
181.6,77.0,23.3,180.3,69.7,21.4
179.2,54.8,17.1,177.3,63.3,20.1
178.0,81.3,25.7,176.0,77.2,24.9
178.3,69.4,21.8,176.8,69.3,22.2
183.7,75.4,22.3,181.9,72.0,21.8
182.7,94.7,28.4,180.4,86.5,26.6
170.9,62.8,21.5,170.2,67.1,23.2
181.4,74.3,22.6,179.7,82.4,25.5
176.1,69.2,22.3,175.6,67.7,22.0
162.6,57.4,21.7,161.2,58.2,22.4
179.5,78.5,24.4,178.3,77.8,24.5
179.4,97.3,30.2,177.6,97.4,30.9
178.0,103.1,32.5,175.3,95.4,31.0
166.6,65.2,23.5,165.4,62.4,22.8
172.5,115.5,38.8,171.5,106.9,36.3
174.1,72.5,23.9,172.7,77.3,25.9
172.6,72.4,24.3,170.9,72.1,24.7
174.0,57.6,19.0,171.6,63.5,21.6
174.8,71.4,23.4,173.3,64.4,21.5
181.6,71.5,21.7,180.3,68.1,21.0
171.5,57.7,19.6,170.1,54.5,18.8
181.3,69.0,21.0,180.8,80.3,24.6
165.4,70.9,25.9,165.0,69.5,25.5
169.9,50.3,17.4,168.5,54.2,19.1
184.0,58.0,17.1,181.5,60.4,18.3
167.0,53.2,19.1,164.8,52.3,19.3
177.7,101.5,32.1,177.0,103.9,33.2
168.2,68.8,24.3,167.6,63.5,22.6
178.1,82.7,26.1,176.0,82.7,26.7
174.2,90.9,30.0,172.7,89.4,30.0
167.1,76.2,27.3,167.4,72.1,25.7
172.3,103.2,34.8,171.3,100.7,34.3
179.9,65.5,20.2,179.3,62.3,19.4
179.8,74.3,23.0,178.1,67.6,21.3
174.6,66.1,21.7,173.5,67.8,22.5
184.2,79.1,23.3,182.4,75.3,22.6
181.1,64.9,19.8,178.7,61.5,19.3
173.3,61.4,20.4,172.3,65.7,22.1
177.5,93.6,29.7,176.1,94.9,30.6
176.4,59.2,19.0,175.2,55.1,17.9
173.8,84.2,27.9,172.2,84.7,28.6
174.8,105.6,34.6,174.1,106.3,35.1
176.9,65.3,20.9,175.6,60.5,19.6
177.0,87.5,27.9,174.6,92.3,30.3
176.7,57.3,18.4,175.4,55.9,18.2
171.1,52.8,18.0,168.6,54.5,19.2
167.4,69.8,24.9,167.1,78.7,28.2
171.5,75.0,25.5,170.6,81.4,28.0
180.7,108.7,33.3,178.8,96.6,30.2
175.0,63.3,20.7,174.1,61.4,20.2
172.6,72.0,24.2,171.1,70.3,24.0
167.3,82.7,29.5,166.3,87.0,31.5
180.7,72.1,22.1,179.4,72.7,22.6
167.9,56.5,20.0,167.3,59.0,21.1
180.3,93.1,28.6,178.7,90.3,28.3
172.2,67.9,22.9,171.2,73.6,25.1
170.8,102.4,35.1,169.4,99.8,34.8
173.0,76.8,25.7,171.9,82.2,27.8
177.2,75.9,24.2,176.3,68.1,21.9
179.0,56.9,17.8,177.9,60.0,19.0
178.2,86.4,27.2,176.2,86.8,28.0
184.1,81.0,23.9,182.6,79.9,24.0
184.7,64.2,18.8,182.2,67.0,20.2
171.6,70.4,23.9,171.6,68.2,23.2
170.5,65.0,22.4,168.6,66.0,23.2
180.1,77.9,24.0,178.4,83.5,26.2
181.5,93.4,28.4,180.6,88.7,27.2
171.1,58.4,19.9,170.4,61.1,21.1
179.2,88.6,27.6,178.0,88.7,28.0
185.5,79.8,23.2,183.9,81.4,24.1
178.9,70.1,21.9,176.9,70.1,22.4
178.4,90.3,28.4,177.8,89.4,28.3
179.8,85.3,26.4,178.5,80.7,25.3
179.7,66.7,20.7,178.1,67.6,21.3
168.5,60.3,21.2,167.8,60.1,21.3
169.6,54.7,19.0,167.9,56.7,20.1
170.9,63.2,21.6,170.0,63.5,22.0
172.8,55.8,18.7,171.7,60.2,20.4
181.4,66.2,20.1,179.5,68.4,21.2
173.5,92.7,30.8,172.0,96.9,32.8
165.8,66.4,24.2,166.4,64.6,23.4
171.5,56.7,19.3,169.5,59.7,20.8
173.0,82.1,27.4,171.4,85.3,29.0
175.8,66.6,21.5,174.5,59.2,19.5
179.9,71.2,22.0,178.9,68.1,21.3
169.2,59.7,20.9,168.3,59.0,20.8
176.3,85.2,27.4,176.2,87.8,28.3
176.2,73.4,23.6,175.0,70.9,23.1
176.7,61.4,19.7,175.3,60.7,19.8
177.2,81.1,25.8,176.1,77.7,25.1
164.7,76.4,28.2,164.4,68.5,25.3
166.3,85.3,30.8,165.9,86.2,31.3
167.7,47.6,16.9,166.1,50.3,18.2
168.2,98.1,34.7,168.2,96.6,34.2
174.4,74.1,24.4,173.0,68.3,22.8
163.8,47.6,17.7,163.0,51.6,19.4
179.1,65.3,20.4,177.6,64.7,20.5
179.8,82.2,25.4,177.5,80.0,25.4
178.2,53.8,16.9,176.9,54.2,17.3
180.1,70.2,21.6,179.6,68.7,21.3
175.2,96.4,31.4,173.4,98.1,32.6
171.0,69.2,23.7,170.4,72.2,24.9
170.6,75.8,26.0,169.3,81.7,28.5
167.1,61.2,21.9,166.4,67.2,24.3
174.6,52.7,17.3,172.8,60.6,20.3
182.4,101.2,30.4,180.4,92.9,28.5
171.4,69.5,23.7,169.4,61.4,21.4
171.0,68.4,23.4,169.1,68.4,23.9
178.2,81.8,25.8,177.2,87.0,27.7
175.7,83.8,27.1,174.6,76.8,25.2
165.5,67.0,24.5,165.7,63.2,23.0
179.3,80.0,24.9,177.5,76.6,24.3
172.7,110.5,37.0,171.3,103.7,35.3
165.8,57.1,20.8,164.1,52.4,19.5
166.1,55.7,20.2,164.1,55.3,20.5
176.2,61.1,19.7,174.3,62.7,20.6
168.4,63.8,22.5,167.8,62.2,22.1
171.9,82.5,27.9,170.0,77.1,26.7
175.3,86.1,28.0,174.0,78.8,26.0
172.0,52.4,17.7,169.5,60.9,21.2
180.7,85.7,26.2,178.7,83.1,26.0
186.7,92.2,26.5,185.6,92.5,26.9
178.5,58.4,18.3,177.7,62.6,19.8
168.8,56.6,19.9,167.3,60.9,21.7
172.9,78.4,26.2,172.4,81.5,27.4
180.6,71.4,21.9,179.7,65.6,20.3
164.5,49.3,18.2,161.9,48.8,18.6
184.0,99.2,29.3,181.8,93.0,28.1
177.1,73.9,23.6,175.5,72.1,23.4
175.2,62.3,20.3,173.9,65.1,21.5
176.9,66.6,21.3,174.9,65.5,21.4
172.1,74.8,25.3,170.7,83.8,28.8
170.9,73.7,25.2,169.8,66.6,23.1
180.0,68.9,21.3,178.4,69.8,21.9
173.8,63.3,21.0,172.6,65.3,21.9
173.1,58.0,19.4,171.8,58.6,19.8
167.5,56.6,20.2,167.0,57.3,20.5
173.6,57.4,19.0,172.2,61.7,20.8
169.1,48.4,16.9,167.6,52.3,18.6
168.2,82.0,29.0,168.5,87.4,30.8
173.2,56.4,18.8,170.9,51.8,17.7
180.1,60.5,18.7,178.1,61.4,19.3
174.3,73.3,24.1,173.0,75.6,25.2
177.6,56.6,17.9,175.2,62.9,20.5
172.1,92.0,31.1,169.7,93.6,32.5
186.0,82.7,23.9,183.5,84.2,25.0
177.4,55.9,17.8,175.8,57.0,18.5
174.9,69.0,22.6,173.6,68.9,22.9
183.0,59.1,17.6,181.9,57.4,17.4
170.6,60.9,20.9,170.2,63.9,22.1
178.2,62.7,19.7,177.0,60.1,19.2
179.8,63.0,19.5,177.4,62.6,19.9
169.2,57.3,20.0,167.5,57.8,20.6
179.2,54.7,17.0,178.8,53.9,16.9
174.4,69.4,22.8,172.4,74.8,25.2
180.0,62.5,19.3,178.4,63.0,19.8
172.3,64.9,21.9,171.1,60.1,20.5
164.5,64.6,23.9,162.7,66.6,25.2
176.9,60.4,19.3,174.7,66.3,21.7
168.1,71.1,25.2,167.7,68.7,24.4
170.1,59.1,20.4,169.3,56.5,19.7
168.9,64.6,22.6,168.3,56.1,19.8
171.7,50.6,17.2,169.7,56.6,19.7
176.2,74.9,24.1,174.6,72.7,23.8
172.0,60.6,20.5,170.0,60.8,21.0
182.0,67.9,20.5,180.8,69.5,21.3
174.3,105.3,34.7,173.3,100.3,33.4
183.7,74.0,21.9,182.3,72.4,21.8
179.6,69.8,21.6,178.4,70.6,22.2
177.1,72.0,23.0,176.6,65.1,20.9
167.5,59.3,21.1,166.2,55.0,19.9
163.4,47.3,17.7,162.2,49.2,18.7
172.7,75.0,25.1,172.0,79.1,26.7
172.4,90.0,30.3,171.9,86.8,29.4
174.2,79.5,26.2,173.2,78.6,26.2
173.4,77.9,25.9,172.7,75.7,25.4
186.5,93.4,26.9,183.5,93.0,27.6
171.0,53.0,18.1,170.4,57.6,19.8
174.1,71.1,23.5,173.7,62.0,20.5
168.7,61.1,21.5,168.1,67.9,24.0
176.3,64.9,20.9,174.8,61.5,20.1
167.7,70.9,25.2,167.3,67.2,24.0
168.0,49.8,17.6,167.2,54.3,19.4
170.8,61.6,21.1,169.1,57.4,20.1
171.4,64.1,21.8,169.6,63.5,22.1
180.3,54.0,16.6,178.7,60.4,18.9
173.2,80.2,26.7,172.3,75.2,25.3
180.1,88.6,27.3,178.4,84.1,26.4
181.7,99.7,30.2,179.5,100.4,31.2
177.0,52.0,16.6,174.4,51.8,17.0
170.7,66.3,22.8,169.5,62.9,21.9
169.8,58.7,20.4,167.7,58.6,20.8
171.4,62.4,21.2,169.5,63.6,22.1
172.8,61.6,20.6,171.3,59.6,20.3
171.2,60.9,20.8,169.4,59.4,20.7
175.8,77.7,25.1,174.3,78.4,25.8
164.1,72.5,26.9,163.6,69.0,25.8
177.1,63.4,20.2,175.2,59.8,19.5
177.8,66.3,21.0,176.7,63.1,20.2
175.0,75.0,24.5,173.6,73.3,24.3
180.7,77.9,23.9,178.2,78.9,24.9
189.1,70.4,19.7,186.4,76.1,21.9
178.1,70.2,22.1,176.0,66.0,21.3
163.8,90.5,33.7,164.2,90.8,33.7
168.5,69.2,24.4,167.4,66.2,23.6
180.8,78.8,24.1,178.0,77.5,24.4
179.4,70.6,21.9,177.5,73.4,23.3
180.6,90.5,27.7,179.2,93.9,29.3
183.5,106.6,31.7,181.2,106.1,32.3
174.3,65.0,21.4,173.1,59.7,19.9
177.0,86.9,27.7,176.0,82.3,26.6
175.3,59.7,19.4,174.4,63.3,20.8
177.6,85.8,27.2,177.0,84.8,27.1
184.4,81.5,24.0,182.1,84.0,25.3
174.4,60.2,19.8,172.9,67.9,22.7
169.9,55.8,19.3,168.5,60.0,21.1
180.2,76.0,23.4,178.2,73.5,23.2
168.3,46.8,16.5,165.8,47.4,17.2
177.5,85.4,27.1,175.4,82.4,26.8
178.9,67.7,21.2,177.5,70.4,22.3
172.4,85.8,28.9,170.9,83.6,28.6
171.5,62.2,21.1,170.0,57.8,20.0
169.8,74.3,25.8,168.9,81.2,28.4
175.3,60.6,19.7,172.9,67.4,22.5
174.5,77.4,25.4,172.4,74.0,24.9
180.6,79.7,24.4,179.8,83.0,25.7
180.6,88.3,27.1,179.6,90.7,28.1
190.2,94.3,26.1,188.5,95.2,26.8
182.7,73.2,21.9,181.3,72.3,22.0
168.0,58.0,20.5,167.0,54.3,19.5
181.0,55.0,16.8,179.8,58.2,18.0
167.2,60.6,21.7,165.8,54.6,19.9
174.1,56.9,18.8,171.6,59.2,20.1
177.7,71.3,22.6,177.3,71.8,22.9
174.1,52.4,17.3,172.1,54.4,18.4
183.7,78.0,23.1,181.5,76.8,23.3
174.3,80.2,26.4,172.8,76.7,25.7
181.0,54.6,16.7,179.0,63.7,19.9
178.1,93.1,29.4,177.3,92.7,29.5
172.9,66.2,22.1,171.6,63.8,21.7
185.6,85.7,24.9,184.4,82.1,24.1
176.9,66.1,21.1,176.2,69.5,22.4
180.5,79.1,24.3,179.8,75.6,23.4
176.4,84.1,27.0,174.0,88.8,29.3
174.7,81.4,26.7,172.5,78.7,26.4
181.9,89.2,27.0,179.8,87.8,27.1
173.7,50.7,16.8,171.4,55.3,18.8
168.9,64.8,22.7,168.1,60.7,21.5
177.3,64.5,20.5,176.3,60.9,19.6
167.4,59.2,21.1,166.9,61.5,22.1
170.6,56.6,19.4,169.1,61.0,21.3
172.2,65.0,21.9,170.4,68.9,23.7
174.4,63.8,21.0,172.3,62.6,21.1
172.1,70.9,23.9,170.5,72.3,24.9
172.3,57.2,19.3,170.5,56.6,19.5
176.0,83.6,27.0,173.8,78.4,25.9
164.0,53.1,19.7,161.3,48.3,18.6
182.2,77.8,23.4,181.0,76.7,23.4
174.6,85.1,27.9,174.4,87.4,28.7
172.0,66.0,22.3,169.9,63.7,22.1
170.8,64.3,22.0,168.8,56.7,19.9
183.8,85.5,25.3,182.7,72.4,21.7
161.1,59.8,23.0,160.4,59.9,23.3
184.4,77.2,22.7,183.7,72.0,21.3
171.6,70.0,23.8,170.5,68.9,23.7
171.8,63.8,21.6,170.7,64.7,22.2
167.7,62.8,22.3,167.5,62.7,22.3
181.5,74.1,22.5,180.1,68.0,21.0
179.1,70.0,21.8,176.8,74.4,23.8
170.5,56.6,19.5,168.4,59.8,21.1
181.4,64.5,19.6,179.1,69.1,21.6
177.8,68.0,21.5,176.2,65.1,21.0
177.0,82.0,26.2,175.1,81.2,26.5
189.3,119.4,33.3,186.0,110.2,31.9
175.2,78.5,25.6,175.2,74.3,24.2
176.3,90.7,29.2,175.9,91.1,29.4
173.1,59.4,19.8,172.8,60.2,20.2
174.7,68.0,22.3,174.0,64.6,21.4
173.9,60.2,19.9,171.2,54.6,18.6
175.7,65.7,21.3,174.4,62.9,20.7
179.0,71.3,22.3,177.5,76.8,24.4
175.2,80.4,26.2,173.1,81.3,27.1
179.6,80.2,24.9,178.5,77.5,24.3
170.7,69.8,24.0,169.1,68.7,24.0
178.3,80.5,25.3,177.0,79.8,25.5
173.8,97.2,32.2,173.6,81.8,27.2
188.1,65.6,18.5,185.7,62.7,18.2
168.4,71.6,25.2,166.7,78.1,28.1
170.3,76.5,26.4,168.9,78.6,27.6
176.9,69.5,22.2,175.7,66.8,21.6
176.3,66.3,21.3,174.6,66.0,21.6
168.9,65.3,22.9,167.6,62.8,22.4
168.7,73.3,25.8,167.9,72.4,25.7
175.8,89.7,29.0,174.3,88.3,29.1
176.2,66.4,21.4,174.7,64.8,21.2
166.9,64.2,23.0,167.2,64.9,23.2
167.2,87.9,31.4,166.3,82.8,30.0
165.3,63.6,23.3,165.5,69.3,25.3
170.8,84.0,28.8,169.3,83.1,29.0
180.2,61.1,18.8,178.1,63.7,20.1
173.0,66.6,22.3,171.9,67.9,23.0
173.9,74.5,24.6,172.0,83.3,28.2
182.4,79.3,23.8,181.5,71.2,21.6
172.9,61.9,20.7,172.4,62.6,21.1
174.0,67.0,22.1,172.1,74.3,25.1
174.2,59.4,19.6,173.0,59.3,19.8
173.1,72.1,24.1,171.5,68.4,23.2
173.6,80.5,26.7,171.0,81.0,27.7
178.3,74.6,23.5,177.1,70.9,22.6
170.2,68.7,23.7,168.8,67.8,23.8
170.9,65.4,22.4,169.8,59.3,20.6
171.7,80.1,27.2,170.7,78.8,27.1
171.1,88.6,30.3,171.3,86.2,29.4
172.7,69.1,23.2,170.6,64.8,22.3
171.6,60.0,20.4,169.7,58.9,20.4
174.4,70.2,23.1,173.8,66.4,22.0
164.8,56.2,20.7,162.9,49.4,18.6
180.0,80.0,24.7,179.3,77.6,24.1
172.4,65.3,22.0,171.0,67.9,23.2
176.3,87.0,28.0,175.6,83.6,27.1
184.0,68.8,20.3,183.2,66.9,19.9
173.7,101.7,33.7,172.1,105.9,35.8
178.7,70.5,22.1,176.3,73.2,23.6
169.9,64.5,22.3,168.2,61.7,21.8
175.4,67.5,21.9,173.3,64.2,21.4
174.1,89.4,29.5,171.9,90.7,30.7
177.7,67.1,21.2,176.3,60.2,19.4
175.9,95.1,30.7,174.1,86.8,28.6
173.1,92.0,30.7,171.1,79.8,27.3
169.4,63.2,22.0,168.3,62.8,22.2
173.1,60.0,20.0,170.9,57.4,19.7
173.0,92.9,31.0,171.5,96.6,32.8
174.0,80.8,26.7,173.1,82.6,27.6
174.2,74.1,24.4,172.1,77.2,26.1
177.4,61.8,19.6,175.8,58.6,19.0
165.0,72.6,26.7,164.9,73.5,27.0
167.4,71.2,25.4,166.5,71.1,25.6
172.6,98.6,33.1,172.2,95.6,32.2
171.0,85.1,29.1,169.3,83.6,29.2
177.2,54.5,17.4,174.9,62.6,20.5
170.9,60.3,20.6,169.3,56.4,19.7
173.5,68.9,22.9,172.2,73.0,24.6
176.1,83.6,27.0,174.2,77.7,25.6
177.5,94.0,29.8,176.5,89.9,28.9
176.6,62.3,20.0,174.3,58.8,19.3
175.8,67.3,21.8,175.3,70.3,22.9
175.6,87.0,28.2,173.5,84.8,28.2
176.8,56.1,17.9,175.4,60.3,19.6
182.1,72.8,22.0,180.7,66.9,20.5
165.7,62.4,22.7,164.6,66.8,24.6
177.4,67.3,21.4,175.2,65.8,21.4
179.5,85.8,26.6,178.1,88.1,27.8
179.7,64.7,20.0,178.4,57.9,18.2
174.8,62.0,20.3,174.4,64.8,21.3
185.1,76.1,22.2,183.6,74.1,22.0
184.2,78.2,23.0,183.1,77.5,23.1
172.0,53.3,18.0,170.8,58.3,20.0
173.2,70.3,23.4,172.1,72.0,24.3
174.7,59.4,19.5,173.7,59.7,19.8
174.8,58.3,19.1,174.1,60.3,19.9
182.9,75.1,22.4,182.5,81.1,24.4
165.6,64.3,23.4,164.3,63.5,23.5
170.2,50.2,17.3,168.2,49.7,17.6
173.9,81.2,26.9,172.5,76.9,25.8
180.8,85.2,26.1,179.7,88.2,27.3
167.8,80.7,28.7,166.8,86.1,30.9
168.4,71.1,25.1,167.7,65.3,23.2
173.9,69.5,23.0,172.8,69.2,23.2
169.0,63.4,22.2,167.1,59.0,21.1
173.4,67.4,22.4,172.5,65.9,22.1
170.1,67.4,23.3,168.6,69.1,24.3
165.9,54.0,19.6,163.6,50.8,19.0
178.3,87.4,27.5,176.9,70.1,22.4
174.3,81.1,26.7,172.8,88.6,29.7
172.8,73.5,24.6,172.0,74.6,25.2
168.8,61.6,21.6,167.5,65.3,23.3
182.3,69.5,20.9,181.0,58.3,17.8
177.8,71.5,22.6,176.0,75.5,24.4
176.4,103.3,33.2,174.7,106.0,34.7
171.2,76.0,25.9,170.9,74.2,25.4
165.0,71.4,26.2,164.0,66.2,24.6
172.6,51.4,17.3,170.3,53.1,18.3
180.3,113.2,34.8,178.4,115.4,36.3
179.6,67.8,21.0,177.9,71.8,22.7
172.1,73.4,24.8,170.0,75.4,26.1
173.9,86.4,28.6,173.4,84.9,28.2
165.3,65.9,24.1,163.5,59.4,22.2
175.0,99.0,32.3,173.9,99.7,33.0
173.2,77.9,26.0,171.4,76.0,25.9
178.5,72.1,22.6,176.3,62.2,20.0
186.9,85.8,24.6,184.8,85.1,24.9
166.5,48.0,17.3,163.6,46.9,17.5
171.8,51.7,17.5,169.4,52.4,18.3
168.0,73.6,26.1,166.6,73.8,26.6
173.0,67.2,22.5,171.4,67.4,22.9
178.1,124.6,39.3,176.8,110.2,35.2
172.5,74.0,24.9,171.2,81.1,27.7
171.3,91.7,31.3,170.7,97.1,33.3
184.7,83.6,24.5,182.1,84.1,25.3
179.3,61.3,19.1,177.7,64.1,20.3
170.5,81.3,28.0,170.2,82.7,28.5
178.7,72.2,22.6,176.6,66.0,21.2
178.6,95.8,30.0,177.3,100.2,31.9
182.2,65.3,19.7,181.3,66.2,20.1
175.9,60.8,19.7,173.8,59.4,19.7
178.9,91.8,28.7,178.4,87.9,27.6
173.6,62.3,20.7,172.7,64.1,21.5
181.3,70.3,21.4,179.6,68.4,21.2
178.2,51.4,16.2,176.8,56.5,18.1
173.6,65.2,21.6,172.1,59.8,20.2
168.1,64.4,22.8,166.8,61.4,22.1
181.0,80.0,24.4,179.2,76.9,23.9
173.2,74.1,24.7,171.2,64.8,22.1
174.5,92.9,30.5,173.7,85.2,28.3
176.6,75.1,24.1,175.1,74.6,24.3
181.7,80.0,24.2,180.6,85.4,26.2
164.8,50.9,18.7,162.5,50.4,19.1
172.4,86.2,29.0,172.2,84.2,28.4
171.9,70.9,24.0,171.7,72.3,24.5
174.5,56.2,18.5,172.5,61.3,20.6
179.3,86.5,26.9,177.4,86.1,27.4
176.0,63.5,20.5,174.2,59.9,19.7
173.1,60.0,20.0,171.1,56.6,19.3
177.9,74.9,23.7,176.6,80.5,25.8
178.6,88.1,27.6,177.5,80.8,25.7
178.7,71.9,22.5,177.5,84.5,26.8
180.8,70.6,21.6,179.4,65.0,20.2
165.2,55.2,20.2,163.6,53.8,20.1
174.8,66.8,21.9,173.8,60.7,20.1
179.0,112.3,35.0,177.7,103.6,32.8
181.4,79.4,24.1,179.0,79.6,24.9
171.9,57.0,19.3,170.1,60.7,21.0
177.5,104.6,33.2,175.7,104.0,33.7
181.8,78.4,23.7,181.3,78.9,24.0
176.8,76.1,24.3,175.3,73.1,23.8
167.4,54.1,19.3,166.7,55.0,19.8
166.7,67.5,24.3,166.5,65.5,23.6
175.3,63.2,20.6,174.0,71.8,23.7
164.9,51.7,19.0,163.8,49.9,18.6
166.5,58.7,21.2,166.8,64.5,23.2
166.3,65.7,23.8,165.6,61.2,22.3
176.8,82.2,26.3,176.2,83.1,26.8
168.7,83.4,29.3,167.7,83.5,29.7
170.1,87.5,30.2,168.4,92.6,32.7
171.2,67.3,23.0,171.1,68.3,23.3
179.2,75.7,23.6,177.6,72.7,23.1
167.3,79.6,28.4,166.6,92.6,33.4
178.7,92.8,29.1,178.0,92.2,29.1
180.1,76.0,23.4,177.8,83.3,26.4
168.0,62.9,22.3,167.2,62.3,22.3
172.3,72.0,24.3,170.6,71.4,24.6
171.6,83.2,28.3,170.3,81.6,28.1
186.4,66.5,19.1,185.1,67.6,19.7
185.1,69.5,20.3,183.2,70.5,21.0
176.9,61.0,19.5,176.0,62.4,20.2
173.9,66.0,21.8,174.1,67.2,22.2
166.9,71.0,25.5,167.3,78.4,28.0
173.9,85.2,28.2,173.2,79.5,26.5
167.1,63.3,22.7,166.4,56.0,20.2
168.7,64.5,22.7,167.9,61.6,21.9
174.3,86.9,28.6,173.7,84.2,27.9
169.0,64.4,22.5,168.1,58.5,20.7
180.3,62.4,19.2,178.9,65.4,20.4
171.6,79.2,26.9,170.8,79.0,27.1
166.0,55.2,20.0,165.9,60.4,21.9
176.3,86.2,27.7,174.4,86.1,28.3
170.6,64.9,22.3,170.0,60.8,21.1
173.7,53.0,17.6,171.3,55.7,19.0
169.9,76.9,26.6,168.3,73.1,25.8
178.6,63.4,19.9,176.8,59.5,19.0
178.1,81.7,25.8,176.4,79.7,25.6
172.1,51.9,17.5,170.0,54.1,18.7
172.9,89.8,30.0,172.3,90.6,30.5
173.4,80.9,26.9,171.4,78.5,26.7
180.9,82.7,25.3,178.9,79.3,24.8
171.2,75.9,25.9,169.4,76.7,26.7
181.3,59.5,18.1,179.6,58.1,18.0
176.4,66.1,21.2,175.7,57.0,18.4
182.6,71.6,21.5,180.8,73.4,22.4
168.2,58.4,20.6,167.1,54.9,19.7
170.2,92.7,32.0,169.5,92.0,32.0
173.2,56.5,18.8,171.4,58.1,19.8
167.3,46.5,16.6,166.0,47.2,17.1
171.2,91.1,31.1,169.3,88.3,30.8
171.1,53.1,18.1,170.5,56.4,19.4
177.5,89.5,28.4,175.5,92.1,29.9
180.3,77.6,23.9,179.3,80.3,25.0
183.1,80.0,23.9,181.4,71.1,21.6
178.6,67.6,21.2,176.9,66.9,21.4
172.1,68.1,23.0,170.2,64.1,22.1
168.7,55.0,19.3,167.3,61.9,22.1
175.4,74.2,24.1,173.9,74.0,24.5
173.4,77.9,25.9,172.3,76.0,25.6
173.6,69.8,23.2,172.1,66.9,22.6
170.6,72.7,25.0,170.0,74.2,25.7
180.6,78.0,23.9,179.0,74.5,23.2
177.8,78.2,24.7,177.4,83.7,26.6
180.4,57.0,17.5,178.9,62.3,19.5
173.3,61.3,20.4,171.4,62.7,21.4
172.8,86.0,28.8,171.0,83.2,28.5
179.5,55.3,17.2,178.1,61.3,19.3
168.3,74.4,26.3,167.3,74.9,26.7
168.1,60.5,21.4,166.7,59.5,21.4
169.6,80.7,28.1,168.6,79.8,28.1
177.2,87.2,27.8,175.3,86.4,28.1
171.1,66.9,22.9,170.1,61.1,21.1
175.4,59.4,19.3,174.7,64.2,21.0
164.1,50.2,18.6,162.3,52.3,19.8
170.1,62.0,21.4,168.4,57.6,20.3
179.3,83.0,25.8,177.1,85.0,27.1
180.8,85.5,26.2,179.5,88.6,27.5
170.2,66.8,23.1,169.2,68.1,23.8
183.1,77.5,23.1,182.0,77.2,23.3
177.2,73.9,23.5,174.9,75.4,24.6
170.0,55.0,19.0,168.0,50.5,17.9
182.4,72.2,21.7,180.2,69.7,21.5
176.2,72.8,23.4,175.3,68.3,22.2
170.5,64.8,22.3,170.0,66.5,23.0
169.3,119.2,41.6,170.7,110.6,37.9
174.9,76.7,25.1,173.8,73.1,24.2
170.6,108.9,37.4,171.1,106.7,36.4
173.2,65.1,21.7,172.6,64.5,21.7
183.3,77.4,23.0,181.7,75.2,22.8
167.2,60.6,21.7,165.8,54.6,19.9
175.8,65.4,21.2,174.4,63.2,20.8
177.6,62.8,19.9,177.0,61.9,19.8
187.8,75.3,21.4,185.1,68.8,20.1
177.6,66.4,21.1,176.5,76.9,24.7
168.8,56.6,19.9,167.3,55.7,19.9
171.7,65.6,22.3,170.3,59.6,20.5
174.6,67.0,22.0,173.5,67.5,22.4
175.6,60.7,19.7,175.1,65.9,21.5
170.5,61.0,21.0,169.8,61.3,21.2
176.8,62.5,20.0,176.6,62.1,19.9
186.1,109.3,31.6,183.3,109.3,32.5
172.6,65.7,22.1,171.8,70.0,23.7
175.0,72.7,23.7,174.5,79.3,26.0
189.3,76.1,21.2,186.4,76.7,22.1
184.9,85.4,25.0,182.5,84.4,25.3
169.9,55.6,19.3,168.9,56.9,20.0
174.7,70.1,23.0,172.8,73.0,24.4
169.7,78.0,27.1,168.6,79.3,27.9
177.6,80.8,25.6,176.7,75.7,24.3
176.3,90.6,29.1,175.3,100.3,32.6
171.6,75.9,25.8,169.6,77.2,26.8
168.7,49.2,17.3,167.1,59.5,21.3
170.4,62.8,21.6,169.0,58.1,20.3
169.4,61.9,21.6,168.3,58.9,20.8
173.4,69.8,23.2,172.6,67.8,22.7
166.4,51.9,18.7,165.1,52.2,19.2
176.0,78.6,25.4,175.4,82.5,26.8
172.3,71.7,24.2,172.3,70.2,23.6
176.4,93.6,30.1,174.3,91.8,30.2
178.5,63.8,20.0,176.8,64.7,20.7
173.1,71.1,23.7,171.5,71.6,24.4
162.0,57.4,21.9,160.5,56.5,21.9
165.9,63.8,23.2,165.7,68.0,24.8
170.1,53.0,18.3,167.6,52.5,18.7
169.1,72.4,25.3,167.5,65.8,23.5
179.1,66.7,20.8,178.5,66.0,20.7
170.9,76.2,26.1,169.4,70.8,24.7
163.3,57.7,21.6,162.9,55.0,20.7
175.0,93.2,30.4,173.9,86.0,28.4
183.2,75.4,22.5,182.6,75.2,22.6
182.6,101.3,30.4,181.3,102.1,31.1
175.4,58.6,19.0,173.7,57.5,19.0
171.3,64.9,22.1,170.4,65.4,22.5
179.8,88.2,27.3,178.0,83.9,26.5
171.3,57.7,19.7,169.4,62.3,21.7
167.5,60.3,21.5,167.1,56.6,20.3
177.5,79.6,25.3,176.1,76.8,24.8
166.4,62.1,22.4,164.7,57.6,21.2
180.1,57.5,17.7,177.6,56.4,17.9
173.2,59.9,20.0,172.2,61.1,20.6
175.6,72.3,23.4,174.5,73.6,24.2
184.2,72.8,21.5,181.9,74.3,22.4
172.9,76.2,25.5,172.0,74.6,25.2
181.6,79.9,24.2,181.1,74.9,22.8
173.5,59.7,19.8,172.2,57.1,19.3
168.2,63.3,22.4,166.5,60.5,21.8
168.9,66.2,23.2,168.4,59.5,21.0
175.9,72.4,23.4,174.4,73.2,24.1
181.5,67.0,20.3,179.3,59.7,18.6
172.0,65.4,22.1,170.6,63.9,21.9
181.1,91.1,27.8,178.9,81.1,25.3
173.2,100.9,33.6,172.8,99.1,33.2
184.5,71.9,21.1,183.3,69.4,20.6
177.0,96.7,30.9,174.2,95.5,31.5
171.9,74.5,25.2,169.8,78.7,27.3
167.9,70.0,24.8,167.6,69.4,24.7
174.8,68.3,22.4,173.7,63.2,21.0
173.4,71.8,23.9,172.5,71.2,23.9
168.0,54.1,19.2,167.0,56.4,20.2
169.6,67.9,23.6,168.1,69.3,24.5
179.1,68.8,21.4,177.1,65.4,20.9
172.5,66.9,22.5,171.4,63.3,21.5
186.0,76.9,22.2,184.0,78.9,23.3
173.7,55.1,18.3,170.9,54.6,18.7
176.1,73.3,23.6,174.4,66.3,21.8
178.5,73.9,23.2,177.2,78.5,25.0
173.4,55.4,18.4,172.1,54.4,18.4
177.3,64.4,20.5,175.1,67.6,22.0
180.6,71.2,21.8,178.9,69.9,21.8
171.4,89.0,30.3,169.8,78.4,27.2
178.2,76.9,24.2,176.1,72.4,23.3
171.0,68.0,23.3,170.5,63.0,21.7
170.7,55.3,19.0,169.2,58.7,20.5
177.7,65.6,20.8,177.1,66.3,21.1
175.7,73.4,23.8,174.6,70.3,23.1
165.2,74.1,27.2,164.2,68.9,25.5
179.6,82.0,25.4,179.0,84.4,26.4
180.3,86.4,26.6,179.3,87.5,27.2
171.6,49.2,16.7,169.8,53.5,18.5
175.4,87.6,28.5,173.8,84.4,27.9
178.7,62.4,19.5,177.2,62.5,19.9
175.1,101.0,32.9,173.3,99.7,33.2
175.8,95.2,30.8,174.6,95.6,31.4
174.9,72.7,23.8,173.9,67.8,22.4
171.6,53.4,18.1,170.5,54.5,18.8
176.0,58.9,19.0,175.1,60.4,19.7
174.4,90.7,29.8,172.0,85.3,28.9
176.5,76.0,24.4,175.7,72.4,23.4
169.1,67.6,23.6,168.2,69.0,24.4
165.3,65.2,23.9,163.8,67.0,25.0
177.9,66.6,21.0,175.8,68.7,22.2
168.2,75.3,26.6,167.7,73.2,26.0
176.1,83.7,27.0,175.0,84.1,27.5
173.4,68.7,22.8,172.9,76.3,25.5
178.8,68.6,21.5,176.9,66.3,21.2
180.9,87.6,26.8,179.5,96.6,30.0
180.6,57.4,17.6,178.2,59.1,18.6
174.7,67.5,22.1,173.1,68.4,22.8
175.0,101.2,33.0,173.6,99.8,33.1
172.3,64.8,21.8,170.4,65.0,22.4
182.6,80.1,24.0,180.0,83.7,25.8
168.7,69.1,24.3,167.9,78.2,27.7
176.8,67.2,21.5,174.8,67.1,22.0
183.8,70.8,21.0,181.7,73.3,22.2
171.9,60.6,20.5,169.8,60.2,20.9
177.4,69.0,21.9,176.4,66.3,21.3
177.0,71.9,22.9,176.2,75.7,24.4
181.0,103.4,31.6,179.9,107.9,33.3
176.9,65.5,20.9,175.7,63.1,20.4
171.5,72.4,24.6,170.0,71.7,24.8
177.1,59.4,18.9,176.1,57.8,18.6
169.7,78.2,27.2,168.1,62.0,22.0
179.7,57.3,17.7,179.6,67.8,21.0
175.6,53.5,17.4,174.0,62.1,20.5
162.9,67.1,25.3,161.9,69.6,26.5
171.6,73.6,25.0,169.7,75.3,26.2
176.7,88.8,28.4,175.8,89.6,29.0
174.4,59.4,19.5,172.4,62.5,21.0
174.7,61.5,20.2,172.6,59.5,20.0
162.8,45.0,17.0,160.3,46.5,18.1
187.2,82.4,23.5,185.7,79.2,23.0
173.1,71.1,23.7,172.1,67.7,22.9
182.0,100.8,30.4,179.4,96.7,30.1
188.8,106.4,29.8,185.9,101.6,29.4
178.8,100.5,31.4,177.3,99.0,31.5
171.2,77.1,26.3,170.2,73.1,25.3
171.3,74.0,25.2,169.9,64.7,22.4
177.4,58.3,18.5,176.1,56.7,18.3
176.0,62.7,20.2,175.1,65.1,21.2
170.4,68.9,23.7,169.4,67.9,23.7
167.0,71.1,25.5,166.2,71.4,25.9
178.8,63.4,19.8,177.7,63.3,20.0
181.1,77.3,23.6,180.3,77.0,23.7
179.6,108.1,33.5,177.3,111.1,35.3
177.1,68.4,21.8,175.5,64.7,21.0
170.2,55.1,19.0,168.7,55.1,19.4
172.4,60.0,20.2,170.9,62.5,21.4
178.2,87.0,27.4,177.2,84.7,27.0
169.9,48.8,16.9,167.2,51.8,18.5
169.7,58.3,20.2,168.3,57.6,20.3
180.7,78.8,24.1,179.5,81.5,25.3
172.2,68.6,23.1,171.3,67.5,23.0
165.8,61.2,22.3,165.0,59.9,22.0
179.2,73.7,23.0,178.0,75.2,23.7
182.0,68.6,20.7,180.2,66.8,20.6
174.2,65.6,21.6,172.3,58.4,19.7
181.9,84.4,25.5,180.8,87.6,26.8
173.1,64.2,21.4,172.1,68.5,23.1
177.2,66.8,21.3,175.0,68.7,22.4
178.2,95.8,30.2,176.6,91.0,29.1
175.3,52.6,17.1,172.3,50.6,17.0
166.8,66.2,23.8,166.4,69.2,25.0
172.4,66.5,22.4,171.4,66.5,22.6
163.3,48.5,18.2,161.6,52.4,20.1
173.8,67.5,22.3,172.3,66.7,22.5
172.4,71.0,23.9,170.8,73.1,25.1
181.8,87.5,26.5,179.6,85.5,26.5
169.4,69.3,24.1,168.8,69.5,24.4
175.6,69.2,22.4,174.8,71.9,23.5
168.9,66.9,23.5,167.9,60.7,21.5
179.2,59.6,18.6,177.5,61.0,19.4
162.4,77.2,29.3,162.6,78.5,29.7
176.3,65.7,21.1,175.6,65.2,21.1
168.8,52.4,18.4,167.7,60.6,21.6
176.0,87.3,28.2,174.3,81.0,26.7
186.1,72.2,20.8,183.9,74.0,21.9
179.7,78.6,24.3,178.9,82.4,25.7
168.2,48.0,17.0,165.7,49.5,18.0
168.9,58.1,20.4,167.7,58.0,20.6
177.6,61.0,19.3,175.6,60.8,19.7
179.8,56.7,17.5,177.7,55.0,17.4
173.7,62.9,20.8,172.7,67.4,22.6
182.0,84.9,25.6,180.0,80.0,24.7
173.4,76.6,25.5,172.8,72.9,24.4
170.9,90.5,31.0,170.5,83.6,28.7
171.3,64.0,21.8,171.0,66.4,22.7
183.3,87.4,26.0,181.7,95.1,28.8
177.3,69.8,22.2,175.5,74.6,24.2
179.4,98.5,30.6,177.7,98.8,31.3
181.5,74.1,22.5,180.8,71.3,21.8
183.0,101.2,30.2,181.2,96.0,29.2
175.3,75.9,24.7,173.5,76.6,25.4
179.1,81.9,25.5,177.0,79.4,25.3
170.8,67.6,23.2,170.3,63.6,21.9
172.8,67.5,22.6,171.3,71.9,24.5
178.1,83.5,26.3,177.2,86.4,27.5
174.6,67.0,22.0,172.9,68.6,22.9
176.4,51.8,16.6,175.0,52.6,17.2
172.9,106.6,35.7,171.7,105.2,35.7
173.8,61.2,20.3,172.9,56.8,19.0
181.3,78.1,23.8,179.5,76.5,23.7
174.2,66.8,22.0,172.0,65.6,22.2
169.5,71.8,25.0,169.2,76.6,26.7
165.8,55.3,20.1,164.6,65.8,24.3
175.6,85.3,27.7,174.8,79.5,26.0
171.5,62.5,21.2,171.4,64.4,21.9
180.7,82.7,25.3,178.4,78.2,24.6
182.0,92.4,27.9,180.5,90.5,27.8
168.7,70.7,24.8,167.5,67.7,24.1
174.1,58.1,19.2,172.1,58.8,19.9
171.2,90.5,30.9,171.0,89.3,30.6
177.2,74.7,23.8,175.8,77.0,24.9
169.5,68.8,23.9,168.0,71.4,25.3
173.1,63.9,21.3,172.8,66.1,22.1
172.4,68.7,23.1,171.7,64.1,21.7
175.1,56.0,18.3,173.0,57.2,19.1
167.2,54.9,19.6,165.9,56.6,20.6
181.2,73.0,22.2,179.0,69.5,21.7
174.6,68.7,22.5,172.8,67.1,22.5
172.1,58.6,19.8,170.3,52.0,17.9
174.1,69.7,23.0,172.9,68.3,22.9
171.7,71.0,24.1,170.5,67.5,23.2
174.8,75.0,24.5,173.6,75.0,24.9
168.0,52.3,18.5,165.4,51.5,18.8
167.8,65.0,23.1,166.6,62.0,22.4
176.8,73.3,23.4,174.7,66.2,21.7
171.7,69.6,23.6,169.7,71.9,25.0
182.3,62.9,18.9,181.3,67.3,20.5
172.9,79.5,26.6,171.1,73.8,25.2
171.5,69.1,23.5,170.3,60.7,20.9
172.0,71.2,24.1,170.8,68.6,23.5
177.6,93.4,29.6,175.4,98.2,31.9
185.5,107.8,31.3,183.8,110.4,32.7
171.8,68.6,23.2,170.0,70.8,24.5
174.1,68.8,22.7,172.4,65.9,22.2
180.1,66.5,20.5,179.4,68.1,21.2
169.2,50.7,17.7,166.7,50.3,18.1
178.1,83.5,26.3,176.0,83.0,26.8
174.9,68.1,22.3,172.9,64.3,21.5
180.9,79.3,24.2,179.5,82.5,25.6
174.9,105.1,34.4,174.3,101.4,33.4
182.8,104.1,31.2,179.9,105.5,32.6
170.2,72.1,24.9,168.8,70.4,24.7
177.1,67.2,21.4,175.0,69.3,22.6
167.2,43.6,15.6,165.1,47.9,17.6
181.9,93.4,28.2,178.9,98.1,30.7
173.8,76.6,25.4,172.5,71.8,24.1
170.0,72.0,24.9,169.3,74.1,25.9
169.5,81.5,28.4,169.9,85.5,29.6
174.6,57.9,19.0,172.3,68.6,23.1
180.2,82.8,25.5,177.7,81.1,25.7
177.3,77.3,24.6,175.8,78.9,25.5
181.2,89.0,27.1,179.5,93.8,29.1
181.2,61.8,18.8,179.3,67.1,20.9
177.5,62.5,19.8,175.3,58.8,19.1
179.4,86.2,26.8,178.8,87.5,27.3
178.1,83.2,26.2,176.5,71.7,23.0
174.6,93.1,30.5,173.4,92.7,30.8
170.9,68.7,23.5,168.9,66.8,23.4
170.6,67.5,23.2,168.9,67.8,23.7
169.7,62.9,21.8,168.6,59.9,21.1
178.9,60.8,19.0,176.7,60.8,19.5
166.2,66.6,24.1,164.2,61.0,22.6
172.5,60.9,20.5,170.8,53.2,18.2
163.4,49.7,18.6,161.6,52.4,20.0
178.7,67.0,21.0,178.0,69.2,21.8
166.7,54.6,19.6,164.6,49.5,18.3
177.7,102.8,32.6,174.7,96.5,31.6
175.7,75.7,24.5,175.0,82.2,26.8
181.3,69.8,21.2,180.2,65.9,20.3
176.5,80.1,25.7,174.9,79.7,26.1
169.8,51.6,17.9,168.0,51.7,18.3
175.4,52.3,17.0,175.2,57.1,18.6
170.5,76.9,26.5,170.0,73.9,25.6
177.4,63.0,20.0,175.6,63.9,20.7
168.0,54.8,19.4,165.9,51.7,18.8
175.2,88.9,29.0,174.1,88.2,29.1
182.6,86.3,25.9,181.3,89.0,27.1
180.4,81.3,25.0,178.9,80.7,25.2
171.4,65.9,22.4,170.2,64.8,22.4
173.3,72.5,24.1,172.9,71.2,23.8
180.2,63.5,19.6,178.2,62.7,19.8
164.4,67.6,25.0,164.3,61.5,22.8
171.6,61.1,20.7,170.7,61.6,21.2
166.5,62.8,22.7,166.2,68.3,24.7
164.3,50.8,18.8,164.2,58.5,21.7
176.8,85.1,27.2,175.1,86.2,28.1
177.8,71.1,22.5,176.9,67.6,21.6
173.8,55.8,18.5,172.4,57.0,19.2
177.6,83.0,26.3,176.2,75.1,24.2
183.2,79.1,23.6,181.4,71.6,21.8
175.9,67.9,21.9,174.6,63.5,20.8
180.0,72.1,22.3,178.7,72.5,22.7
180.9,73.6,22.5,179.3,70.0,21.8
169.9,86.4,29.9,169.8,82.8,28.7
169.0,79.4,27.8,167.5,78.7,28.0
165.3,54.0,19.8,164.4,53.1,19.7
173.4,56.0,18.6,172.0,61.7,20.9
175.7,58.1,18.8,175.0,64.5,21.0
184.1,80.5,23.8,182.6,78.3,23.5
172.0,58.3,19.7,169.7,58.9,20.5
172.4,64.1,21.6,172.0,64.2,21.7
181.3,61.3,18.6,179.4,68.2,21.2
172.4,85.4,28.7,171.1,84.4,28.8
168.3,63.3,22.3,167.0,68.7,24.6
180.2,88.5,27.3,178.0,84.0,26.5
177.7,71.9,22.8,176.0,65.6,21.2
185.2,83.3,24.3,183.0,90.8,27.1
167.6,79.4,28.3,167.2,85.1,30.4
184.3,87.9,25.9,183.0,89.9,26.8
170.3,66.3,22.9,168.2,67.3,23.8
169.1,67.0,23.4,168.3,72.1,25.4
171.3,60.5,20.6,170.6,63.7,21.9
178.9,98.6,30.8,177.3,95.0,30.2
177.4,95.3,30.3,175.8,97.0,31.4
187.8,65.7,18.6,186.9,71.1,20.4
176.4,70.0,22.5,174.2,64.2,21.2
169.7,59.4,20.6,168.7,55.4,19.5
177.1,76.2,24.3,175.9,78.7,25.4
172.9,95.1,31.8,171.0,93.1,31.8
166.3,75.4,27.3,165.6,72.6,26.5
181.9,90.2,27.3,180.4,88.1,27.0
171.3,89.4,30.5,170.8,84.9,29.1
178.5,65.5,20.6,177.5,67.0,21.3
165.0,65.8,24.2,165.1,59.8,21.9
177.0,71.2,22.7,176.0,67.5,21.8
180.6,98.7,30.3,178.0,104.8,33.1
168.3,63.9,22.6,167.8,58.7,20.8
173.9,59.7,19.7,171.8,63.5,21.5
173.8,106.0,35.1,172.6,102.5,34.4
174.1,68.4,22.6,173.3,64.5,21.5
172.1,50.7,17.1,171.0,50.8,17.4
176.3,68.1,21.9,174.8,66.9,21.9
175.3,63.2,20.6,174.5,64.6,21.2
165.1,62.1,22.8,163.3,61.6,23.1
174.3,73.5,24.2,173.1,78.3,26.1
176.0,108.4,35.0,174.5,95.5,31.4
174.8,65.5,21.4,174.0,61.9,20.4
181.8,85.5,25.9,180.4,76.8,23.6
183.1,107.3,32.0,180.8,98.6,30.2
179.7,74.1,22.9,178.0,72.7,22.9
165.7,41.9,15.3,164.4,47.4,17.5
169.6,66.0,22.9,168.5,65.0,22.9
171.9,87.2,29.5,170.2,77.4,26.7
175.9,56.5,18.3,174.3,59.5,19.6
174.3,92.0,30.3,173.4,89.4,29.7
176.4,60.3,19.4,174.4,63.7,20.9
165.1,56.2,20.6,163.8,58.0,21.6
177.1,58.5,18.7,176.2,59.8,19.3
165.4,67.9,24.8,164.1,66.0,24.5
176.3,101.4,32.6,174.1,97.6,32.2
174.6,64.3,21.1,173.5,64.9,21.6
169.8,66.2,23.0,169.0,64.6,22.6
176.8,76.5,24.5,175.4,69.5,22.6
177.0,91.9,29.3,176.3,90.3,29.1
168.1,48.7,17.2,166.5,52.7,19.0
182.6,88.9,26.7,180.6,85.7,26.3
179.0,67.5,21.1,177.7,62.9,19.9
181.5,93.7,28.4,180.6,90.7,27.8
181.4,97.2,29.5,179.9,87.2,26.9
174.4,59.3,19.5,172.6,59.9,20.1
168.3,70.3,24.8,167.7,65.7,23.3
183.1,68.6,20.5,181.3,71.4,21.7
166.8,96.0,34.5,165.8,98.4,35.8
173.8,84.4,27.9,172.2,87.5,29.5
176.7,81.3,26.0,174.6,74.7,24.5
184.2,99.9,29.4,181.6,101.9,30.9
172.4,54.1,18.2,171.0,52.7,18.0
166.8,71.8,25.8,164.8,65.1,24.0
172.0,69.6,23.5,171.4,67.9,23.1
179.5,71.2,22.1,177.8,68.9,21.8
180.3,86.0,26.5,179.0,85.8,26.8
168.5,71.6,25.2,167.6,67.2,23.9
175.7,70.0,22.7,174.4,70.1,23.0
170.2,85.9,29.7,168.9,83.4,29.2
176.1,73.5,23.7,174.2,73.4,24.2
180.1,79.5,24.5,178.5,71.1,22.3
177.6,100.8,32.0,176.7,95.0,30.5
167.8,67.0,23.8,167.4,68.5,24.4
171.9,65.0,22.0,170.3,60.3,20.8
179.4,83.1,25.8,178.1,78.4,24.7
169.6,69.2,24.1,168.7,72.2,25.4
171.4,84.8,28.9,170.7,84.4,29.0
184.1,97.3,28.7,182.7,89.3,26.8
174.3,77.3,25.4,173.3,71.9,23.9
181.1,90.3,27.5,180.3,91.1,28.0
172.5,74.6,25.1,171.2,74.4,25.4
176.1,85.2,27.5,175.1,87.0,28.4
181.8,76.2,23.1,180.1,69.3,21.4
172.3,67.1,22.6,171.6,69.9,23.7
170.9,53.8,18.4,169.2,52.7,18.4
175.8,70.1,22.7,174.8,67.2,22.0
175.1,64.7,21.1,172.7,60.8,20.4
177.1,69.8,22.3,176.1,67.6,21.8
174.4,62.2,20.5,172.7,61.8,20.7
172.3,69.7,23.5,172.1,66.6,22.5
173.6,87.4,29.0,171.6,81.1,27.5
174.5,87.8,28.8,172.9,92.7,31.0
177.4,80.2,25.5,175.5,79.8,25.9
172.1,62.0,20.9,171.1,63.4,21.6
181.9,70.1,21.2,179.6,66.5,20.6
173.9,114.5,37.9,173.7,112.8,37.4
168.5,55.3,19.5,166.7,58.7,21.1
167.9,50.5,17.9,165.4,49.2,18.0
169.9,81.9,28.4,169.1,79.6,27.8
182.9,78.8,23.6,182.6,85.3,25.6
171.9,62.5,21.2,170.2,63.8,22.0
181.3,62.2,18.9,179.4,59.3,18.4
171.5,63.8,21.7,170.3,63.3,21.8
181.0,57.4,17.5,179.5,56.9,17.7
173.3,59.6,19.8,171.2,57.6,19.7
174.1,60.5,20.0,172.2,58.8,19.8
172.3,61.6,20.7,172.1,67.2,22.7
184.6,99.2,29.1,181.8,93.1,28.2
172.9,80.6,27.0,172.1,78.0,26.3
169.9,72.7,25.2,169.3,73.5,25.6
168.0,76.3,27.0,167.2,82.8,29.6
188.3,111.5,31.4,185.6,104.1,30.2
179.7,82.0,25.4,178.7,70.4,22.0
182.8,76.8,23.0,181.9,86.0,26.0
184.1,75.1,22.2,182.1,70.2,21.1
167.1,59.5,21.3,166.1,53.7,19.5
166.0,65.0,23.6,166.5,68.3,24.6
173.7,67.5,22.4,172.7,68.9,23.1
172.5,79.1,26.6,170.7,74.9,25.7
179.6,61.4,19.0,177.4,58.1,18.5
173.5,99.4,33.0,171.5,92.0,31.3
173.5,70.6,23.5,171.7,75.2,25.5
170.9,59.7,20.4,170.9,53.2,18.2
170.5,45.7,15.7,168.0,47.5,16.8
175.5,65.8,21.4,173.1,67.9,22.6
173.8,57.5,19.0,171.3,52.7,18.0
177.0,99.4,31.7,174.4,93.7,30.8
172.8,52.6,17.6,172.4,52.8,17.8
171.5,53.3,18.1,169.2,53.4,18.6
180.9,64.0,19.6,178.3,59.7,18.8
169.3,64.9,22.6,168.5,70.1,24.7
169.1,68.6,24.0,167.8,65.9,23.4
178.5,70.6,22.2,176.7,74.6,23.9
183.5,68.6,20.4,182.9,67.2,20.1
176.6,59.3,19.0,175.9,57.5,18.6
169.3,72.3,25.2,169.4,73.7,25.7
171.2,61.6,21.0,170.7,59.6,20.4
185.9,68.8,19.9,184.4,67.4,19.8
178.5,80.3,25.2,176.4,75.0,24.1
178.1,66.7,21.0,177.4,71.8,22.8
177.2,62.9,20.0,175.5,58.4,19.0
171.0,62.0,21.2,168.8,54.3,19.1
172.8,54.7,18.3,171.7,62.0,21.0
179.2,100.2,31.2,177.5,90.1,28.6
168.4,57.3,20.2,167.6,62.3,22.2
181.1,74.1,22.6,179.4,79.7,24.8
177.6,62.4,19.8,176.8,66.9,21.4
179.9,70.1,21.7,179.0,67.8,21.2
171.9,89.7,30.4,170.6,88.8,30.5
175.5,78.3,25.4,175.0,85.4,27.9
176.5,79.8,25.6,175.3,79.2,25.8
179.4,59.2,18.4,178.3,62.4,19.6
166.8,74.4,26.7,166.9,70.5,25.3
174.8,80.4,26.3,172.8,75.6,25.3
170.6,50.5,17.4,168.7,53.1,18.6
174.5,65.8,21.6,172.1,65.5,22.1
181.4,81.0,24.6,179.8,82.5,25.5
177.9,87.7,27.7,176.4,88.6,28.5
172.0,84.7,28.6,170.9,86.9,29.8
176.5,68.3,21.9,175.7,63.5,20.6
181.5,69.6,21.1,179.6,65.0,20.1
177.9,59.8,18.9,177.5,61.0,19.4
167.6,65.7,23.4,165.5,61.2,22.3
176.4,79.8,25.6,174.8,80.8,26.5
162.1,69.1,26.3,162.0,64.1,24.4
175.7,69.8,22.6,173.6,70.3,23.3
171.2,65.3,22.3,169.8,67.5,23.4
174.8,72.1,23.6,173.2,72.7,24.2
169.5,88.7,30.9,170.0,85.8,29.7
173.8,65.2,21.6,173.3,63.1,21.0
171.5,59.8,20.3,170.6,64.6,22.2
169.5,61.5,21.4,168.4,63.1,22.3
179.6,79.5,24.6,178.4,70.8,22.3
178.4,74.9,23.5,177.4,75.8,24.1
175.9,66.8,21.6,173.8,72.0,23.8
174.1,56.7,18.7,171.8,57.8,19.6
173.5,65.0,21.6,172.7,68.6,23.0
172.8,68.5,22.9,171.6,69.3,23.5
165.7,54.9,20.0,163.4,50.8,19.0
176.3,85.6,27.5,175.7,86.5,28.0
174.5,83.0,27.3,173.8,69.8,23.1
183.7,94.1,27.9,181.2,81.6,24.8
173.0,100.1,33.4,172.6,102.1,34.3
169.9,60.8,21.1,168.3,61.7,21.8
171.3,74.3,25.3,171.3,71.3,24.3
161.3,66.3,25.5,160.6,63.4,24.6
169.9,55.6,19.3,168.5,49.3,17.4
179.8,78.4,24.3,178.6,72.7,22.8
171.8,67.7,22.9,169.9,68.9,23.9
172.6,66.6,22.4,171.4,66.3,22.6
177.0,65.9,21.0,175.5,61.7,20.0
173.8,85.3,28.2,172.1,81.7,27.6
172.9,73.7,24.7,171.3,68.3,23.3
167.2,54.3,19.4,166.7,52.8,19.0
174.2,65.9,21.7,172.3,66.5,22.4
169.9,97.6,33.8,167.8,94.4,33.5
165.8,74.7,27.2,165.1,75.5,27.7
167.3,89.2,31.9,166.3,83.6,30.2
169.4,71.1,24.8,168.2,68.9,24.4
172.2,56.8,19.2,171.5,60.4,20.5
183.1,83.8,25.0,180.8,85.9,26.3
164.2,58.4,21.7,163.2,52.7,19.8
173.5,66.1,22.0,172.2,64.3,21.7
173.9,51.8,17.1,171.0,49.6,17.0
173.9,63.5,21.0,172.0,64.0,21.7
169.5,66.0,23.0,168.2,62.9,22.2
170.6,66.8,23.0,169.7,68.2,23.7
179.5,78.0,24.2,177.4,72.6,23.1
168.6,58.2,20.5,167.3,65.4,23.4
177.6,90.0,28.5,176.1,86.5,27.9
179.5,85.4,26.5,177.5,79.1,25.1
170.8,76.6,26.3,170.3,76.8,26.5
177.8,64.3,20.3,176.5,66.6,21.4
171.3,59.7,20.3,170.2,63.0,21.8
172.3,63.5,21.4,171.9,60.9,20.6
174.1,54.9,18.1,171.9,57.7,19.5
180.5,70.6,21.7,179.1,68.0,21.2
174.1,88.9,29.3,172.3,84.5,28.5
172.0,65.3,22.1,170.7,63.5,21.8
167.5,56.8,20.2,165.5,52.0,19.0
171.7,67.4,22.9,170.3,70.4,24.3
176.1,60.0,19.3,174.3,58.2,19.2
173.1,71.0,23.7,171.6,75.1,25.5
173.9,71.0,23.5,172.9,70.7,23.6
173.7,74.5,24.7,172.2,70.8,23.9
176.9,64.6,20.6,175.8,64.6,20.9
174.5,72.0,23.6,173.2,69.8,23.3
174.3,57.1,18.8,172.2,59.6,20.1
169.8,68.2,23.7,168.5,63.0,22.2
169.5,60.8,21.2,168.6,64.8,22.8
170.6,56.4,19.4,168.2,52.0,18.4
161.1,78.6,30.3,161.0,78.0,30.1
185.1,107.5,31.4,183.5,110.1,32.7
179.8,64.4,19.9,178.5,60.8,19.1
186.3,78.2,22.5,184.6,78.4,23.0
170.0,71.7,24.8,168.3,71.0,25.1
169.8,68.1,23.6,168.2,68.7,24.3
172.2,65.2,22.0,170.1,68.8,23.8
170.8,60.2,20.6,169.6,54.5,18.9
169.7,65.0,22.6,167.5,61.3,21.9
177.5,71.0,22.5,176.1,74.5,24.0
164.2,80.4,29.8,164.2,83.0,30.8
179.9,61.7,19.1,177.7,65.2,20.6
167.4,54.8,19.6,167.1,56.7,20.3
170.9,59.6,20.4,168.6,57.4,20.2
180.2,88.6,27.3,178.8,89.4,28.0
169.4,69.9,24.4,168.6,68.0,23.9
180.9,75.9,23.2,179.5,76.1,23.6
179.6,75.3,23.3,178.8,74.9,23.4
178.6,79.6,25.0,176.8,78.9,25.3
178.3,66.7,21.0,176.2,63.0,20.3
172.2,79.5,26.8,170.6,64.4,22.1
176.8,80.1,25.6,175.6,77.9,25.3
180.6,60.3,18.5,179.4,65.1,20.2
177.7,78.7,24.9,176.7,76.2,24.4
175.0,67.9,22.2,172.7,57.6,19.3
174.6,61.4,20.1,173.2,64.3,21.4
168.8,88.3,31.0,167.5,85.9,30.6
174.9,82.5,27.0,172.9,76.6,25.6
167.8,54.1,19.2,166.7,55.8,20.1
170.6,65.5,22.5,168.9,63.5,22.3
168.3,57.2,20.2,166.5,53.7,19.4
178.1,69.2,21.8,177.0,68.7,21.9
182.2,79.5,23.9,181.3,81.2,24.7
170.3,58.6,20.2,168.8,59.8,21.0
174.2,88.9,29.3,172.8,92.9,31.1
173.3,58.7,19.5,171.3,55.3,18.9
168.1,67.5,23.9,167.0,63.5,22.8
164.6,69.6,25.7,163.2,68.6,25.7
174.5,81.2,26.7,173.2,79.0,26.3
184.8,93.2,27.3,182.7,102.5,30.7
178.9,89.3,27.9,177.6,87.4,27.7
167.6,75.5,26.9,167.3,69.1,24.7
179.3,61.9,19.3,178.8,68.4,21.4
168.9,61.0,21.4,168.1,61.5,21.8
181.4,65.0,19.8,180.1,62.5,19.3
177.0,84.8,27.1,175.7,88.8,28.8
167.6,80.8,28.8,166.7,77.6,27.9
178.9,75.1,23.5,178.0,75.6,23.9
165.4,58.2,21.3,164.5,60.6,22.4
183.6,72.1,21.4,181.9,77.4,23.4
179.6,67.3,20.9,177.8,77.0,24.4
171.3,72.2,24.6,169.6,76.3,26.5
166.5,73.0,26.3,165.7,74.9,27.3
172.8,68.6,23.0,172.1,62.3,21.0
182.8,100.6,30.1,180.2,100.6,31.0
188.0,83.9,23.7,185.6,79.1,22.9
185.4,57.7,16.8,183.4,54.3,16.2
174.6,70.7,23.2,172.8,69.7,23.3
190.6,94.9,26.1,187.7,87.5,24.8
170.9,75.4,25.8,169.6,76.6,26.6
177.2,99.8,31.8,176.0,103.0,33.2
178.8,62.3,19.5,176.6,54.8,17.6
179.6,62.9,19.5,178.1,63.7,20.1
183.0,87.0,26.0,180.1,85.0,26.2
179.2,87.8,27.3,177.4,79.5,25.2
181.1,86.3,26.3,179.5,78.2,24.3
176.0,69.1,22.3,174.5,70.0,23.0
173.9,62.0,20.5,172.6,63.7,21.4
181.7,73.9,22.4,180.3,74.7,23.0
168.1,59.0,20.9,165.5,48.5,17.7
165.6,53.3,19.4,163.7,52.7,19.7
173.3,50.0,16.6,170.6,50.2,17.3
184.4,77.0,22.6,181.5,82.6,25.1
170.2,63.5,21.9,169.2,61.8,21.6
182.2,83.6,25.2,180.8,83.2,25.4
177.4,82.5,26.2,175.5,78.6,25.5
174.3,52.6,17.3,171.4,51.7,17.6
173.1,57.1,19.1,172.3,58.5,19.7
165.0,55.9,20.5,163.9,60.2,22.4
179.4,79.6,24.7,178.4,76.1,23.9
171.9,72.5,24.5,171.6,68.6,23.3
178.9,81.4,25.4,176.6,75.8,24.3
185.1,71.9,21.0,183.3,76.0,22.6
172.0,64.9,21.9,170.7,63.1,21.7
176.4,78.4,25.2,175.4,72.1,23.4
177.2,63.8,20.3,175.7,59.0,19.1
183.0,60.6,18.1,181.1,62.8,19.2
169.5,68.8,23.9,167.8,65.9,23.4
168.7,76.8,27.0,168.7,79.6,28.0
178.0,63.4,20.0,176.7,66.2,21.2
177.9,76.8,24.3,176.1,76.0,24.5
175.1,94.2,30.7,174.9,88.0,28.8
173.9,83.6,27.6,172.7,84.9,28.5
179.3,65.1,20.2,178.0,65.1,20.5
171.2,76.4,26.1,169.5,73.0,25.4
169.6,54.8,19.1,168.3,58.5,20.7
173.3,76.7,25.5,171.4,83.1,28.3
186.4,108.3,31.2,183.7,102.5,30.4
173.0,66.8,22.3,172.4,64.8,21.8
169.0,93.0,32.6,168.3,89.1,31.5
173.6,74.4,24.7,173.0,79.2,26.4
171.4,67.4,22.9,170.2,66.7,23.0
171.1,72.4,24.7,170.1,69.3,24.0
177.5,88.5,28.1,175.1,89.4,29.2
163.2,57.2,21.5,163.0,60.1,22.6
171.6,49.7,16.9,168.7,49.8,17.5
175.0,71.4,23.3,173.6,65.9,21.9
183.1,102.1,30.5,180.8,106.9,32.7
172.9,73.4,24.6,171.0,80.5,27.5
174.2,57.5,18.9,172.9,56.5,18.9
182.7,100.9,30.2,181.9,97.4,29.4
169.0,61.3,21.5,168.5,66.5,23.4
181.1,87.2,26.6,179.0,84.0,26.2
171.1,57.1,19.5,169.6,59.4,20.7
171.4,72.0,24.5,171.1,61.6,21.0
180.4,72.7,22.3,179.3,72.1,22.4
170.5,50.1,17.2,168.1,55.3,19.6
181.7,81.3,24.6,180.0,81.0,25.0
172.3,71.3,24.0,171.1,75.1,25.6
171.0,55.3,18.9,169.4,55.2,19.2
170.5,44.6,15.3,168.4,50.6,17.8
176.6,86.8,27.8,176.3,83.4,26.8
163.9,77.8,29.0,163.9,83.7,31.1
166.6,61.8,22.3,166.3,59.9,21.7
166.1,60.6,22.0,163.6,53.2,19.9
168.7,70.3,24.7,168.5,69.7,24.6
172.3,76.9,25.9,170.8,70.2,24.1
171.8,62.5,21.2,170.3,62.5,21.5
182.3,78.5,23.6,181.1,71.9,21.9
174.5,79.0,25.9,173.5,84.3,28.0
165.0,58.8,21.6,163.0,53.2,20.0
177.9,79.8,25.2,176.2,76.2,24.6
183.0,107.3,32.0,181.7,104.1,31.5
176.0,61.2,19.8,174.3,65.9,21.7
163.8,70.5,26.3,162.3,67.7,25.7
174.1,65.3,21.5,173.1,66.4,22.2
188.3,81.2,22.9,186.3,75.5,21.8
178.7,80.8,25.3,177.3,78.9,25.1
189.8,80.8,22.4,188.1,80.9,22.9
170.5,61.7,21.2,169.6,63.2,22.0
168.3,64.9,22.9,166.3,60.0,21.7
177.2,64.7,20.6,176.0,65.6,21.2
164.3,53.2,19.7,162.0,49.3,18.8
171.5,83.7,28.5,171.7,86.8,29.5
178.8,88.0,27.5,177.3,87.8,27.9
169.3,51.1,17.8,167.0,48.7,17.5
171.0,81.8,28.0,170.4,73.7,25.4
177.2,65.4,20.8,176.0,69.9,22.6
172.0,65.1,22.0,170.6,63.7,21.9
179.1,73.1,22.8,177.7,63.7,20.2
172.2,68.4,23.1,171.4,67.8,23.1
183.4,92.0,27.4,181.2,98.2,29.9
181.6,98.6,29.9,180.6,94.2,28.9
165.6,57.1,20.8,165.0,62.5,22.9
170.8,65.7,22.5,169.3,68.2,23.8
171.4,61.8,21.0,170.3,58.1,20.0
172.0,68.3,23.1,170.3,63.1,21.8
176.0,75.1,24.2,174.2,74.3,24.5
174.9,59.9,19.6,173.2,61.1,20.4
172.9,68.4,22.9,172.1,67.5,22.8
170.0,68.3,23.6,169.0,71.7,25.1
170.6,70.4,24.2,169.1,67.2,23.5
170.7,52.2,17.9,168.6,50.9,17.9
174.7,69.1,22.6,172.9,71.2,23.8
172.9,78.9,26.4,171.5,80.7,27.4
180.4,65.8,20.2,179.2,63.9,19.9
174.2,73.8,24.3,173.5,73.4,24.4
168.3,73.2,25.8,168.0,68.2,24.2
172.7,56.3,18.9,171.4,53.0,18.1
174.8,52.2,17.1,174.1,54.7,18.1
165.6,75.0,27.3,164.5,72.7,26.9
164.7,54.1,19.9,163.5,59.5,22.3
173.0,66.3,22.2,171.9,60.3,20.4
182.2,62.9,18.9,181.4,65.4,19.9
183.1,84.6,25.2,181.2,79.9,24.3
172.2,71.5,24.1,170.3,63.3,21.8
169.7,75.0,26.0,168.9,75.8,26.6
174.6,76.5,25.1,172.4,79.5,26.7
176.1,74.1,23.9,175.5,67.3,21.8
173.7,63.3,21.0,172.8,60.8,20.4
174.9,75.8,24.8,172.8,74.8,25.0
178.8,63.5,19.9,178.1,63.2,19.9
178.3,57.8,18.2,177.2,61.8,19.7
176.9,66.1,21.1,174.9,68.9,22.5
173.4,75.9,25.2,172.5,77.7,26.1
176.1,117.0,37.7,176.4,120.2,38.6
175.9,63.5,20.5,175.0,61.8,20.2
173.1,90.5,30.2,172.6,84.8,28.5
175.4,67.3,21.9,174.4,63.8,21.0
167.6,60.9,21.7,167.2,61.8,22.1
175.1,102.4,33.4,173.7,101.4,33.6
182.7,71.0,21.3,181.9,73.2,22.1
181.0,71.2,21.7,179.1,68.3,21.3
166.8,55.5,19.9,165.1,56.4,20.7
177.2,54.6,17.4,175.4,56.6,18.4
178.3,65.2,20.5,176.7,63.5,20.3
177.7,80.0,25.3,176.6,81.8,26.2
176.4,59.5,19.1,175.3,57.2,18.6
171.1,76.8,26.2,170.5,70.9,24.4
176.3,79.6,25.6,175.3,84.0,27.3
185.3,90.3,26.3,183.0,93.1,27.8
177.7,62.4,19.8,176.0,65.7,21.2
169.5,55.1,19.2,168.3,52.7,18.6
170.0,54.3,18.8,167.8,54.2,19.3
172.8,57.3,19.2,170.7,59.7,20.5
167.9,69.3,24.6,167.5,61.6,22.0
183.5,70.1,20.8,182.8,72.7,21.7
182.1,59.2,17.9,180.1,61.3,18.9
176.2,53.1,17.1,175.1,56.9,18.5
183.7,78.9,23.4,182.4,75.1,22.6
173.8,59.0,19.5,171.4,54.5,18.5
172.7,64.7,21.7,172.1,67.6,22.8
179.2,95.2,29.6,177.8,93.2,29.5
175.5,60.4,19.6,173.1,56.3,18.8
174.1,84.4,27.8,173.7,84.2,27.9
182.3,70.4,21.2,180.4,69.6,21.4
171.5,50.6,17.2,169.9,54.4,18.8
178.4,84.7,26.6,176.6,88.3,28.3
166.7,62.7,22.6,165.5,63.8,23.3
175.0,80.5,26.3,173.2,76.5,25.5
179.4,75.4,23.4,177.8,76.5,24.2
183.3,66.1,19.7,182.6,64.6,19.4
176.7,77.3,24.8,174.8,79.4,26.0
165.7,47.8,17.4,164.6,50.5,18.6
171.0,89.2,30.5,171.1,92.2,31.5
188.1,70.2,19.8,186.2,72.4,20.9
176.7,65.4,20.9,175.2,71.0,23.1
181.7,108.2,32.8,179.0,97.5,30.4
173.4,68.2,22.7,172.3,65.0,21.9
176.5,70.1,22.5,174.7,74.1,24.3
166.5,46.6,16.8,163.4,47.6,17.8
179.2,72.5,22.6,177.0,67.2,21.4
174.2,70.7,23.3,172.4,71.3,24.0
174.7,69.5,22.8,173.4,70.0,23.3
168.7,59.1,20.8,168.0,55.7,19.8
168.5,59.6,21.0,167.8,54.5,19.4
169.1,65.6,22.9,168.3,61.9,21.8
175.2,60.9,19.8,173.5,64.6,21.5
167.8,74.6,26.5,167.0,85.1,30.5
177.0,60.9,19.4,176.2,59.7,19.2
177.6,61.4,19.5,177.0,59.8,19.1
171.7,72.6,24.6,170.5,67.4,23.2
182.6,72.2,21.7,180.2,70.4,21.7
170.5,68.9,23.7,170.1,69.4,24.0
179.5,63.3,19.6,178.1,66.9,21.1
166.5,78.2,28.2,166.2,77.1,27.9
171.2,48.5,16.5,169.2,50.7,17.7
180.3,76.4,23.5,177.9,80.7,25.5
175.4,85.9,27.9,174.4,89.9,29.6
171.8,66.3,22.5,169.9,73.2,25.4
176.5,65.0,20.9,174.0,60.4,19.9
172.7,73.8,24.7,171.9,72.2,24.4
174.4,59.5,19.6,173.8,58.9,19.5
182.9,78.8,23.6,181.4,77.9,23.7
173.9,55.7,18.4,171.9,52.9,17.9
172.4,61.9,20.8,171.2,60.4,20.6
172.4,63.5,21.4,170.0,58.9,20.4
172.7,67.0,22.5,171.2,60.0,20.5
161.6,56.1,21.5,160.2,51.7,20.2
177.7,96.7,30.6,176.6,92.9,29.8
169.1,68.1,23.8,168.0,69.5,24.6
179.3,71.7,22.3,178.0,74.5,23.5
176.1,82.8,26.7,175.2,81.2,26.5
171.6,79.9,27.1,170.4,79.8,27.5
171.5,62.6,21.3,169.6,65.8,22.9
181.7,65.3,19.8,179.4,66.2,20.6
180.7,65.5,20.1,179.2,67.5,21.0
181.3,69.9,21.3,180.6,66.8,20.5
173.3,83.0,27.6,172.7,70.4,23.6
174.6,83.8,27.5,173.1,86.4,28.8
184.6,84.5,24.8,182.7,81.4,24.4
169.9,71.8,24.9,169.0,66.8,23.4
179.9,85.5,26.4,178.5,73.6,23.1
176.3,79.3,25.5,175.7,82.9,26.8
172.7,49.3,16.5,170.8,54.0,18.5
173.7,91.9,30.5,173.3,80.4,26.8
178.5,59.8,18.8,176.5,56.7,18.2
178.7,91.0,28.5,177.6,89.5,28.4
176.3,83.0,26.7,175.2,81.1,26.4
172.8,59.5,19.9,170.9,57.7,19.8
168.3,77.3,27.3,168.1,72.3,25.6
179.1,74.9,23.4,176.7,76.8,24.6
171.4,60.6,20.6,170.8,61.2,21.0
170.0,51.7,17.9,167.8,55.0,19.5
175.5,70.7,23.0,173.3,66.5,22.1
168.8,58.0,20.4,167.0,56.3,20.2
172.3,93.4,31.5,170.3,79.4,27.4
176.5,72.8,23.4,176.0,65.0,21.0
175.4,62.2,20.2,173.2,60.4,20.2
174.6,67.0,22.0,172.9,69.8,23.4
164.8,56.8,20.9,164.5,58.2,21.5
182.2,79.8,24.0,180.5,76.1,23.3
165.3,54.5,19.9,164.4,52.2,19.3
177.0,79.6,25.4,175.3,76.8,25.0
173.7,69.1,22.9,171.7,64.4,21.9
181.3,72.7,22.1,179.7,71.9,22.3
170.2,79.8,27.5,169.0,72.9,25.5
174.7,69.7,22.8,174.0,67.9,22.4
184.3,71.8,21.1,182.0,73.5,22.2
170.6,66.8,23.0,170.1,67.2,23.2
173.7,68.9,22.8,172.8,64.1,21.5
169.2,58.8,20.5,168.2,66.8,23.6
174.8,91.3,29.9,173.4,92.4,30.7
174.5,81.3,26.7,172.7,84.4,28.3
176.0,111.0,35.8,174.7,105.9,34.7
171.3,54.8,18.7,170.0,54.6,18.9
178.9,82.0,25.6,177.3,80.2,25.5
169.8,63.6,22.1,168.3,62.5,22.1
173.0,68.9,23.0,172.6,74.5,25.0
187.0,106.8,30.5,184.0,106.2,31.4
176.5,71.4,22.9,175.7,68.7,22.3
166.5,72.9,26.3,166.6,77.0,27.7
176.5,98.0,31.5,175.3,98.2,32.0
176.3,119.0,38.3,176.2,117.8,37.9
170.4,86.6,29.8,170.4,84.6,29.1
183.9,95.7,28.3,181.7,96.3,29.2
177.1,62.3,19.9,176.3,63.0,20.3
182.1,86.1,26.0,179.3,83.0,25.8
184.0,66.6,19.7,182.2,61.3,18.5
174.7,89.7,29.4,174.0,87.5,28.9
177.7,69.9,22.1,175.9,65.9,21.3
169.4,66.4,23.1,168.7,61.1,21.5
169.8,68.8,23.9,169.1,68.2,23.9
168.7,74.6,26.2,166.8,74.3,26.7
172.8,62.1,20.8,171.6,60.3,20.5
171.0,74.7,25.5,170.3,78.6,27.1
172.0,76.0,25.7,170.1,70.6,24.4
176.8,89.1,28.5,175.0,87.1,28.4
175.5,65.7,21.3,174.2,60.7,20.0
168.4,55.7,19.6,167.1,53.6,19.2
173.6,72.6,24.1,172.4,77.2,26.0
173.2,75.1,25.0,171.3,67.8,23.1
164.0,69.8,26.0,163.8,69.9,26.0
172.4,92.3,31.1,171.6,91.1,30.9
178.5,64.0,20.1,177.2,67.0,21.4
183.0,97.6,29.1,181.3,99.5,30.3
174.5,60.8,20.0,173.1,60.9,20.3
177.5,71.1,22.6,175.5,72.0,23.4
182.0,125.0,37.7,179.6,116.0,36.0
173.0,72.0,24.1,171.8,69.3,23.5
165.8,54.6,19.9,164.0,53.5,19.9
170.6,68.5,23.5,169.1,66.0,23.1
177.1,80.8,25.8,176.7,70.4,22.5
170.6,60.6,20.8,169.1,58.1,20.3
174.5,82.4,27.1,173.0,77.9,26.0
171.7,66.7,22.6,170.8,62.1,21.3
174.1,70.1,23.1,171.7,73.5,24.9
175.3,61.8,20.1,174.4,62.0,20.4
175.4,91.0,29.6,175.1,89.4,29.2
177.9,75.6,23.9,177.5,62.7,19.9
171.3,72.6,24.7,169.9,71.7,24.8
175.5,69.5,22.6,173.4,64.3,21.4
180.6,90.5,27.7,179.2,93.9,29.3
179.5,76.5,23.7,177.4,82.4,26.2
175.8,90.9,29.4,173.7,85.9,28.5
172.1,97.3,32.9,171.6,102.1,34.7
176.0,90.9,29.3,174.5,94.9,31.1
179.6,84.8,26.3,178.2,85.5,26.9
172.2,70.6,23.8,171.1,68.5,23.4
166.9,57.7,20.7,165.9,60.7,22.0
166.7,59.3,21.3,164.9,66.7,24.5
183.4,72.0,21.4,181.6,67.8,20.6
167.6,57.2,20.4,166.7,60.9,21.9
180.7,79.7,24.4,179.7,79.2,24.5
172.1,72.9,24.6,170.8,70.6,24.2
172.4,82.4,27.7,170.5,79.1,27.2
178.7,78.5,24.6,178.1,82.4,26.0
177.5,70.2,22.3,175.2,67.1,21.9
166.9,55.0,19.7,165.9,54.3,19.7
171.7,54.7,18.6,169.7,59.8,20.8
180.4,78.3,24.1,179.0,74.4,23.2
174.0,66.5,22.0,172.9,58.1,19.4
168.2,56.5,20.0,167.4,60.3,21.5
170.2,61.3,21.2,168.2,58.9,20.8
169.8,63.5,22.0,169.9,72.1,25.0
180.3,78.5,24.1,178.5,69.2,21.7
177.2,81.8,26.1,176.0,86.1,27.8
178.1,84.8,26.7,177.5,81.7,25.9
176.2,66.9,21.5,173.9,63.8,21.1
177.2,83.4,26.6,175.1,88.5,28.9
181.1,58.4,17.8,179.6,59.8,18.5
177.6,58.3,18.5,176.6,59.4,19.0
175.6,93.6,30.4,173.3,99.1,33.0
172.7,68.5,23.0,171.4,67.9,23.1
187.1,116.4,33.3,184.4,106.6,31.3
179.6,87.3,27.1,177.5,80.9,25.7
170.6,66.0,22.7,170.1,59.7,20.6
177.2,85.3,27.2,176.3,87.2,28.0
178.7,110.0,34.4,177.3,107.6,34.2
170.0,69.9,24.2,169.6,69.3,24.1
178.6,71.3,22.4,176.4,69.9,22.4
172.5,62.2,20.9,170.5,63.9,22.0
166.6,55.1,19.9,165.9,55.0,20.0
171.6,63.5,21.6,170.0,54.7,18.9
177.2,74.5,23.7,175.5,68.2,22.2
181.5,62.9,19.1,179.4,57.5,17.9
168.3,71.5,25.2,167.8,69.5,24.7
174.0,67.3,22.2,172.0,62.9,21.3
186.2,82.0,23.7,183.5,86.2,25.6
184.1,63.7,18.8,182.3,68.7,20.7
169.6,74.7,26.0,169.3,72.9,25.4
179.1,66.6,20.8,178.2,67.3,21.2
170.8,94.9,32.5,171.5,93.4,31.8
173.1,75.6,25.2,172.4,66.5,22.4
177.6,62.4,19.8,177.4,63.0,20.0
168.8,66.8,23.4,167.7,62.3,22.1
179.9,57.8,17.9,178.5,53.3,16.7
172.6,59.6,20.0,172.3,59.8,20.1
184.4,51.0,15.0,182.4,57.6,17.3
171.0,62.0,21.2,169.2,59.9,20.9
174.3,77.3,25.4,173.2,71.2,23.7
174.3,75.4,24.8,173.6,77.2,25.6
169.9,77.9,27.0,170.1,83.2,28.8
173.0,53.5,17.9,171.2,53.9,18.4
171.8,85.6,29.0,171.6,82.1,27.9
169.2,54.1,18.9,167.0,51.1,18.3
170.3,58.4,20.1,168.8,58.2,20.4
173.5,56.6,18.8,171.7,56.7,19.2
178.3,62.8,19.8,176.5,63.8,20.5
180.7,85.7,26.2,179.1,80.4,25.1
179.6,79.2,24.6,177.6,83.3,26.4
174.7,63.9,20.9,173.3,63.4,21.1
175.2,87.0,28.3,175.0,86.2,28.1
171.3,85.5,29.1,170.2,81.3,28.1
179.9,90.3,27.9,179.3,89.3,27.8
178.6,88.4,27.7,177.9,86.8,27.4
172.0,70.3,23.8,170.7,77.7,26.7
177.5,61.2,19.4,174.9,56.1,18.3
176.7,69.9,22.4,175.5,65.0,21.1
165.8,68.5,24.9,165.2,71.5,26.2
179.4,72.9,22.7,178.8,69.6,21.8
177.5,59.3,18.8,175.6,61.2,19.9
171.5,76.6,26.0,170.5,79.7,27.4
171.9,70.2,23.8,169.8,69.7,24.2
190.2,111.1,30.7,187.7,110.7,31.4
176.8,82.7,26.5,176.0,86.7,28.0
168.9,62.3,21.8,167.3,61.1,21.8
171.1,56.9,19.4,170.3,60.3,20.8
176.0,57.8,18.7,174.8,54.2,17.7
181.7,72.9,22.1,179.7,67.7,21.0
175.7,55.4,17.9,174.4,57.6,18.9
173.4,75.3,25.0,172.3,74.7,25.2
176.3,69.3,22.3,174.9,77.5,25.3
171.7,80.9,27.4,170.9,83.3,28.5
165.7,68.5,24.9,166.3,64.9,23.5
168.9,82.8,29.0,167.6,85.4,30.4
180.2,79.5,24.5,178.8,78.0,24.4
178.8,81.5,25.5,177.6,85.8,27.2
168.5,63.1,22.2,167.6,55.7,19.8
173.0,71.4,23.9,172.4,68.3,23.0
179.0,82.3,25.7,176.7,82.3,26.4
173.1,78.9,26.3,171.9,81.0,27.4
173.6,60.5,20.1,171.2,65.0,22.2
177.9,73.8,23.3,176.7,66.5,21.3
170.1,51.0,17.6,168.9,53.6,18.8
173.1,67.0,22.4,171.4,65.6,22.3
174.4,91.1,30.0,173.3,93.4,31.1
173.9,60.8,20.1,173.1,58.9,19.7
174.0,78.7,26.0,172.8,72.4,24.3
176.4,73.5,23.6,173.8,64.2,21.2
175.4,61.0,19.8,174.5,57.3,18.8
165.5,56.7,20.7,165.1,54.8,20.1
180.5,62.3,19.1,179.4,56.4,17.5
172.4,67.1,22.6,172.5,69.6,23.4
176.7,59.2,19.0,174.8,62.6,20.5
170.4,70.4,24.2,169.9,72.1,25.0
182.6,78.3,23.5,180.8,71.8,22.0
174.4,55.5,18.2,171.8,51.3,17.4
181.9,65.9,19.9,180.5,67.9,20.8
181.7,68.6,20.8,180.4,72.6,22.3
176.7,98.3,31.5,173.8,92.8,30.7
179.5,94.9,29.5,177.2,97.7,31.1
177.5,81.6,25.9,176.9,69.4,22.2
177.2,85.7,27.3,174.9,75.2,24.6
180.7,91.4,28.0,179.8,88.4,27.4
168.9,75.3,26.4,168.3,91.9,32.5
167.0,82.8,29.7,165.9,81.0,29.4
175.3,54.2,17.6,173.2,54.6,18.2
172.1,67.7,22.9,170.5,70.1,24.1
168.5,63.4,22.3,167.9,63.2,22.4
162.8,73.0,27.5,161.5,62.4,23.9
176.0,87.1,28.1,174.2,84.4,27.8
168.0,54.1,19.2,165.8,50.3,18.3
179.2,93.5,29.1,178.1,91.3,28.8
174.8,78.4,25.7,173.7,87.5,29.0
166.0,69.2,25.1,164.6,61.1,22.6
169.8,89.3,31.0,169.0,90.3,31.6
184.1,106.0,31.3,182.2,110.1,33.2
174.3,94.3,31.0,172.8,93.4,31.3
180.8,85.0,26.0,179.3,87.9,27.3
179.3,88.0,27.4,178.4,85.3,26.8
179.7,87.6,27.1,177.6,90.6,28.7
182.2,64.7,19.5,180.3,69.1,21.3
171.4,66.4,22.6,170.9,70.2,24.1
169.7,87.0,30.2,168.6,78.4,27.6
176.1,73.4,23.7,175.3,71.0,23.1
175.5,80.9,26.3,174.1,77.0,25.4
177.4,57.7,18.3,175.0,58.2,19.0
171.9,83.1,28.1,170.2,82.9,28.6
184.6,66.1,19.4,182.2,71.8,21.6
180.7,63.5,19.4,178.5,57.8,18.2
170.0,56.6,19.6,169.1,55.1,19.3
176.5,77.9,25.0,174.6,75.4,24.7
181.1,93.6,28.5,179.3,91.3,28.4
167.4,57.9,20.7,166.1,59.6,21.6
169.6,69.6,24.2,168.5,72.4,25.5
170.3,63.4,21.9,170.1,62.4,21.6
178.1,73.7,23.2,177.0,75.2,24.0
171.1,89.1,30.4,170.0,87.9,30.4
168.3,50.6,17.9,165.9,49.9,18.1
165.8,69.9,25.4,166.3,71.0,25.7
176.0,76.4,24.7,174.9,80.4,26.3
181.7,83.7,25.4,180.4,79.0,24.3
178.8,73.7,23.1,177.1,75.0,23.9
179.1,72.3,22.5,177.9,66.9,21.1
168.1,56.6,20.0,166.3,53.7,19.4
169.4,55.6,19.4,167.3,55.6,19.9
168.3,50.6,17.9,166.5,51.7,18.6
171.8,66.5,22.5,169.8,71.9,24.9
180.2,110.1,33.9,178.1,103.5,32.6
169.2,62.3,21.8,168.0,61.4,21.7
172.0,99.8,33.7,170.9,99.7,34.1
176.2,83.9,27.0,175.6,79.3,25.7
174.0,61.6,20.3,172.4,63.5,21.4
182.4,59.5,17.9,181.0,58.7,17.9
173.8,51.9,17.2,171.2,52.2,17.8
180.2,93.7,28.9,177.4,93.4,29.7
179.3,68.4,21.3,176.9,77.9,24.9
179.2,78.3,24.4,177.6,80.3,25.5
181.7,80.4,24.4,179.9,86.9,26.9
182.7,95.1,28.5,180.7,97.6,29.9
169.0,57.6,20.2,168.1,58.7,20.8
173.7,73.9,24.5,172.5,82.7,27.8
184.1,60.7,17.9,181.6,60.9,18.5
188.0,91.7,25.9,185.8,84.5,24.5
178.7,73.4,23.0,177.7,83.1,26.3
180.9,84.3,25.8,178.7,79.1,24.8
174.8,84.5,27.7,173.8,84.2,27.9
183.2,77.8,23.2,180.6,78.4,24.0
170.0,73.5,25.4,168.2,76.6,27.1
180.2,62.5,19.2,179.5,62.2,19.3
183.1,105.1,31.3,181.4,104.0,31.6
173.3,61.4,20.4,172.3,65.7,22.1
169.3,82.2,28.7,169.2,76.4,26.7
166.2,61.7,22.3,165.8,62.1,22.6
169.8,59.7,20.7,167.9,59.2,21.0
176.9,71.1,22.7,175.0,72.4,23.6
174.6,66.3,21.7,174.2,71.6,23.6
166.0,69.1,25.1,166.4,70.6,25.5
180.1,79.4,24.5,178.5,76.0,23.9
173.7,71.8,23.8,173.4,67.6,22.5
164.9,65.0,23.9,163.5,60.3,22.5
172.8,60.5,20.3,171.5,63.3,21.5
178.4,82.3,25.9,177.2,83.8,26.7
178.9,71.9,22.5,177.1,76.8,24.5
175.4,72.4,23.5,174.1,70.2,23.2
178.9,88.0,27.5,177.0,93.6,29.9
180.1,73.9,22.8,178.4,78.6,24.7
177.1,69.6,22.2,175.9,67.8,21.9
171.3,99.1,33.8,170.9,97.8,33.5
174.3,75.7,24.9,173.2,77.8,26.0
178.2,74.2,23.4,176.4,77.6,24.9
179.4,76.9,23.9,179.1,71.5,22.3
168.6,73.1,25.7,167.4,64.7,23.1
172.6,59.5,20.0,170.5,58.5,20.1
167.1,80.7,28.9,166.7,81.1,29.2
167.9,59.6,21.1,166.5,58.9,21.2
174.7,69.2,22.7,173.2,69.1,23.0
169.1,74.5,26.1,168.6,72.5,25.5
184.4,97.7,28.7,181.8,97.8,29.6
178.3,65.3,20.5,176.0,70.9,22.9
174.9,64.0,20.9,173.3,68.8,22.9
173.4,66.7,22.2,172.0,67.8,22.9
173.4,71.0,23.6,172.0,73.1,24.7
172.6,73.5,24.7,170.9,75.4,25.8
174.8,74.3,24.3,173.9,69.2,22.9
175.3,79.6,25.9,174.6,77.0,25.3
181.4,82.9,25.2,178.6,80.7,25.3
180.0,65.5,20.2,178.4,66.0,20.7
183.5,110.8,32.9,181.6,110.1,33.4
179.0,83.0,25.9,177.0,83.7,26.7
172.0,61.1,20.7,170.8,65.4,22.4
183.0,82.8,24.7,181.8,79.7,24.1
174.3,74.6,24.6,172.7,81.7,27.4
168.7,56.9,20.0,167.4,54.7,19.5
176.3,90.4,29.1,174.5,91.0,29.9
176.6,97.8,31.4,175.4,101.9,33.1
174.8,81.0,26.5,173.2,76.2,25.4
180.0,78.6,24.3,177.8,72.9,23.1
166.9,50.9,18.3,166.0,54.7,19.9
164.2,56.5,21.0,163.4,57.2,21.4
176.0,62.3,20.1,175.4,64.9,21.1
177.2,61.1,19.5,176.0,61.6,19.9
168.3,75.8,26.8,168.3,71.1,25.1
177.2,74.6,23.8,175.5,74.6,24.2
170.3,59.1,20.4,168.0,56.6,20.1
171.5,54.9,18.7,168.9,50.6,17.7
177.9,83.5,26.4,177.1,87.0,27.7
168.7,62.0,21.8,167.7,60.6,21.6
177.4,81.4,25.9,176.5,80.4,25.8
164.1,80.6,29.9,164.2,76.4,28.3
172.7,84.3,28.3,170.9,81.9,28.1
177.5,82.7,26.2,175.5,85.7,27.8
171.9,85.4,28.9,171.4,84.7,28.8
180.3,81.4,25.0,178.6,83.7,26.2
181.8,109.2,33.0,179.8,100.7,31.1
172.4,60.3,20.3,170.6,64.0,22.0
173.4,63.2,21.0,172.1,65.2,22.0
180.4,69.2,21.3,178.9,70.8,22.1
181.0,64.7,19.7,179.0,63.5,19.8
165.6,42.3,15.4,163.3,47.3,17.7
181.3,96.9,29.5,180.1,100.5,31.0
180.3,93.7,28.8,179.4,90.1,28.0
177.4,76.8,24.4,176.3,79.2,25.5
179.4,64.4,20.0,177.5,57.2,18.2
172.4,67.6,22.7,170.3,64.7,22.3
175.9,110.9,35.8,175.2,105.8,34.5
177.5,74.7,23.7,175.2,84.3,27.5
174.3,72.4,23.8,173.8,76.3,25.3
171.8,61.1,20.7,170.8,60.5,20.7
171.4,68.8,23.4,169.3,71.1,24.8
168.1,68.8,24.3,167.2,63.3,22.6
178.1,89.3,28.2,177.3,88.9,28.3
176.6,75.4,24.2,175.0,73.3,23.9
168.2,66.8,23.6,167.9,62.4,22.1
168.4,62.0,21.9,167.0,57.0,20.4
174.2,63.4,20.9,173.4,62.8,20.9
164.8,55.5,20.4,164.3,58.3,21.6
185.3,79.5,23.2,184.2,83.2,24.5
177.6,69.2,21.9,175.8,66.6,21.6
172.4,67.9,22.8,171.8,69.9,23.7
178.9,74.6,23.3,177.2,76.9,24.5
182.3,70.8,21.3,180.9,73.1,22.3
176.2,86.6,27.9,174.4,85.3,28.0
169.1,80.6,28.2,169.1,77.7,27.2
168.0,50.9,18.0,166.6,54.7,19.7
178.5,76.9,24.1,176.6,77.3,24.8
174.8,61.5,20.1,173.5,56.6,18.8
174.8,71.5,23.4,172.1,73.2,24.7
175.6,58.5,19.0,173.9,60.1,19.9
170.4,56.2,19.4,169.1,57.5,20.1
168.4,89.0,31.4,167.3,86.5,30.9
172.1,57.6,19.4,170.7,54.2,18.6
170.1,72.2,25.0,169.5,77.8,27.1
178.8,66.0,20.6,178.0,67.2,21.2
162.4,58.6,22.2,160.4,55.6,21.6
174.5,68.3,22.4,172.8,72.3,24.2
178.5,75.2,23.6,177.0,75.8,24.2
179.9,57.9,17.9,177.9,61.8,19.5
179.8,61.0,18.9,178.4,64.4,20.2
174.3,87.3,28.7,172.6,86.8,29.1
172.6,70.0,23.5,170.8,67.0,23.0
172.7,58.6,19.6,170.9,55.6,19.0
181.0,70.6,21.6,179.0,71.5,22.3
168.3,71.4,25.2,167.5,63.6,22.7
169.8,54.4,18.9,168.4,54.8,19.3
166.8,85.1,30.6,166.1,84.2,30.5
173.8,69.2,22.9,171.7,58.7,19.9
170.2,67.8,23.4,169.6,71.8,25.0
169.2,65.8,23.0,168.4,63.2,22.3
169.5,65.1,22.7,168.2,61.0,21.6
172.8,76.9,25.8,171.9,72.2,24.4
161.5,67.2,25.8,162.0,67.0,25.5
187.4,66.2,18.9,185.5,63.6,18.5
170.3,71.7,24.7,168.3,66.0,23.3
177.9,59.4,18.8,175.4,57.6,18.7
177.5,78.8,25.0,175.8,73.7,23.8
167.4,69.8,24.9,167.1,78.7,28.2
172.5,65.0,21.8,171.5,64.2,21.8
174.1,59.2,19.5,171.5,55.3,18.8
173.8,53.0,17.5,172.0,56.8,19.2
175.8,112.7,36.5,174.5,107.9,35.5
164.4,65.7,24.3,164.3,62.0,23.0
172.9,57.0,19.1,171.9,55.9,18.9
170.7,81.6,28.0,169.6,89.1,31.0
170.3,65.7,22.7,168.3,62.4,22.0
181.8,67.2,20.3,179.9,62.3,19.3
173.9,76.7,25.4,172.5,75.2,25.3
168.4,70.9,25.0,167.1,71.7,25.7
175.2,112.3,36.6,173.6,105.1,34.9
174.3,68.0,22.4,172.6,70.2,23.5
189.7,73.6,20.5,187.1,69.4,19.8
183.4,72.6,21.6,181.3,70.2,21.4
173.0,65.0,21.7,171.1,63.8,21.8
171.3,57.5,19.6,170.3,58.8,20.3
163.0,61.5,23.1,160.8,51.8,20.0
176.8,58.8,18.8,174.8,61.9,20.3
175.4,69.0,22.4,174.4,70.2,23.1
173.6,76.0,25.2,172.9,75.7,25.3
168.8,79.5,27.9,167.7,81.5,29.0
168.0,49.8,17.6,167.2,54.3,19.4
177.1,92.0,29.3,175.9,86.8,28.1
171.5,68.1,23.2,171.0,70.2,24.0
171.2,86.6,29.5,171.5,88.4,30.0
178.1,101.0,31.8,176.6,92.7,29.7
175.3,71.0,23.1,173.9,69.8,23.1
180.1,60.9,18.8,179.1,67.8,21.1
165.3,64.5,23.6,164.6,68.3,25.2
163.9,46.3,17.2,162.5,48.6,18.4
184.3,81.1,23.9,183.7,81.3,24.1
188.5,83.5,23.5,185.7,84.8,24.6
180.8,58.7,18.0,179.6,66.4,20.6
175.3,64.7,21.1,174.6,63.8,20.9
182.1,86.7,26.1,181.0,85.7,26.2
179.2,78.5,24.4,176.9,77.0,24.6
165.8,90.7,33.0,165.7,81.7,29.7
173.2,76.1,25.4,171.2,70.5,24.1
180.5,80.7,24.8,178.5,82.8,26.0
175.6,87.0,28.2,174.1,85.3,28.1
176.6,76.2,24.4,174.8,79.0,25.8
170.9,61.5,21.1,170.3,62.5,21.5
174.0,55.2,18.2,173.2,55.1,18.4
176.4,78.4,25.2,175.1,75.1,24.5
175.4,83.4,27.1,172.9,85.5,28.6
170.6,48.5,16.7,168.1,50.1,17.8
183.2,82.7,24.6,181.0,84.0,25.6
177.5,60.8,19.3,176.3,62.2,20.0
186.7,65.3,18.7,185.2,68.4,19.9
180.5,66.0,20.3,178.6,62.4,19.6
178.6,64.7,20.3,176.8,66.5,21.3
178.6,73.8,23.1,177.5,74.3,23.6
179.0,76.4,23.8,177.4,82.8,26.3
172.1,79.0,26.7,171.3,76.7,26.2
169.2,59.2,20.7,167.8,63.6,22.6
172.0,69.4,23.5,171.8,73.5,24.9
181.2,80.5,24.5,179.0,76.4,23.9
165.9,59.0,21.4,165.3,56.5,20.7
179.5,84.9,26.3,178.6,75.7,23.7
171.1,59.3,20.3,169.9,57.1,19.8
179.0,83.9,26.2,177.8,85.9,27.2
170.3,64.0,22.1,169.1,60.8,21.3
174.6,72.1,23.7,173.0,63.9,21.3
172.4,66.3,22.3,172.0,67.8,22.9
170.7,85.4,29.3,171.1,89.6,30.6
167.5,65.5,23.3,166.7,73.0,26.2
166.2,59.4,21.5,165.3,61.4,22.4
176.4,59.0,19.0,174.4,61.7,20.3
170.0,56.8,19.7,168.9,55.3,19.4
161.5,65.6,25.2,160.9,55.1,21.3
173.3,73.3,24.4,172.2,69.9,23.5
180.8,66.5,20.3,179.5,67.0,20.8
180.7,75.8,23.2,179.7,71.2,22.1
175.1,70.1,22.9,173.7,69.3,23.0
167.5,54.9,19.6,165.0,54.6,20.1
185.6,79.2,23.0,184.1,76.3,22.5
175.2,63.0,20.5,174.3,63.2,20.8
165.2,108.7,39.8,169.7,110.6,38.4
171.8,54.4,18.4,170.7,57.2,19.7
171.6,69.0,23.4,170.0,61.1,21.2
177.6,66.3,21.0,176.4,61.1,19.6
175.4,58.9,19.1,174.2,55.6,18.3
167.4,65.1,23.2,166.7,56.1,20.2
176.4,83.9,27.0,174.6,80.8,26.5
181.5,65.1,19.8,179.4,68.1,21.2
173.2,66.6,22.2,171.4,65.0,22.1
172.8,64.5,21.6,170.8,66.4,22.8
173.2,72.1,24.0,172.7,70.5,23.6
185.6,78.0,22.6,183.7,71.1,21.1
176.4,64.3,20.7,175.2,62.6,20.4
170.7,61.9,21.2,168.5,59.6,21.0
177.3,73.1,23.3,176.1,76.7,24.7
178.5,87.1,27.3,178.0,82.8,26.1
177.4,61.6,19.6,174.8,59.6,19.5
172.9,66.1,22.1,172.1,63.6,21.5
173.9,88.4,29.2,171.7,79.3,26.9
177.3,69.1,22.0,174.9,65.9,21.5
183.7,94.0,27.9,182.2,89.7,27.0
184.3,80.8,23.8,181.7,79.1,24.0
173.1,75.9,25.3,172.3,69.5,23.4
177.5,77.8,24.7,176.8,82.1,26.3
176.3,60.8,19.6,176.3,61.2,19.7
178.4,66.9,21.0,177.5,69.1,21.9
174.4,89.4,29.4,173.3,93.9,31.2
174.1,58.5,19.3,172.1,58.8,19.9
174.8,62.3,20.4,172.5,63.2,21.3
171.1,83.8,28.6,169.2,76.9,26.9
164.8,56.2,20.7,162.9,49.4,18.6
180.0,95.7,29.5,178.3,94.9,29.8
173.5,85.5,28.4,172.5,77.3,26.0
176.9,58.8,18.8,175.1,61.7,20.1
172.6,78.1,26.2,171.3,82.0,28.0
183.1,93.7,27.9,181.4,89.0,27.1
178.1,94.5,29.8,176.2,99.2,32.0
177.8,67.8,21.4,176.7,68.9,22.1
171.4,87.3,29.7,171.2,88.2,30.1
177.8,97.7,30.9,175.5,93.8,30.5
172.3,57.6,19.4,171.6,56.8,19.3
182.5,75.0,22.5,180.2,74.0,22.8
175.6,83.5,27.1,174.9,80.7,26.4
172.7,64.5,21.6,171.7,62.4,21.2
173.0,99.3,33.2,173.4,108.8,36.2
167.3,75.8,27.1,167.4,66.1,23.6
177.5,69.8,22.2,176.5,75.6,24.3
173.9,67.1,22.2,172.3,60.7,20.4
179.7,63.2,19.6,178.6,67.9,21.3
182.4,68.8,20.7,180.4,77.7,23.9
173.6,61.8,20.5,172.9,62.5,20.9
170.4,73.2,25.2,170.1,74.0,25.6
176.7,76.0,24.3,175.6,80.5,26.1
182.1,66.0,19.9,180.8,62.9,19.2
167.2,71.0,25.4,167.4,66.6,23.8
171.6,79.3,26.9,169.8,73.3,25.4
178.2,83.7,26.4,176.1,78.2,25.2
178.9,65.2,20.4,177.7,62.2,19.7
187.4,69.0,19.6,185.2,63.3,18.4
170.9,48.2,16.5,169.3,51.4,17.9
177.1,69.6,22.2,176.4,68.1,21.9
172.7,75.6,25.3,172.3,75.4,25.4
172.7,60.5,20.3,171.2,57.2,19.5
175.3,93.5,30.4,174.4,90.9,29.9
171.7,61.6,20.9,170.0,65.6,22.7
176.8,74.0,23.7,174.8,76.9,25.2
167.6,69.3,24.7,167.7,63.4,22.5
177.8,80.7,25.5,176.1,83.8,27.0
172.5,57.4,19.3,171.4,58.9,20.1
170.1,62.5,21.6,167.9,56.7,20.1
171.2,68.5,23.4,169.4,65.4,22.8
172.1,73.2,24.7,170.3,78.2,27.0
164.4,59.9,22.2,163.0,60.0,22.6
176.9,72.7,23.2,175.8,70.5,22.8
184.5,83.0,24.4,183.1,84.6,25.2
181.5,67.6,20.5,180.2,67.6,20.8
168.2,63.5,22.4,167.7,62.8,22.3
180.4,57.9,17.8,179.1,56.8,17.7
168.4,59.9,21.1,167.8,61.4,21.8
185.6,72.8,21.1,183.9,69.9,20.7
187.3,65.9,18.8,185.0,68.3,20.0
186.7,91.8,26.3,185.1,90.5,26.4
178.1,72.7,22.9,176.2,72.8,23.4
175.6,92.8,30.1,174.6,85.7,28.1
174.1,65.4,21.6,172.0,64.0,21.6
175.1,65.4,21.3,173.3,64.4,21.5
162.5,60.4,22.9,161.5,67.0,25.7
180.5,71.7,22.0,178.8,68.6,21.5
170.0,64.3,22.2,169.7,67.7,23.5
165.8,79.8,29.0,166.1,71.2,25.8
169.3,62.6,21.8,167.8,57.5,20.4
171.7,68.7,23.3,171.0,64.8,22.2
181.1,73.8,22.5,178.8,80.2,25.1
175.4,84.3,27.4,174.6,82.2,27.0
169.7,82.4,28.6,169.6,81.1,28.2
191.3,93.0,25.4,188.5,100.2,28.2
168.3,64.7,22.8,167.1,60.1,21.5
174.4,73.0,24.0,172.4,78.6,26.4
174.3,60.4,19.9,172.1,59.4,20.0
169.8,80.6,28.0,168.6,83.9,29.5
177.3,68.7,21.9,175.6,67.4,21.9
174.4,59.7,19.6,172.7,56.5,18.9
174.8,69.7,22.8,173.0,64.5,21.6
169.4,78.5,27.4,168.2,78.8,27.9
172.0,71.5,24.2,171.6,69.4,23.6
176.0,67.5,21.8,174.9,66.2,21.7
185.8,78.7,22.8,184.4,77.1,22.7
172.7,73.3,24.6,171.4,69.3,23.6
171.5,74.2,25.2,169.7,78.1,27.1
193.9,123.4,32.8,190.3,113.7,31.4
173.1,73.3,24.5,172.3,70.3,23.7
183.3,86.1,25.6,181.3,88.8,27.0
183.7,55.5,16.4,182.5,56.8,17.1
181.2,80.3,24.5,178.6,80.1,25.1
169.0,59.9,21.0,167.3,57.8,20.6
181.4,98.8,30.0,180.8,83.4,25.5
188.2,94.2,26.6,185.9,88.8,25.7
176.4,97.9,31.5,174.9,98.0,32.0
170.5,69.1,23.8,168.8,63.2,22.2
171.6,61.4,20.9,170.1,61.6,21.3
178.2,76.5,24.1,176.5,70.4,22.6
177.5,75.0,23.8,175.3,70.9,23.1
178.8,103.6,32.4,176.7,107.3,34.4
165.6,59.8,21.8,163.6,57.8,21.6
169.7,66.4,23.1,168.9,63.3,22.2
182.6,70.7,21.2,181.5,71.0,21.5
175.8,52.7,17.1,173.3,54.8,18.3
167.7,61.3,21.8,166.1,60.1,21.8
177.7,63.0,20.0,176.0,65.7,21.2
182.0,84.9,25.6,180.0,80.0,24.7
180.6,73.2,22.4,179.8,75.6,23.4
176.0,72.0,23.2,173.7,83.6,27.7
172.6,63.4,21.3,170.4,58.4,20.1
182.6,63.2,19.0,180.2,64.7,19.9
174.2,67.6,22.3,172.9,64.0,21.4
179.5,74.2,23.0,178.0,69.9,22.1
171.6,49.4,16.8,168.9,49.5,17.3
172.5,51.6,17.3,170.5,53.9,18.5
177.8,62.6,19.8,176.5,63.2,20.3
179.6,97.6,30.3,177.6,83.7,26.5
173.8,71.6,23.7,172.7,75.4,25.3
171.1,74.2,25.3,170.0,79.0,27.3
166.6,68.7,24.8,164.3,65.1,24.1
175.8,73.8,23.9,173.6,68.1,22.6
165.2,54.8,20.1,164.2,51.2,19.0
172.0,84.4,28.5,171.2,84.4,28.8
178.6,76.5,24.0,176.4,72.9,23.4
170.0,72.4,25.1,169.2,70.0,24.5
178.4,88.7,27.9,176.8,79.2,25.3
183.1,58.1,17.3,181.6,57.7,17.5
163.0,64.0,24.1,161.6,60.0,23.0
175.8,57.8,18.7,174.4,59.8,19.7
181.6,65.9,20.0,179.4,62.2,19.3
175.2,55.0,17.9,174.3,57.6,19.0
177.6,60.4,19.1,175.7,54.4,17.6
172.5,75.7,25.4,170.2,75.9,26.2
176.2,64.7,20.8,174.8,63.5,20.8
170.1,69.1,23.9,168.4,68.4,24.1
178.3,60.0,18.9,176.1,52.6,17.0
170.9,55.9,19.1,168.9,55.3,19.4
170.4,49.7,17.1,168.0,52.5,18.6
167.0,55.0,19.7,164.6,52.3,19.3
172.2,69.1,23.3,170.3,65.7,22.6
167.8,86.3,30.6,167.8,83.9,29.8
178.6,68.8,21.6,177.1,65.9,21.0
182.3,65.7,19.8,180.8,65.1,19.9
181.7,86.9,26.3,180.5,80.5,24.7
178.7,66.6,20.9,177.1,64.0,20.4
179.2,83.8,26.1,177.7,85.3,27.0
170.1,69.0,23.8,169.6,64.1,22.3
175.2,73.0,23.8,173.1,71.2,23.8
184.9,77.2,22.6,182.7,77.6,23.3
177.1,77.3,24.6,175.1,80.3,26.2
164.5,54.7,20.2,162.6,51.7,19.6
175.7,69.0,22.4,175.0,64.2,21.0
182.2,65.5,19.7,180.0,68.2,21.1
167.1,57.8,20.7,165.2,57.5,21.1
179.0,64.5,20.1,178.0,67.3,21.2
171.6,58.7,19.9,169.7,59.2,20.6
174.4,63.6,20.9,172.2,58.6,19.8
179.9,63.7,19.7,178.5,61.7,19.4
172.3,65.2,22.0,171.1,63.8,21.8
176.6,65.9,21.1,174.8,64.0,21.0
169.7,51.6,17.9,168.3,52.5,18.6
184.5,73.8,21.7,183.0,72.4,21.6
166.4,67.5,24.4,165.7,65.6,23.9
171.2,66.0,22.5,169.5,72.5,25.2
175.9,67.9,21.9,175.2,70.7,23.0
173.5,71.3,23.7,173.4,70.0,23.3
173.2,67.9,22.6,172.6,68.9,23.1
184.4,68.0,20.0,182.8,62.1,18.6
174.2,84.3,27.8,173.0,77.8,26.0
168.9,66.7,23.4,168.1,69.5,24.6
177.4,58.2,18.5,175.5,61.9,20.1
174.9,67.9,22.2,173.7,69.2,22.9
175.1,68.3,22.3,173.0,68.9,23.0
186.8,75.2,21.6,184.5,71.2,20.9
167.0,58.3,20.9,166.4,56.3,20.3
178.1,65.1,20.5,176.3,63.1,20.3
171.2,59.6,20.3,170.3,72.4,25.0
177.7,75.0,23.8,176.9,75.7,24.2
166.7,65.2,23.5,166.4,66.0,23.9
162.1,72.3,27.5,162.9,68.6,25.9
181.2,55.6,16.9,178.7,56.0,17.5
169.6,58.0,20.2,167.5,57.3,20.4
178.4,112.5,35.3,176.1,108.4,35.0
169.1,81.2,28.4,169.4,83.3,29.0
172.4,73.4,24.7,172.2,72.6,24.5
176.7,77.3,24.8,174.7,72.2,23.6
174.4,70.7,23.2,172.4,64.7,21.8
173.5,57.4,19.1,172.9,58.3,19.5
181.0,63.8,19.5,179.6,65.2,20.2
181.1,87.7,26.7,178.8,78.6,24.6
169.6,86.3,30.0,168.1,91.4,32.3
179.3,69.5,21.6,177.0,69.6,22.2
182.5,57.1,17.1,180.9,60.1,18.4
182.2,63.1,19.0,181.6,64.4,19.5
180.8,72.7,22.2,179.6,71.9,22.3
172.3,58.9,19.8,170.2,56.6,19.5
170.0,78.2,27.1,168.4,73.3,25.9
176.5,72.6,23.3,174.7,77.1,25.2
180.9,67.3,20.6,179.8,60.7,18.8
163.5,75.1,28.1,162.3,71.6,27.2
181.1,70.5,21.5,179.0,67.6,21.1
174.0,72.4,23.9,172.1,69.1,23.3
178.5,77.6,24.4,177.6,70.2,22.3
176.3,59.8,19.2,175.2,65.2,21.2
182.1,79.2,23.9,180.4,82.4,25.3
185.3,77.3,22.5,182.6,84.2,25.2
181.1,86.8,26.5,180.4,92.0,28.3
185.0,88.3,25.8,183.4,83.0,24.7
166.2,48.6,17.6,164.3,53.5,19.8
176.5,83.4,26.8,175.7,86.5,28.0
176.5,68.8,22.1,174.8,68.4,22.4
176.6,79.6,25.5,175.2,71.1,23.1
176.7,61.0,19.5,175.3,63.9,20.8
166.6,61.1,22.0,166.0,59.4,21.6
179.4,68.8,21.4,178.0,68.9,21.7
172.6,65.6,22.0,170.9,66.4,22.7
168.6,76.3,26.8,167.4,81.4,29.0
173.0,66.0,22.1,171.7,67.6,22.9
176.7,72.2,23.1,176.0,74.9,24.2
173.9,68.0,22.5,172.5,64.7,21.7
174.6,83.3,27.3,173.4,84.2,28.0
174.9,72.9,23.8,173.2,69.9,23.3
177.2,64.9,20.7,174.9,61.4,20.1
171.8,89.0,30.2,171.5,93.6,31.8
185.4,107.8,31.4,183.3,110.2,32.8
166.7,57.9,20.8,165.6,59.0,21.5
169.3,69.0,24.1,167.9,68.1,24.2
178.6,82.6,25.9,177.0,83.5,26.6
176.0,80.5,26.0,173.7,79.7,26.4
166.1,58.3,21.1,164.3,63.3,23.5
172.8,78.4,26.3,172.1,76.4,25.8
176.9,58.2,18.6,174.5,53.9,17.7
181.8,90.3,27.3,180.2,91.4,28.1
176.1,63.4,20.4,175.0,60.5,19.8
171.1,98.2,33.5,170.7,98.3,33.7
172.2,60.5,20.4,170.7,58.8,20.2
175.5,69.2,22.5,174.7,73.0,23.9
173.2,58.8,19.6,172.2,58.3,19.6
176.5,59.9,19.2,174.7,59.5,19.5
173.7,58.0,19.2,171.9,57.1,19.3
187.3,131.7,37.5,184.8,126.8,37.1
171.1,56.4,19.3,169.8,58.1,20.1
174.6,80.8,26.5,172.3,73.8,24.8
170.8,78.5,26.9,170.0,82.0,28.4
176.2,75.7,24.4,174.6,74.1,24.3
173.6,59.4,19.7,173.3,59.2,19.7
170.8,84.4,28.9,169.7,88.4,30.7
170.6,108.4,37.2,170.0,104.9,36.3
172.5,78.4,26.3,170.8,82.9,28.4
167.1,56.5,20.2,166.2,61.7,22.3
180.1,97.4,30.0,178.1,91.4,28.8
184.3,110.2,32.4,181.6,112.1,34.0
161.9,76.1,29.0,162.2,81.6,31.0
176.4,74.6,24.0,174.1,68.3,22.5
171.8,56.0,19.0,170.5,56.4,19.4
172.9,77.8,26.0,171.6,71.5,24.3
185.0,88.0,25.7,183.4,85.3,25.4
174.2,59.3,19.5,172.8,53.7,18.0
170.5,56.9,19.6,169.0,59.3,20.8
176.6,84.2,27.0,175.3,72.5,23.6
176.5,69.1,22.2,175.4,71.2,23.1
173.8,62.1,20.6,172.1,68.3,23.0
171.1,68.2,23.3,168.8,69.7,24.5
166.8,54.2,19.5,164.8,48.3,17.8
176.8,62.9,20.1,175.6,59.6,19.3
171.9,80.5,27.2,170.0,78.9,27.3
174.2,97.4,32.1,172.5,95.2,32.0
171.2,64.9,22.1,169.5,62.3,21.7
179.1,77.8,24.3,177.2,80.3,25.6
180.8,61.6,18.8,179.6,59.7,18.5
187.2,105.9,30.2,184.1,108.6,32.0
184.0,109.1,32.2,181.8,107.1,32.4
170.0,63.6,22.0,169.5,58.3,20.3
175.2,74.8,24.4,173.6,79.3,26.3
180.1,70.2,21.6,179.6,68.7,21.3
174.5,70.0,23.0,173.0,67.9,22.7
175.8,64.7,20.9,174.7,58.4,19.1
177.1,60.4,19.3,175.8,60.0,19.4
171.0,55.7,19.0,169.1,58.1,20.3
174.9,70.4,23.0,174.6,65.7,21.6
184.2,123.4,36.4,181.4,120.7,36.7
183.6,79.3,23.5,182.0,67.2,20.3
178.7,93.7,29.3,177.2,97.5,31.0
178.1,91.3,28.8,176.3,94.4,30.4
183.2,61.9,18.4,181.4,61.2,18.6
173.0,62.3,20.8,171.6,54.6,18.5
178.4,61.8,19.4,177.0,64.5,20.6
179.1,60.0,18.7,177.5,56.3,17.9
175.5,68.5,22.2,175.3,69.3,22.6
170.2,78.5,27.1,168.7,72.4,25.5
172.5,81.1,27.3,171.2,83.2,28.4
191.7,87.7,23.9,188.3,90.6,25.6
174.0,92.7,30.6,173.0,93.0,31.1
183.6,80.3,23.8,182.0,75.1,22.7
165.1,52.7,19.3,164.3,49.7,18.4
178.8,62.4,19.5,176.7,61.0,19.5
177.5,62.9,20.0,175.3,60.1,19.6
177.9,56.1,17.7,175.2,52.7,17.2
172.5,66.4,22.3,171.2,65.1,22.2
179.5,86.2,26.8,178.2,82.5,26.0
176.2,63.7,20.5,174.8,64.6,21.1
176.5,68.8,22.1,174.7,65.7,21.5
178.3,69.7,21.9,177.1,69.2,22.1
167.9,62.0,22.0,166.6,69.9,25.2
180.0,58.4,18.0,177.9,62.7,19.8
174.8,73.2,24.0,174.2,73.3,24.2
173.8,82.0,27.1,173.2,74.2,24.7
183.3,88.7,26.4,181.9,88.4,26.7
169.4,58.5,20.4,168.1,61.9,21.9
173.1,58.2,19.4,171.9,62.6,21.2
169.0,74.1,25.9,167.8,69.8,24.8
167.0,83.6,30.0,166.6,83.2,30.0
177.3,63.5,20.2,175.9,59.5,19.2
171.0,92.0,31.5,170.4,88.1,30.3
168.7,60.6,21.3,167.5,64.6,23.0
172.2,65.2,22.0,170.6,64.3,22.1
185.9,94.4,27.3,184.8,88.4,25.9
183.3,74.5,22.2,182.5,85.0,25.5
176.9,96.4,30.8,175.1,92.5,30.1
175.0,91.7,29.9,173.3,85.3,28.4
181.0,102.8,31.4,179.0,106.5,33.2
170.6,62.2,21.4,169.9,64.0,22.2
172.9,53.6,17.9,171.6,53.2,18.1
177.8,67.8,21.4,176.7,74.3,23.8
173.3,96.3,32.1,172.2,96.4,32.5
172.9,59.5,19.9,170.7,58.0,19.9
171.6,69.3,23.5,171.5,67.9,23.1
167.7,77.8,27.7,166.5,68.9,24.9
168.3,69.3,24.5,167.2,70.1,25.1
178.7,81.1,25.4,177.5,83.2,26.4
171.7,58.4,19.8,169.5,62.3,21.7
168.9,67.4,23.6,167.7,67.3,23.9
180.9,60.6,18.5,179.6,68.3,21.2
174.9,74.9,24.5,174.0,82.8,27.3
178.9,100.7,31.5,176.8,109.6,35.1
173.9,89.9,29.7,173.2,92.5,30.8
173.1,57.8,19.3,171.7,54.7,18.6
177.4,66.2,21.0,176.0,72.0,23.2
176.1,117.0,37.7,176.4,120.2,38.6
171.4,76.9,26.2,170.1,85.4,29.5
175.6,94.2,30.5,174.1,93.5,30.8
173.7,75.3,25.0,172.0,76.7,25.9
168.1,59.1,20.9,167.7,63.4,22.6
176.1,85.9,27.7,175.0,69.3,22.6
178.9,69.9,21.8,178.1,66.6,21.0
171.6,60.4,20.5,170.1,64.4,22.3
172.5,67.0,22.5,171.6,69.1,23.5
180.8,75.0,22.9,178.7,74.3,23.3
172.0,81.9,27.7,171.6,87.5,29.7
171.7,72.4,24.6,170.3,72.5,25.0
171.9,50.7,17.2,169.6,56.0,19.5
179.7,88.7,27.5,178.3,84.9,26.7
168.9,67.6,23.7,168.7,65.1,22.9
191.4,82.9,22.6,188.0,86.1,24.4
182.1,85.2,25.7,179.6,92.1,28.5
179.6,79.1,24.5,178.7,75.9,23.7
169.5,71.2,24.8,168.6,75.6,26.6
176.6,81.3,26.1,174.5,86.4,28.4
175.1,77.0,25.1,173.0,74.1,24.8
174.9,72.4,23.7,173.0,68.5,22.9
177.6,87.2,27.6,175.8,90.4,29.3
167.4,68.0,24.3,165.7,60.6,22.1
176.6,103.9,33.3,174.1,101.5,33.5
172.8,65.0,21.8,171.5,67.3,22.9
170.9,64.2,22.0,169.6,63.9,22.2
179.3,67.4,21.0,177.3,68.5,21.8
163.4,54.0,20.2,161.5,50.2,19.3
178.4,92.3,29.0,176.2,87.9,28.3
168.0,46.0,16.3,166.0,49.1,17.8
173.0,92.4,30.9,172.2,100.0,33.7
179.3,87.4,27.2,177.8,90.0,28.5
176.4,65.7,21.1,175.0,60.4,19.7
181.4,68.8,20.9,179.6,67.5,20.9
178.6,59.7,18.7,177.1,59.5,19.0
173.3,78.0,26.0,171.5,71.1,24.2
183.4,73.4,21.8,182.6,73.3,22.0
179.8,73.3,22.7,178.5,67.8,21.3
173.2,61.1,20.4,171.0,61.3,21.0
176.0,76.1,24.6,174.7,77.4,25.4
179.8,78.3,24.2,178.3,79.8,25.1
163.7,71.1,26.5,162.8,64.3,24.3
171.4,81.7,27.8,171.1,86.4,29.5
175.2,90.6,29.5,172.9,92.4,30.9
184.2,68.6,20.2,182.0,70.3,21.2
174.2,60.9,20.1,171.6,59.2,20.1
176.6,60.5,19.4,175.6,58.0,18.8
170.5,67.5,23.2,169.2,64.3,22.4
173.7,55.4,18.4,170.9,52.4,18.0
172.4,75.2,25.3,171.7,75.7,25.7
174.4,66.2,21.8,173.2,64.8,21.6
171.4,66.9,22.8,170.7,65.1,22.4
173.6,73.4,24.4,172.2,67.8,22.9
181.8,90.8,27.5,180.4,93.8,28.9
177.5,61.2,19.4,175.1,65.9,21.5
174.3,61.3,20.2,173.2,63.0,21.0
175.4,88.9,28.9,173.6,90.6,30.1
175.4,60.2,19.6,173.8,62.7,20.8
176.2,74.7,24.1,174.3,64.0,21.1
171.8,58.0,19.7,170.2,57.4,19.8
176.0,71.0,22.9,173.8,69.8,23.1
175.2,65.8,21.4,173.6,66.7,22.1
178.1,68.7,21.7,175.8,69.6,22.5
178.3,68.9,21.7,176.9,67.7,21.6
169.0,71.5,25.0,167.6,65.6,23.3
182.0,67.3,20.3,179.6,62.2,19.3
165.4,62.6,22.9,164.4,64.0,23.7
162.9,70.3,26.5,162.7,70.0,26.4
176.2,66.8,21.5,175.0,62.6,20.4
185.9,80.1,23.2,183.8,79.1,23.4
179.4,87.4,27.2,177.8,81.1,25.7
179.8,62.5,19.3,177.8,65.1,20.6
177.6,94.4,29.9,176.5,96.9,31.1
171.9,88.2,29.8,171.2,91.1,31.1
173.9,58.0,19.2,172.4,56.9,19.2
164.9,65.0,23.9,165.0,65.0,23.9
179.6,90.1,27.9,178.0,87.6,27.7
173.1,63.1,21.1,171.8,60.6,20.5
166.1,72.7,26.4,166.0,77.0,28.0
174.0,64.9,21.4,172.9,61.4,20.5
164.5,50.6,18.7,163.6,51.1,19.1
170.3,61.3,21.1,169.3,62.9,21.9
178.5,58.1,18.2,177.4,56.3,17.9
184.6,94.5,27.7,182.2,93.7,28.2
172.4,60.8,20.5,171.1,57.2,19.6
173.8,53.4,17.7,172.5,53.6,18.0
182.2,74.4,22.4,180.1,69.5,21.4
171.4,96.2,32.7,171.0,100.5,34.4
173.2,87.3,29.1,171.8,89.7,30.4
178.5,73.7,23.1,177.6,78.6,24.9
176.4,61.8,19.9,174.5,65.7,21.6
171.8,79.8,27.0,171.5,85.0,28.9
171.3,55.3,18.8,168.9,55.2,19.3
168.9,67.9,23.8,168.1,63.4,22.4
165.9,72.5,26.3,164.6,68.9,25.4
171.8,55.2,18.7,170.5,56.4,19.4
171.9,74.9,25.3,171.4,83.8,28.5
176.6,70.7,22.7,175.9,64.7,20.9
178.0,56.8,17.9,177.0,56.7,18.1
169.8,71.7,24.9,168.3,72.8,25.7
177.3,90.7,28.9,174.8,92.8,30.4
170.6,71.7,24.6,169.2,69.0,24.1
172.2,63.3,21.3,170.6,62.4,21.4
179.7,82.2,25.5,178.7,82.4,25.8
165.2,54.4,19.9,162.8,50.1,18.9
170.3,55.5,19.1,168.9,55.2,19.4
183.0,104.6,31.2,181.0,97.5,29.7
176.1,76.6,24.7,174.9,72.3,23.6
169.9,54.9,19.0,167.0,52.4,18.8
180.5,82.4,25.3,178.0,94.9,30.0
179.7,68.6,21.2,177.5,65.0,20.6
173.3,88.4,29.4,172.5,83.7,28.1
176.4,83.7,26.9,175.5,82.8,26.9
174.5,88.3,29.0,173.7,86.2,28.6
162.9,84.1,31.7,162.5,83.1,31.5
181.1,86.3,26.3,180.0,85.8,26.5
165.9,50.8,18.5,165.0,48.5,17.8
172.5,48.8,16.4,170.8,52.8,18.1
178.5,68.5,21.5,176.6,71.2,22.8
181.2,91.4,27.8,179.9,87.8,27.1
174.1,64.4,21.2,173.6,66.8,22.1
184.2,94.1,27.7,181.8,91.5,27.7
175.6,99.3,32.2,174.2,102.2,33.7
172.7,54.6,18.3,172.1,57.1,19.3
175.7,54.1,17.5,174.2,56.4,18.6
171.3,58.1,19.8,170.2,59.0,20.4
180.0,85.2,26.3,178.0,88.8,28.0
174.2,74.1,24.4,172.9,70.5,23.6
167.3,55.5,19.8,165.2,54.6,20.0
171.7,56.7,19.2,169.6,54.7,19.0
166.0,49.2,17.9,163.6,49.8,18.6
187.7,85.1,24.2,185.0,74.5,21.8
181.1,100.5,30.6,180.0,100.5,31.0
176.3,96.4,31.0,175.4,89.6,29.1
191.5,90.8,24.8,189.6,95.3,26.5
175.0,92.9,30.3,173.8,86.4,28.6
181.2,62.1,18.9,179.3,65.1,20.2
176.7,59.8,19.2,174.9,65.8,21.5
181.8,84.7,25.6,181.2,77.0,23.4
172.3,59.2,19.9,171.3,62.7,21.4
187.7,78.4,22.3,185.6,77.0,22.4
182.9,86.4,25.8,180.7,69.0,21.1
165.9,63.4,23.0,164.2,64.4,23.9
171.8,86.3,29.2,170.9,87.4,29.9
176.6,69.1,22.2,176.0,64.6,20.9
177.8,67.0,21.2,176.9,68.0,21.7
170.3,50.0,17.2,168.4,49.6,17.5
172.6,50.6,17.0,171.5,54.0,18.4
174.9,69.2,22.6,173.9,72.5,24.0
180.1,72.9,22.5,178.8,65.5,20.5
167.8,91.5,32.5,166.2,93.0,33.7
170.9,70.0,24.0,168.3,52.7,18.6
175.4,61.8,20.1,174.8,61.1,20.0
179.2,80.1,24.9,177.6,81.8,25.9
170.5,57.4,19.7,169.7,53.9,18.7
169.7,77.7,27.0,168.5,71.8,25.3
173.0,71.6,23.9,171.6,69.4,23.6
182.8,82.0,24.5,180.4,78.3,24.0
166.7,55.5,20.0,164.7,55.9,20.6
166.2,57.3,20.7,165.9,66.5,24.2
173.5,84.5,28.1,171.4,83.7,28.5
176.0,79.0,25.5,173.9,85.2,28.2
172.9,95.0,31.8,172.4,82.4,27.7
169.7,76.5,26.6,168.8,72.6,25.5
178.5,73.7,23.1,177.6,78.6,24.9
179.8,110.5,34.2,177.0,105.4,33.7
171.6,62.0,21.1,169.7,65.1,22.6
176.9,75.9,24.3,175.0,68.4,22.3
171.0,53.0,18.1,169.2,51.7,18.1
180.2,81.2,25.0,179.2,81.2,25.3
166.3,56.2,20.3,165.1,55.9,20.5
180.7,66.9,20.5,178.8,66.6,20.8
180.5,62.7,19.2,178.1,65.1,20.5
177.4,86.1,27.4,175.4,86.7,28.2
169.2,66.2,23.1,168.0,72.1,25.6
167.8,64.2,22.8,167.2,68.1,24.3
172.3,59.2,19.9,171.2,64.2,21.9
177.3,78.2,24.9,176.2,80.3,25.9
176.8,83.8,26.8,175.8,81.6,26.4
169.5,65.5,22.8,168.0,65.8,23.3
164.5,52.3,19.3,163.8,51.7,19.3
170.9,66.7,22.8,170.9,65.9,22.6
173.0,82.7,27.6,172.7,88.1,29.6
175.7,69.5,22.5,173.2,63.5,21.2
173.6,69.2,23.0,173.3,71.1,23.7
170.6,57.5,19.8,169.4,56.4,19.7
176.2,69.0,22.2,174.8,57.7,18.9
171.7,102.5,34.8,169.6,99.3,34.5
169.9,63.0,21.8,169.6,67.6,23.5
181.1,67.1,20.5,179.5,62.9,19.5
178.0,68.5,21.6,176.5,68.7,22.0
172.4,77.8,26.2,171.6,75.5,25.6
172.5,65.3,21.9,170.4,74.1,25.5
165.2,71.5,26.2,165.5,68.4,25.0
169.6,63.0,21.9,168.3,60.6,21.4
178.9,83.1,26.0,176.6,82.8,26.6
168.4,51.1,18.0,166.5,49.3,17.8
172.3,66.9,22.5,170.8,73.4,25.1
170.3,59.0,20.3,169.0,60.2,21.1
172.1,73.9,25.0,171.2,73.7,25.1
180.2,61.0,18.8,179.3,64.0,19.9
176.8,61.5,19.7,175.2,72.3,23.5
176.0,56.3,18.2,173.4,58.2,19.4
170.9,80.8,27.7,169.4,79.5,27.7
183.0,97.0,29.0,181.5,93.4,28.4
160.6,88.9,34.5,162.6,84.3,31.9
172.4,64.8,21.8,171.4,63.3,21.6
171.5,67.4,22.9,169.6,74.2,25.8
177.8,78.5,24.8,176.6,75.3,24.2
176.9,66.4,21.2,175.4,68.2,22.2
174.4,71.4,23.5,171.9,63.0,21.3
170.7,54.5,18.7,168.7,57.0,20.0
172.6,49.6,16.6,170.7,52.3,17.9
173.9,82.8,27.4,173.0,82.2,27.5
164.9,44.7,16.4,163.2,49.2,18.5
168.1,63.6,22.5,166.6,61.5,22.2
170.3,60.5,20.9,169.7,58.2,20.2
170.4,56.2,19.4,169.1,57.5,20.1
170.5,72.5,24.9,169.4,63.5,22.1
175.9,64.1,20.7,174.5,60.6,19.9
178.5,92.5,29.0,176.9,88.3,28.2
176.8,57.2,18.3,175.0,56.7,18.5
171.9,73.9,25.0,170.5,73.2,25.2
185.9,76.8,22.2,183.6,73.8,21.9
167.2,83.9,30.0,166.2,80.1,29.0
173.2,77.9,26.0,171.6,72.6,24.7
179.5,81.5,25.3,177.5,78.4,24.9
167.7,60.2,21.4,166.7,58.5,21.1
182.2,81.6,24.6,180.4,82.0,25.2
186.6,108.2,31.1,183.5,105.3,31.3
179.4,74.5,23.1,177.9,73.4,23.2
183.7,110.1,32.6,181.6,105.8,32.1
171.6,78.0,26.5,170.5,71.6,24.6
176.8,57.9,18.5,176.1,57.5,18.5
171.4,100.7,34.3,170.6,101.7,34.9
176.9,76.2,24.4,175.8,71.9,23.2
172.2,76.5,25.8,170.3,73.8,25.4
178.2,72.8,22.9,176.7,74.3,23.8
171.5,72.8,24.8,170.4,75.5,26.0
178.1,93.8,29.6,177.3,86.2,27.4
173.7,66.6,22.1,173.6,67.1,22.3
174.5,53.8,17.7,173.5,55.7,18.5
173.3,71.6,23.8,171.4,73.9,25.2
167.8,54.1,19.2,166.9,56.5,20.3
167.1,54.3,19.4,166.4,58.3,21.1
177.0,69.8,22.3,175.1,65.8,21.5
172.4,50.5,17.0,170.2,53.5,18.5
169.5,68.5,23.8,168.5,69.8,24.6
172.8,67.9,22.7,170.7,63.5,21.8
170.3,71.8,24.8,169.9,65.8,22.8
167.6,61.6,21.9,167.2,55.5,19.9
177.3,93.0,29.6,176.2,87.5,28.2
171.6,62.9,21.4,171.0,62.8,21.5
167.5,57.8,20.6,165.2,52.4,19.2
170.5,59.8,20.6,169.2,63.1,22.1
178.9,65.0,20.3,177.7,66.2,21.0
178.7,67.0,21.0,178.0,69.2,21.8
170.1,63.4,21.9,169.6,63.1,21.9
170.7,58.1,19.9,168.7,56.8,20.0
181.3,69.8,21.2,179.6,68.3,21.2
179.9,85.6,26.4,178.0,78.4,24.8
171.6,79.1,26.9,169.7,75.8,26.3
175.3,64.0,20.8,173.7,62.1,20.6
176.2,63.3,20.4,174.8,61.2,20.0
167.7,63.3,22.5,166.0,54.8,19.9
179.9,62.0,19.2,178.4,68.3,21.5
179.3,65.0,20.2,177.9,62.7,19.8
174.2,80.3,26.5,173.5,74.4,24.7
171.4,65.4,22.3,169.3,71.9,25.1
170.2,59.2,20.4,169.1,58.0,20.3
175.0,62.6,20.4,173.6,61.7,20.5
172.4,77.4,26.0,172.0,78.8,26.7
168.3,69.2,24.4,167.1,66.0,23.7
173.1,100.9,33.7,172.2,97.6,32.9
170.6,61.4,21.1,169.4,57.8,20.1
172.9,89.6,30.0,171.5,87.4,29.7
172.3,65.3,22.0,171.2,62.1,21.2
174.4,77.3,25.4,172.8,79.5,26.6
175.2,84.4,27.5,174.0,76.5,25.3
178.2,78.9,24.8,176.2,82.8,26.6
179.0,71.3,22.3,178.2,77.8,24.5
170.7,61.0,20.9,169.9,64.6,22.4
182.6,85.7,25.7,181.0,78.1,23.8
173.8,75.1,24.9,172.3,67.9,22.9
173.6,62.7,20.8,172.7,60.5,20.3
172.7,75.2,25.2,172.1,80.3,27.1
176.4,73.0,23.5,176.0,77.2,24.9
174.5,50.6,16.6,172.4,58.5,19.7
177.8,63.8,20.2,175.7,63.2,20.5
171.0,62.6,21.4,170.3,64.9,22.4
180.1,64.8,20.0,178.8,63.8,20.0
176.6,78.6,25.2,174.5,75.1,24.7
184.6,79.6,23.4,182.4,73.9,22.2
179.3,68.7,21.4,178.0,70.0,22.1
169.8,65.6,22.8,168.2,63.6,22.5
180.3,75.4,23.2,178.4,73.3,23.0
182.4,75.1,22.6,179.7,81.3,25.2
178.3,71.4,22.5,177.8,65.8,20.8
178.2,64.5,20.3,176.6,62.2,19.9
181.7,75.3,22.8,179.2,81.2,25.3
168.2,75.8,26.8,167.7,80.3,28.6
167.7,51.5,18.3,166.1,47.9,17.4
175.1,63.7,20.8,174.2,68.7,22.7
181.2,78.6,23.9,178.8,77.8,24.4
184.6,86.7,25.4,183.7,78.6,23.3
168.4,59.4,20.9,167.6,56.3,20.1
173.1,69.2,23.1,171.0,61.9,21.1
173.3,66.1,22.0,172.4,65.7,22.1
179.1,87.1,27.2,177.4,85.3,27.1
176.1,75.1,24.2,175.3,74.4,24.2
167.4,65.6,23.4,167.3,63.0,22.5
180.1,70.2,21.6,178.8,67.6,21.2
179.6,62.0,19.2,178.1,56.2,17.7
174.8,56.1,18.4,173.4,58.6,19.5
171.2,91.0,31.0,171.0,88.5,30.2
181.4,65.9,20.0,179.4,67.9,21.1
168.2,77.2,27.3,167.2,77.9,27.9
178.7,75.8,23.7,177.4,72.9,23.2
167.7,65.1,23.1,166.1,60.3,21.9
178.0,96.2,30.4,175.8,91.5,29.6
184.8,89.6,26.2,182.9,91.8,27.5
184.1,77.3,22.8,181.8,74.2,22.5
168.3,60.1,21.2,167.3,57.5,20.6
174.4,69.8,22.9,173.6,65.9,21.9
175.7,64.5,20.9,174.5,57.3,18.8
167.1,65.9,23.6,167.7,71.1,25.3
172.5,54.7,18.4,171.5,60.5,20.6
164.1,75.4,28.0,163.4,81.0,30.4
180.4,76.4,23.5,179.6,81.7,25.3
171.1,70.7,24.2,170.2,72.8,25.1
176.5,71.5,23.0,174.4,72.3,23.8
173.7,63.0,20.9,173.1,67.7,22.6
181.3,84.2,25.6,179.4,83.3,25.9
181.5,70.0,21.2,180.7,73.1,22.4
171.2,58.3,19.9,171.0,57.8,19.8
175.9,107.4,34.7,175.0,107.7,35.2
169.2,50.7,17.7,166.7,50.3,18.1
176.2,67.0,21.6,174.7,60.6,19.9
169.1,81.0,28.3,168.7,74.2,26.1
171.3,65.4,22.3,169.2,64.4,22.5
169.5,67.9,23.6,168.6,68.7,24.2
175.6,73.3,23.8,173.8,74.8,24.8
172.5,63.5,21.3,171.6,71.0,24.1
176.5,68.9,22.1,174.5,77.1,25.3
183.7,73.4,21.8,182.2,70.8,21.3
180.1,74.1,22.8,178.3,77.1,24.3
170.8,60.7,20.8,169.3,58.7,20.5
182.1,55.1,16.6,180.9,63.4,19.4
175.9,75.1,24.3,174.6,62.9,20.6
173.9,82.2,27.2,172.0,74.9,25.3
177.5,97.0,30.8,176.0,94.5,30.5
172.4,60.7,20.4,170.3,61.6,21.2
173.9,70.2,23.2,173.1,63.5,21.2
175.5,82.7,26.9,174.5,74.1,24.3
184.7,109.4,32.1,182.1,104.9,31.6
174.8,62.5,20.5,172.5,66.8,22.4
178.5,61.8,19.4,177.9,67.4,21.3
179.1,55.6,17.3,177.9,54.8,17.3
173.6,64.1,21.3,172.4,63.9,21.5
171.9,74.7,25.3,170.4,73.8,25.4
174.2,72.3,23.8,172.2,80.2,27.1
177.8,76.0,24.0,176.8,73.1,23.4
177.8,76.1,24.1,176.7,76.2,24.4
173.8,59.6,19.7,172.4,71.6,24.1
181.1,114.1,34.8,179.5,109.8,34.1
171.9,77.8,26.3,171.2,78.6,26.8
180.1,83.8,25.8,178.9,73.2,22.9
172.0,69.5,23.5,171.3,62.6,21.3
171.0,80.8,27.6,169.4,77.8,27.1
182.9,103.8,31.0,181.6,101.2,30.7
170.1,63.4,21.9,169.7,57.8,20.1
180.1,85.9,26.5,177.8,88.7,28.0
178.8,75.1,23.5,177.4,81.6,25.9
175.8,58.9,19.1,173.7,62.2,20.6
177.7,112.1,35.5,176.4,106.9,34.4
176.5,77.2,24.8,175.4,74.1,24.1
170.7,71.6,24.6,170.1,76.2,26.3
168.6,61.7,21.7,167.8,63.9,22.7
166.1,59.5,21.6,166.1,58.2,21.1
175.6,70.8,23.0,174.2,69.7,23.0
171.6,64.0,21.7,171.4,66.0,22.5
180.5,67.0,20.6,178.7,65.2,20.4
172.9,69.7,23.3,171.0,67.6,23.1
175.3,79.9,26.0,173.1,79.8,26.6
177.2,68.0,21.7,175.4,69.6,22.6
162.8,51.5,19.4,160.4,50.6,19.6
171.3,65.6,22.4,170.4,64.0,22.0
181.9,88.7,26.8,181.2,79.8,24.3
170.4,55.2,19.0,168.6,56.2,19.8
171.9,72.5,24.5,170.4,63.6,21.9
171.1,72.3,24.7,169.4,75.8,26.4
166.1,55.8,20.2,164.9,53.7,19.8
179.7,66.9,20.7,177.3,64.6,20.5
176.8,93.0,29.8,175.3,88.7,28.9
173.5,78.4,26.0,172.2,75.3,25.4
170.3,58.2,20.1,168.2,57.2,20.2
175.1,73.1,23.8,173.8,73.3,24.3
178.4,75.5,23.7,176.8,74.9,24.0
173.5,72.8,24.2,172.6,71.0,23.9
171.5,66.1,22.5,170.4,67.2,23.2
169.3,74.5,26.0,168.4,76.5,27.0
176.8,69.1,22.1,174.9,67.6,22.1
162.5,78.2,29.6,161.9,77.8,29.7
172.0,92.6,31.3,170.8,85.4,29.3
170.4,69.0,23.8,170.0,65.9,22.8
181.7,69.3,21.0,180.4,74.4,22.9
171.6,75.8,25.7,170.7,79.4,27.2
173.7,67.6,22.4,172.3,61.2,20.6
184.1,89.7,26.5,182.1,78.8,23.8
167.7,60.3,21.4,165.7,58.8,21.4
175.8,77.9,25.2,175.1,77.1,25.2
169.2,77.5,27.1,167.6,84.5,30.1
173.2,96.4,32.1,171.9,95.5,32.3
178.0,68.7,21.7,176.4,64.6,20.8
177.7,88.0,27.9,176.0,86.3,27.9
180.3,80.8,24.9,179.0,75.0,23.4
175.8,88.3,28.6,174.0,92.4,30.5
169.3,61.3,21.4,168.7,62.3,21.9
185.0,100.5,29.4,183.0,95.7,28.6
167.8,58.6,20.8,167.3,58.7,21.0
173.7,71.8,23.8,172.2,66.9,22.5
176.1,60.0,19.3,174.3,58.2,19.2
173.6,72.5,24.1,172.6,69.2,23.2
176.4,55.3,17.8,175.8,56.4,18.2
174.1,65.6,21.6,172.9,71.8,24.0
175.2,74.3,24.2,174.3,75.3,24.8
176.0,60.7,19.6,174.9,60.6,19.8
182.3,103.2,31.1,179.9,104.0,32.2
179.9,77.3,23.9,177.8,76.4,24.2
165.0,50.7,18.6,163.6,50.9,19.0
173.3,65.6,21.8,172.9,68.1,22.8
177.6,63.2,20.0,176.1,68.3,22.0
179.2,59.0,18.4,177.4,61.3,19.5
174.6,63.3,20.8,172.5,60.7,20.4
163.9,54.1,20.1,161.6,54.1,20.7
177.6,73.1,23.2,176.5,70.8,22.7
169.1,65.5,22.9,168.4,73.0,25.7
176.0,90.9,29.3,174.4,85.5,28.1
174.5,76.1,25.0,173.8,81.2,26.9
160.9,58.2,22.5,161.0,57.6,22.2
175.5,59.8,19.4,173.5,62.6,20.8
167.2,64.2,23.0,166.3,62.4,22.5
181.6,112.2,34.0,180.0,104.9,32.4
175.0,62.0,20.2,174.8,62.9,20.6
176.1,71.8,23.2,175.1,73.3,23.9
182.6,67.4,20.2,180.7,67.5,20.7
175.6,62.9,20.4,174.4,59.9,19.7
165.1,58.5,21.5,163.9,61.1,22.7
172.8,84.3,28.2,171.5,81.9,27.8
166.4,59.3,21.4,165.6,54.2,19.8
172.8,84.1,28.2,172.3,71.6,24.1
179.2,70.3,21.9,177.8,68.0,21.5
173.6,106.8,35.4,173.7,102.8,34.1
176.1,71.8,23.2,175.0,80.5,26.3
181.8,96.4,29.2,179.3,96.4,30.0
181.5,75.6,22.9,179.5,65.3,20.3
175.8,62.6,20.3,175.6,59.1,19.2
183.5,73.5,21.8,181.9,67.4,20.4
180.3,79.8,24.5,179.6,72.4,22.5
183.2,79.7,23.7,180.9,82.8,25.3
168.7,70.4,24.7,167.9,69.7,24.7
175.5,60.1,19.5,173.4,59.7,19.9
167.7,81.7,29.1,167.0,83.8,30.0
175.3,101.3,33.0,173.1,96.6,32.2
171.0,62.8,21.5,168.5,59.4,20.9
171.6,51.4,17.5,170.0,55.2,19.1
170.1,68.2,23.6,168.5,72.5,25.5
172.1,49.8,16.8,170.6,54.5,18.7
172.0,71.7,24.2,171.1,73.8,25.2
169.8,79.1,27.4,169.3,82.8,28.9
169.9,60.1,20.8,169.3,60.0,20.9
174.6,64.9,21.3,172.3,64.7,21.8
169.2,75.9,26.5,167.7,77.6,27.6
170.1,63.2,21.8,169.0,61.1,21.4
164.6,66.1,24.4,163.1,67.9,25.5
175.4,66.8,21.7,173.7,65.3,21.6
187.4,88.1,25.1,184.6,93.1,27.3
167.9,65.1,23.1,166.3,61.8,22.3
172.6,69.5,23.3,172.6,71.4,23.9
169.0,93.7,32.8,168.4,97.8,34.5
171.9,54.6,18.5,170.4,54.9,18.9
173.7,69.4,23.0,173.2,68.7,22.9
174.9,62.6,20.5,173.8,63.9,21.1
167.1,56.5,20.2,165.2,56.0,20.5
179.0,57.5,17.9,177.0,59.2,18.9
171.2,68.8,23.5,170.1,70.7,24.4
170.4,64.5,22.2,168.6,58.2,20.5
162.5,59.3,22.5,161.7,65.0,24.9
173.1,71.4,23.8,173.0,69.9,23.4
166.9,71.9,25.8,166.0,68.7,24.9
189.5,103.2,28.7,186.9,90.4,25.9
173.2,68.0,22.7,173.0,59.0,19.7
183.7,98.0,29.0,182.7,97.8,29.3
180.7,67.8,20.8,179.7,65.5,20.3
172.6,81.6,27.4,171.5,80.4,27.3
172.8,80.9,27.1,170.7,81.7,28.0
171.2,68.4,23.3,170.4,72.5,25.0
172.2,59.2,20.0,169.9,61.7,21.4
189.7,66.3,18.4,187.1,70.1,20.0
171.1,72.7,24.8,170.2,81.8,28.2
179.7,68.5,21.2,177.8,69.0,21.8
187.9,88.4,25.0,185.5,77.7,22.6
177.2,69.7,22.2,174.6,69.3,22.7
176.3,72.1,23.2,175.8,69.6,22.5
172.7,64.3,21.6,171.9,66.5,22.5
175.7,57.2,18.5,174.3,57.3,18.8
168.3,70.1,24.7,167.1,65.7,23.5
179.6,81.0,25.1,178.0,74.1,23.4
177.9,66.2,20.9,177.8,65.9,20.9
175.3,56.4,18.4,173.4,56.7,18.9
173.4,70.8,23.5,172.9,75.1,25.1
160.2,48.2,18.8,159.6,50.4,19.8
177.1,81.1,25.9,175.9,84.6,27.4
171.2,62.6,21.4,169.2,58.4,20.4
171.7,80.6,27.3,170.4,74.9,25.8
176.2,57.5,18.5,175.1,65.1,21.2
176.2,82.2,26.5,175.9,81.7,26.4
178.4,67.5,21.2,177.4,61.8,19.6
184.8,84.8,24.8,182.9,89.4,26.7
174.1,84.5,27.9,171.8,80.7,27.3
167.6,78.2,27.8,166.6,78.6,28.3
186.3,98.9,28.5,184.8,88.1,25.8
176.9,76.0,24.3,175.3,69.4,22.6
183.2,90.2,26.9,182.3,81.1,24.4
176.4,81.1,26.1,174.6,82.1,26.9
173.0,72.9,24.4,171.4,72.4,24.6
169.9,66.2,22.9,168.9,63.5,22.3
175.3,75.6,24.6,173.9,74.9,24.8
170.7,54.6,18.7,170.0,57.4,19.9
181.1,56.9,17.3,179.2,52.9,16.5
184.8,68.6,20.1,183.2,71.0,21.2
172.2,58.5,19.7,170.9,59.1,20.2
173.2,79.9,26.6,171.0,77.2,26.4
170.5,75.0,25.8,170.2,71.4,24.6
182.7,72.0,21.6,180.6,69.1,21.2
179.8,58.6,18.1,177.4,59.2,18.8
175.2,58.0,18.9,173.8,59.3,19.6
180.2,65.7,20.2,177.6,64.8,20.5
175.3,64.2,20.9,173.2,62.8,20.9
185.2,79.2,23.1,183.4,72.4,21.5
179.8,72.8,22.5,179.2,68.5,21.3
169.7,83.2,28.9,168.2,87.4,30.9
168.1,61.9,21.9,167.3,64.9,23.2
166.1,55.1,20.0,165.1,54.7,20.1
167.2,50.9,18.2,165.4,51.0,18.6
164.8,63.7,23.5,164.1,61.6,22.9
182.6,61.8,18.5,181.5,66.2,20.1
186.7,84.4,24.2,184.3,78.2,23.0
171.2,71.0,24.2,170.8,65.0,22.3
174.1,56.2,18.5,172.5,57.7,19.4
179.8,103.2,31.9,177.3,93.2,29.7
170.2,71.6,24.7,168.6,63.7,22.4
172.8,42.8,14.3,171.4,66.6,22.7
174.9,90.6,29.6,173.6,93.1,30.9
186.3,68.6,19.8,184.0,70.1,20.7
174.1,62.1,20.5,173.2,57.4,19.2
191.5,73.1,19.9,189.0,71.7,20.1
181.3,85.5,26.0,179.6,81.4,25.2
175.9,79.4,25.7,175.6,75.8,24.6
183.0,105.1,31.4,180.0,110.0,34.0
174.9,62.3,20.4,173.9,58.9,19.5
166.0,59.4,21.6,165.6,60.1,21.9
174.9,86.0,28.1,173.0,83.8,28.0
178.9,109.5,34.2,176.9,105.2,33.6
179.0,71.6,22.3,176.9,73.7,23.5
172.2,50.8,17.1,170.2,53.6,18.5
177.0,56.0,17.9,175.7,57.2,18.5
182.3,81.1,24.4,180.9,79.3,24.2
173.3,93.4,31.1,172.3,85.6,28.8
173.9,54.0,17.9,171.5,50.9,17.3
165.0,77.5,28.5,164.0,80.8,30.1
176.9,87.4,27.9,175.0,88.4,28.9
181.5,70.4,21.4,180.1,68.8,21.2
185.7,67.2,19.5,183.0,68.9,20.6
171.8,62.6,21.2,170.2,62.5,21.6
168.1,53.1,18.8,166.4,56.1,20.3
177.4,80.4,25.5,176.1,79.1,25.5
174.1,101.7,33.6,172.5,97.8,32.9
176.6,83.9,26.9,175.6,87.6,28.4
177.9,67.1,21.2,176.1,66.7,21.5
172.1,61.4,20.7,170.0,58.8,20.3
179.9,90.0,27.8,177.7,91.6,29.0
173.4,64.4,21.4,172.8,67.7,22.7
179.5,82.8,25.7,177.9,76.8,24.2
167.6,69.8,24.8,166.2,65.1,23.6
171.0,56.7,19.4,169.7,53.2,18.5
171.8,59.6,20.2,170.4,59.9,20.6
179.2,64.8,20.2,178.1,63.1,19.9
175.4,80.3,26.1,173.5,76.0,25.2
169.4,91.3,31.8,167.9,88.6,31.4
175.4,68.1,22.1,175.1,72.0,23.5
167.0,72.5,26.0,166.6,71.9,25.9
175.9,56.5,18.3,174.2,57.8,19.0
175.4,55.5,18.0,173.7,61.0,20.2
180.1,73.7,22.7,178.8,71.3,22.3
168.1,99.2,35.1,167.2,91.6,32.8
176.7,54.7,17.5,176.2,53.8,17.3
174.6,97.0,31.8,174.0,101.4,33.5
191.1,80.7,22.1,187.9,80.4,22.8
179.0,84.7,26.4,178.1,86.4,27.2
170.4,82.6,28.4,170.1,83.3,28.8
168.9,67.9,23.8,168.5,72.6,25.6
169.9,84.2,29.2,169.5,86.9,30.3
178.5,64.8,20.3,176.9,64.5,20.6
174.2,93.0,30.6,173.8,82.6,27.3
171.5,76.1,25.9,169.8,70.5,24.5
173.1,73.1,24.4,171.2,73.7,25.1
168.7,62.0,21.8,167.7,60.6,21.6
173.6,63.1,20.9,171.8,67.6,22.9
167.5,77.7,27.7,167.2,80.5,28.8
173.7,73.8,24.5,173.3,79.8,26.6
167.5,62.0,22.1,165.5,58.6,21.4
175.9,71.5,23.1,174.3,69.9,23.0
172.2,61.4,20.7,171.4,57.5,19.6
170.2,62.5,21.6,169.1,71.0,24.9
173.3,67.1,22.3,171.8,65.7,22.2
175.0,73.8,24.1,173.3,76.6,25.5
180.7,79.4,24.3,179.3,75.5,23.5
167.6,56.4,20.1,167.2,56.5,20.2
197.4,131.8,33.8,192.3,126.5,34.2
176.0,57.2,18.5,175.2,60.8,19.8
179.5,69.0,21.4,177.9,65.2,20.6
181.5,70.9,21.5,180.4,62.4,19.2
173.0,90.4,30.2,171.2,93.2,31.8
172.8,84.5,28.3,171.6,88.2,29.9
170.3,49.8,17.2,169.0,52.2,18.3
178.4,78.2,24.6,176.4,77.6,25.0
172.6,62.6,21.0,171.0,68.1,23.3
168.2,88.0,31.1,167.8,92.4,32.8
165.0,73.8,27.1,163.5,73.7,27.6
172.6,58.6,19.7,172.1,78.6,26.5
170.9,57.4,19.7,168.8,60.2,21.1
171.7,60.9,20.7,170.4,58.6,20.2
163.2,61.4,23.1,162.2,69.4,26.4
181.0,79.2,24.2,179.1,81.6,25.4
182.5,80.7,24.2,179.6,76.9,23.8
177.1,62.6,20.0,175.9,61.2,19.8
173.8,70.6,23.4,172.5,79.8,26.8
166.2,62.0,22.4,166.0,61.8,22.4
175.2,63.4,20.7,172.7,57.0,19.1
171.0,60.1,20.6,170.2,61.9,21.3
179.2,86.2,26.8,176.9,86.8,27.8
179.6,56.1,17.4,177.9,56.3,17.8
170.6,78.0,26.8,169.2,75.5,26.4
177.1,82.6,26.3,175.0,71.8,23.4
177.0,70.7,22.6,176.3,69.3,22.3
174.6,74.2,24.3,172.8,73.5,24.6
181.0,73.0,22.3,178.8,76.0,23.8
173.9,85.1,28.1,172.1,84.5,28.5
169.5,64.2,22.3,167.7,59.9,21.3
170.7,64.7,22.2,169.8,63.2,21.9
182.8,96.8,29.0,180.2,95.9,29.5
173.8,80.5,26.6,171.7,79.1,26.8
176.1,68.5,22.1,174.6,66.3,21.7
177.2,66.3,21.1,176.2,66.0,21.3
166.2,51.6,18.7,164.1,54.9,20.4
180.3,74.1,22.8,178.7,68.8,21.6
176.6,62.5,20.0,174.7,61.7,20.2
173.1,54.0,18.0,172.2,55.7,18.8
172.5,66.5,22.3,170.9,64.8,22.2
168.3,55.5,19.6,167.7,59.3,21.1
177.1,71.9,22.9,176.0,70.7,22.8
182.6,70.4,21.1,181.4,70.0,21.3
176.6,66.6,21.4,174.8,73.3,24.0
171.6,67.8,23.0,170.3,66.6,23.0
164.2,65.8,24.4,163.5,62.1,23.3
175.6,69.1,22.4,175.3,65.5,21.3
169.8,94.5,32.8,169.3,92.1,32.1
181.3,80.8,24.6,180.3,79.0,24.3
178.8,67.3,21.1,177.3,63.1,20.1
172.5,60.2,20.2,170.9,59.3,20.3
173.4,91.6,30.5,172.2,91.0,30.7
178.6,55.9,17.5,177.7,58.5,18.5
178.4,74.8,23.5,177.5,77.3,24.5
168.1,80.5,28.5,167.3,80.3,28.7
175.8,68.7,22.2,174.6,71.9,23.6
170.5,51.5,17.7,168.8,54.4,19.1
178.7,87.0,27.2,178.1,82.2,25.9
171.1,72.3,24.7,169.4,75.8,26.4
170.2,65.9,22.7,169.6,65.1,22.6
177.1,100.3,32.0,175.0,97.9,31.9
176.1,93.4,30.1,173.8,94.6,31.3
179.7,80.2,24.8,177.9,79.1,25.0
179.4,83.6,26.0,178.2,81.8,25.8
172.6,86.5,29.0,171.9,85.8,29.1
167.1,65.7,23.5,165.5,65.5,23.9
183.0,55.0,16.4,180.7,57.1,17.5
176.1,51.1,16.5,174.0,51.2,16.9
185.3,106.3,31.0,182.7,105.2,31.5
172.6,62.6,21.0,171.0,68.1,23.3
171.6,101.3,34.4,171.5,97.1,33.0
167.6,65.8,23.4,167.6,70.1,25.0
172.3,50.3,16.9,169.4,51.1,17.8
177.4,64.8,20.6,175.7,65.8,21.3
181.5,100.5,30.5,179.1,102.8,32.1
172.2,71.5,24.1,172.0,74.2,25.1
174.9,68.1,22.3,174.0,66.6,22.0
170.1,73.0,25.2,168.6,73.7,25.9
178.4,74.7,23.5,176.4,80.9,26.0
177.8,75.4,23.9,176.1,69.4,22.4
184.1,99.0,29.2,181.2,102.6,31.3
165.7,76.3,27.8,165.0,79.6,29.2
184.6,94.2,27.6,182.1,87.0,26.2
174.1,84.4,27.8,173.7,84.2,27.9
166.8,65.6,23.6,166.8,61.7,22.2
168.0,66.4,23.5,166.8,60.9,21.9
177.3,58.0,18.5,174.6,52.8,17.3
175.0,60.0,19.6,174.3,61.2,20.1
178.9,89.0,27.8,177.4,88.0,27.9
178.2,90.6,28.5,177.1,85.4,27.2
175.0,94.2,30.8,173.7,95.5,31.7
185.7,76.6,22.2,184.1,82.5,24.3
169.0,65.4,22.9,167.5,65.8,23.5
167.3,49.7,17.8,166.4,55.2,19.9
182.8,85.3,25.5,180.7,85.9,26.3
165.1,70.1,25.7,164.0,62.1,23.1
174.3,56.2,18.5,172.3,60.7,20.5
178.8,79.4,24.8,178.1,76.0,23.9
180.9,66.9,20.4,178.7,62.5,19.6
183.5,77.6,23.0,182.2,81.8,24.6
175.2,94.5,30.8,173.6,90.7,30.1
176.5,68.9,22.1,175.0,71.8,23.4
165.2,51.1,18.7,162.8,50.1,18.9
182.6,56.8,17.0,180.5,62.5,19.2
178.2,82.2,25.9,177.0,85.4,27.2
176.5,76.4,24.5,175.2,73.3,23.9
178.9,55.5,17.3,177.2,58.9,18.8
170.1,61.9,21.4,168.2,54.8,19.4
175.6,57.8,18.7,174.7,63.7,20.9
178.0,62.8,19.8,176.1,67.4,21.7
176.1,108.7,35.1,176.1,110.1,35.5
176.7,96.7,31.0,175.2,95.9,31.2
177.4,59.1,18.8,175.5,60.7,19.7
173.8,63.5,21.0,172.1,63.9,21.6
174.1,69.7,23.0,172.6,60.9,20.4
179.5,71.8,22.3,178.4,69.8,21.9
162.4,69.0,26.2,162.6,65.8,24.9
179.6,82.7,25.6,177.2,80.1,25.5
182.9,59.0,17.6,181.7,65.2,19.8
181.5,79.0,24.0,179.7,80.8,25.0
181.3,87.6,26.7,180.1,90.2,27.8
171.2,85.2,29.1,171.1,85.0,29.0
173.7,53.2,17.6,173.1,59.5,19.8
165.5,50.3,18.4,164.2,54.6,20.3
178.9,114.7,35.8,176.7,109.8,35.2
169.0,75.5,26.4,168.3,74.2,26.2
172.7,69.9,23.4,171.0,69.3,23.7
166.8,60.6,21.8,166.2,60.6,21.9
175.3,58.7,19.1,174.7,64.8,21.2
169.2,60.6,21.2,168.9,63.4,22.2
173.4,64.8,21.6,172.0,66.7,22.5
176.3,71.2,22.9,174.9,70.3,23.0
172.3,76.8,25.9,170.7,74.0,25.4
168.1,49.9,17.7,167.6,58.1,20.7
173.9,68.1,22.5,171.5,64.4,21.9
173.2,66.4,22.1,172.4,69.7,23.5
175.1,65.1,21.2,173.1,64.4,21.5
168.5,82.8,29.2,167.7,80.0,28.4
176.4,63.1,20.3,174.5,62.0,20.4
176.5,69.2,22.2,175.6,70.7,22.9
172.8,83.6,28.0,171.7,81.6,27.7
172.1,66.1,22.3,171.3,73.0,24.9
165.1,61.3,22.5,163.8,59.5,22.2
168.7,58.5,20.6,167.9,59.3,21.0
174.5,59.1,19.4,173.1,60.5,20.2
177.0,88.8,28.3,174.9,87.0,28.4
174.9,76.2,24.9,174.4,74.1,24.3
173.6,98.6,32.7,172.9,106.3,35.6
171.1,71.8,24.5,170.1,70.0,24.2
173.5,51.4,17.1,171.2,52.0,17.7
168.8,85.3,29.9,168.3,78.3,27.7
169.4,58.5,20.4,167.3,56.4,20.1
171.1,52.3,17.9,168.6,50.8,17.9
175.6,67.3,21.8,174.6,61.9,20.3
174.5,80.8,26.5,174.0,84.4,27.9
180.1,86.1,26.5,178.4,79.4,24.9
173.6,59.8,19.8,172.5,62.3,20.9
180.1,65.4,20.2,178.6,62.6,19.6
163.0,64.3,24.2,162.1,57.2,21.8
177.5,104.6,33.2,177.1,101.0,32.2
168.7,55.4,19.5,167.2,55.0,19.7
179.2,81.2,25.3,177.9,78.4,24.8
178.6,79.2,24.8,176.7,81.0,26.0
172.3,80.3,27.0,171.8,77.6,26.3
173.8,62.8,20.8,172.0,62.4,21.1
178.4,91.5,28.7,175.8,93.8,30.3
166.1,63.0,22.8,164.9,63.8,23.5
162.4,52.7,20.0,160.7,55.6,21.5
179.8,72.1,22.3,178.8,68.1,21.3
176.5,70.5,22.6,175.0,70.2,22.9
174.7,81.1,26.6,173.1,85.4,28.5
165.7,51.0,18.6,164.9,60.2,22.1
167.8,54.4,19.3,166.5,59.7,21.5
176.5,72.4,23.2,174.6,74.2,24.3
165.0,79.4,29.2,164.1,77.5,28.8
164.9,53.0,19.5,163.4,51.1,19.1
187.9,68.2,19.3,186.9,64.8,18.5
180.8,76.0,23.2,178.9,67.2,21.0
173.1,74.7,24.9,172.6,71.1,23.9
183.3,110.7,32.9,181.0,100.2,30.6
172.6,54.3,18.2,170.7,57.8,19.8
174.2,55.1,18.2,172.2,54.5,18.4
172.6,66.7,22.4,171.5,64.1,21.8
171.1,64.0,21.9,169.4,55.9,19.5
181.5,76.0,23.1,179.4,73.5,22.8
181.4,71.6,21.8,180.2,70.4,21.7
173.8,52.2,17.3,171.9,55.8,18.9
185.1,83.0,24.2,184.3,86.2,25.4
178.2,91.9,28.9,176.3,85.7,27.6
174.5,74.6,24.5,173.5,79.2,26.3
177.9,79.9,25.2,176.5,78.3,25.1
198.2,110.5,28.1,194.5,113.8,30.1
184.8,78.6,23.0,182.5,77.2,23.2
172.3,54.0,18.2,169.7,50.7,17.6
173.0,65.9,22.0,171.0,63.2,21.6
182.5,68.6,20.6,181.5,70.3,21.3
175.1,68.0,22.2,173.5,76.8,25.5
169.8,62.0,21.5,168.5,61.8,21.7
176.3,77.7,25.0,175.1,74.9,24.4
179.9,82.8,25.6,178.9,84.3,26.4
179.4,103.7,32.2,177.3,86.1,27.4
163.9,57.8,21.5,163.3,56.6,21.2
165.3,58.8,21.5,164.8,62.3,22.9
178.9,62.9,19.7,177.4,66.2,21.0
181.1,73.5,22.4,180.3,71.0,21.8
170.0,63.0,21.8,168.9,57.8,20.3
176.7,68.9,22.1,175.8,67.0,21.7
170.5,60.6,20.8,168.2,66.2,23.4
176.9,80.3,25.7,175.9,72.7,23.5
175.9,74.9,24.2,174.9,75.1,24.5
169.5,65.1,22.7,168.0,64.6,22.9
176.6,59.4,19.0,174.8,56.3,18.4
172.9,68.9,23.0,171.7,57.7,19.6
171.2,78.6,26.8,170.1,75.9,26.2
170.9,63.9,21.9,170.5,68.3,23.5
180.9,68.1,20.8,178.9,67.0,20.9
181.2,55.4,16.9,180.1,57.9,17.9
169.9,65.0,22.5,168.6,60.7,21.3
175.9,65.4,21.1,174.4,67.1,22.1
181.3,67.6,20.6,179.2,68.9,21.5
178.2,74.7,23.5,175.8,71.4,23.1
172.4,54.7,18.4,170.5,53.2,18.3
171.3,86.3,29.4,170.2,82.7,28.5
182.9,65.5,19.6,180.7,68.2,20.9
177.8,93.6,29.6,177.2,89.0,28.3
171.2,77.4,26.4,170.5,77.2,26.6
167.5,55.0,19.6,165.6,54.8,20.0
171.9,62.3,21.1,170.7,64.7,22.2
162.4,58.9,22.3,161.6,55.8,21.3
182.2,70.0,21.1,179.9,66.2,20.5
180.1,73.7,22.7,179.1,79.6,24.8
181.0,99.3,30.3,179.5,104.1,32.3
175.5,92.1,29.9,174.5,91.7,30.1
178.7,70.9,22.2,176.8,67.1,21.5
172.8,62.5,20.9,171.9,65.7,22.3
175.7,87.5,28.3,175.4,83.8,27.3
169.2,48.8,17.0,167.0,50.9,18.3
178.5,104.4,32.8,176.9,108.2,34.6
172.7,51.4,17.2,171.9,53.5,18.1
172.0,75.7,25.6,171.1,76.0,26.0
189.2,69.0,19.3,188.1,70.7,20.0
176.7,73.8,23.6,175.4,74.4,24.2
169.9,48.1,16.7,167.6,56.0,19.9
174.2,80.2,26.4,173.3,74.3,24.7
180.6,75.1,23.0,178.6,76.7,24.0
183.6,64.9,19.3,182.1,66.5,20.0
180.8,92.6,28.3,178.3,95.7,30.1
177.8,84.8,26.8,177.1,76.4,24.4
176.4,92.2,29.6,175.0,81.3,26.5
178.7,89.3,28.0,176.2,93.6,30.1
175.7,76.4,24.7,175.0,80.6,26.3
165.4,60.3,22.0,164.3,60.5,22.4
183.9,73.2,21.6,181.6,70.8,21.5
169.9,66.7,23.1,168.3,62.6,22.1
169.6,86.4,30.0,168.9,87.3,30.6
173.1,64.9,21.7,172.7,62.0,20.8
170.9,61.1,20.9,168.7,60.5,21.3
174.7,74.6,24.4,173.4,70.2,23.4
168.7,54.6,19.2,167.5,53.9,19.2
177.3,64.9,20.6,176.4,71.6,23.0
176.3,68.7,22.1,175.3,69.5,22.6
169.2,56.5,19.7,167.9,62.6,22.2
168.5,72.4,25.5,167.9,64.6,22.9
169.5,56.4,19.6,167.5,54.1,19.3
171.5,81.0,27.5,171.3,84.0,28.6
175.5,69.7,22.6,173.5,68.8,22.8
182.1,73.0,22.0,180.9,80.9,24.7
176.6,87.5,28.1,175.8,86.1,27.9
174.8,80.6,26.4,174.4,78.2,25.7
169.6,60.0,20.9,168.0,62.1,22.0
177.6,103.6,32.8,176.4,100.9,32.4
174.7,92.3,30.2,174.1,75.0,24.8
175.7,69.7,22.6,174.1,67.9,22.4
184.2,108.3,31.9,182.1,103.9,31.3
179.0,82.3,25.7,176.7,82.3,26.4
178.0,53.2,16.8,177.1,54.3,17.3
178.5,55.8,17.5,176.9,60.6,19.3
175.4,73.0,23.7,173.6,72.8,24.1
167.8,62.3,22.1,167.0,58.4,20.9
181.1,66.6,20.3,178.5,64.3,20.2
177.8,81.7,25.8,175.6,95.9,31.1
172.9,54.3,18.2,171.3,57.5,19.6
177.7,56.5,17.9,175.9,57.4,18.6
173.3,70.7,23.5,172.4,67.5,22.7
177.3,57.5,18.3,175.5,61.6,20.0
172.9,75.7,25.3,172.1,79.1,26.7
174.0,72.3,23.9,173.3,74.2,24.7
173.2,102.3,34.1,171.7,91.1,30.9
159.4,68.5,27.0,159.6,66.6,26.1
181.5,117.9,35.8,179.6,113.2,35.1
169.2,79.6,27.8,168.3,81.9,28.9
183.3,115.4,34.3,181.7,105.4,31.9
163.3,53.9,20.2,161.7,48.2,18.4
174.5,66.2,21.7,173.0,68.5,22.9
183.3,61.6,18.3,181.2,63.8,19.4
166.4,66.4,24.0,166.4,66.5,24.0
169.2,61.4,21.4,168.1,60.6,21.4
167.4,88.2,31.5,167.4,96.6,34.5
174.9,69.2,22.6,174.3,68.6,22.6
174.9,72.1,23.6,173.7,70.7,23.4
175.3,68.5,22.3,174.2,69.3,22.9
171.5,70.3,23.9,169.7,65.8,22.8
167.7,54.4,19.3,165.7,55.0,20.0
170.5,66.7,22.9,169.8,65.0,22.5
171.8,70.9,24.0,172.2,68.4,23.1
173.0,66.9,22.4,171.4,64.7,22.0
170.1,62.7,21.7,168.2,65.9,23.3
175.1,56.1,18.3,173.6,59.7,19.8
173.2,59.4,19.8,172.0,56.2,19.0
175.8,76.0,24.6,174.5,82.9,27.2
167.4,78.2,27.9,166.3,69.6,25.2
171.4,62.5,21.3,170.2,64.5,22.3
178.4,72.7,22.8,177.8,62.0,19.6
173.1,85.1,28.4,172.2,84.0,28.3
174.5,67.4,22.1,173.8,71.6,23.7
182.1,65.2,19.7,179.8,68.3,21.1
181.5,73.4,22.3,180.6,72.2,22.1
170.7,67.4,23.1,169.3,68.2,23.8
175.5,70.9,23.0,174.3,64.4,21.2
179.6,66.1,20.5,178.9,64.8,20.3
175.4,60.0,19.5,173.0,60.8,20.3
177.0,99.7,31.8,175.4,96.1,31.2
169.7,57.6,20.0,168.6,56.9,20.0
180.2,92.9,28.6,178.1,95.6,30.1
172.8,66.5,22.3,172.3,73.4,24.7
178.2,67.0,21.1,177.5,68.2,21.6
181.3,67.6,20.6,180.0,65.6,20.2
169.2,55.4,19.4,168.6,59.6,21.0
180.9,84.3,25.8,178.8,85.1,26.6
175.1,60.7,19.8,174.3,65.0,21.4
170.9,89.5,30.6,169.8,87.2,30.3
168.2,78.8,27.9,166.9,80.6,29.0
176.2,79.6,25.6,174.7,75.6,24.8
170.2,68.6,23.7,168.5,63.3,22.3
173.8,59.9,19.8,172.3,59.5,20.1
164.0,66.7,24.8,162.3,65.0,24.7
174.7,53.4,17.5,172.7,57.8,19.4
169.8,58.0,20.1,169.1,61.3,21.4
181.9,77.6,23.5,180.1,75.5,23.3
170.0,60.8,21.0,167.8,58.6,20.8
175.3,95.0,30.9,172.8,96.4,32.3
183.1,83.4,24.9,181.5,88.1,26.7
177.6,70.4,22.3,175.7,77.6,25.1
180.8,55.6,17.0,178.5,58.1,18.2
182.4,65.2,19.6,180.0,58.4,18.0
167.2,54.1,19.4,165.8,58.7,21.3
168.7,59.3,20.8,166.7,59.8,21.5
173.2,68.8,22.9,172.2,64.1,21.6
192.3,89.4,24.2,188.9,92.8,26.0
168.9,66.7,23.4,168.4,78.9,27.8
162.9,85.4,32.2,163.4,84.8,31.8
184.7,77.1,22.6,183.3,77.8,23.2
179.8,64.9,20.1,177.5,64.2,20.4
174.5,53.1,17.4,172.3,57.1,19.2
170.8,68.0,23.3,169.8,70.6,24.5
175.5,73.1,23.7,174.6,80.2,26.3
167.9,80.6,28.6,167.0,84.0,30.1
170.5,53.6,18.4,169.2,58.3,20.4
172.3,77.2,26.0,171.5,81.3,27.6
179.3,80.6,25.1,177.3,84.3,26.8
177.3,67.1,21.3,175.6,68.2,22.1
186.1,71.9,20.8,184.3,62.9,18.5
173.4,68.2,22.7,173.0,64.4,21.5
175.6,62.9,20.4,174.2,58.3,19.2
174.3,75.5,24.9,173.7,75.9,25.1
169.5,60.8,21.2,167.8,60.9,21.6
171.9,77.0,26.1,170.8,66.6,22.8
181.2,57.4,17.5,179.0,56.0,17.5
170.1,59.0,20.4,168.0,57.7,20.4
174.8,63.7,20.8,172.6,59.9,20.1
177.4,73.3,23.3,176.1,72.8,23.5
171.0,67.9,23.2,169.9,69.9,24.2
176.1,77.8,25.1,174.4,73.2,24.1
179.4,94.7,29.4,177.7,97.2,30.8
172.7,73.9,24.8,170.7,72.8,25.0
174.4,105.7,34.8,172.6,95.8,32.1
172.0,73.8,24.9,171.4,73.3,24.9
174.4,70.4,23.1,174.1,66.9,22.1
171.4,64.0,21.8,169.1,60.5,21.1
169.9,60.9,21.1,168.1,61.7,21.8
167.1,102.0,36.5,168.0,102.9,36.4
166.8,59.5,21.4,165.3,62.0,22.7
175.2,65.7,21.4,173.7,56.3,18.7
176.5,63.4,20.4,174.5,63.3,20.8
173.2,55.9,18.6,172.4,54.6,18.3
177.7,70.4,22.3,175.7,75.4,24.4
172.3,70.0,23.6,171.4,69.9,23.8
169.8,62.4,21.6,168.7,57.3,20.1
165.5,48.1,17.6,163.9,49.8,18.5
163.3,66.6,25.0,162.6,65.0,24.6
176.4,60.4,19.4,175.1,58.2,19.0
173.5,51.7,17.2,171.1,57.1,19.5
172.9,57.0,19.1,172.2,57.1,19.2
169.2,71.5,25.0,168.2,68.9,24.4
176.9,62.8,20.1,175.2,57.2,18.6
173.9,54.8,18.1,171.5,53.4,18.2
182.6,58.0,17.4,181.3,64.0,19.5
175.2,63.7,20.8,174.4,64.9,21.3
174.6,63.1,20.7,173.4,63.0,20.9
166.1,60.7,22.0,164.6,61.4,22.7
170.7,51.8,17.8,168.0,52.0,18.4
178.5,83.1,26.1,177.2,85.6,27.2
171.1,63.0,21.5,169.1,63.1,22.1
177.3,86.1,27.4,176.4,79.0,25.4
169.3,70.9,24.7,168.8,68.1,23.9
179.7,76.8,23.8,178.3,76.6,24.1
176.1,65.1,21.0,174.1,63.3,20.9
174.5,84.9,27.9,172.6,88.4,29.7
178.6,87.7,27.5,177.1,86.3,27.5
185.1,60.5,17.7,183.9,61.6,18.2
170.0,90.6,31.3,169.5,88.5,30.8
176.0,65.5,21.1,173.4,60.7,20.2
166.9,97.6,35.0,166.1,96.6,35.0
174.3,65.7,21.6,172.9,74.3,24.9
185.6,85.7,24.9,184.4,82.1,24.1
168.7,62.2,21.9,167.5,59.8,21.3
177.0,72.3,23.1,175.8,72.8,23.6
173.5,65.5,21.8,171.8,67.0,22.7
178.4,73.3,23.0,177.1,75.0,23.9
180.9,62.2,19.0,179.9,67.7,20.9
170.2,53.4,18.4,168.8,52.7,18.5
179.0,72.8,22.7,177.1,72.1,23.0
170.8,56.4,19.3,169.8,54.6,18.9
174.2,79.3,26.1,172.8,79.5,26.6
188.7,86.2,24.2,187.0,85.0,24.3
174.4,71.1,23.4,173.3,66.3,22.1
170.0,57.7,20.0,169.6,57.3,19.9
175.5,78.8,25.6,173.6,81.4,27.0
175.7,73.4,23.8,174.5,70.2,23.1
170.3,69.3,23.9,169.3,66.8,23.3
180.8,62.1,19.0,178.3,58.5,18.4
181.8,70.8,21.4,179.9,71.3,22.0
183.4,86.2,25.6,181.1,88.2,26.9
181.5,72.7,22.1,179.3,72.5,22.5
174.3,64.2,21.1,173.7,58.0,19.2
172.3,66.6,22.4,170.5,66.5,22.9
174.5,75.4,24.8,174.0,71.1,23.5
169.8,83.0,28.8,170.3,83.8,28.9
170.6,75.6,26.0,169.6,78.4,27.3
180.4,98.6,30.3,178.2,91.6,28.8
174.8,55.3,18.1,173.6,56.7,18.8
173.0,73.1,24.4,171.2,76.7,26.1
177.4,78.9,25.1,175.3,77.9,25.3
174.0,73.8,24.4,172.9,70.5,23.6
174.4,55.1,18.1,171.8,51.9,17.6
174.4,60.7,20.0,173.2,62.0,20.7
173.3,68.6,22.8,172.9,70.9,23.7
176.3,75.2,24.2,175.4,67.6,22.0
174.6,61.9,20.3,174.0,57.1,18.9
181.1,76.2,23.2,180.4,71.8,22.1
182.3,72.5,21.8,181.2,68.2,20.8
179.4,87.5,27.2,179.2,92.2,28.7
175.1,67.8,22.1,174.0,74.1,24.5
170.7,72.4,24.8,168.9,71.7,25.1
178.7,82.5,25.8,176.8,77.3,24.7
172.9,59.9,20.0,170.4,55.7,19.2
175.1,70.1,22.9,173.3,63.7,21.2
169.4,55.0,19.2,168.4,60.4,21.3
178.1,71.4,22.5,177.3,74.9,23.8
180.1,71.9,22.2,178.7,63.3,19.8
175.2,104.2,33.9,172.5,94.5,31.7
168.6,60.0,21.1,166.8,60.7,21.8
164.1,45.9,17.0,162.7,47.6,18.0
176.4,66.3,21.3,173.9,70.1,23.2
159.9,48.3,18.9,158.2,47.1,18.8
171.5,55.6,18.9,170.1,57.8,20.0
176.5,90.2,29.0,175.1,92.5,30.2
179.1,74.5,23.2,177.1,70.8,22.6
174.0,68.7,22.7,172.5,79.1,26.6
180.3,55.2,17.0,178.6,65.8,20.6
177.4,64.0,20.3,175.3,64.3,20.9
177.4,101.3,32.2,176.7,105.8,33.9
174.4,82.9,27.3,172.8,79.7,26.7
167.2,78.0,27.9,165.8,79.3,28.8
164.8,55.1,20.3,162.4,56.7,21.5
186.2,105.1,30.3,185.3,92.9,27.0
181.4,79.4,24.1,179.4,80.4,25.0
178.0,88.8,28.0,176.0,86.4,27.9
180.2,86.0,26.5,178.9,83.4,26.1
164.3,59.9,22.2,163.0,56.7,21.3
178.3,53.8,16.9,175.7,54.7,17.7
160.6,68.4,26.5,160.6,70.0,27.1
180.0,95.5,29.5,179.2,89.0,27.7
174.0,113.4,37.5,172.8,103.9,34.8
168.9,55.0,19.3,167.6,53.4,19.0
173.4,100.0,33.3,171.8,101.3,34.3
167.3,59.2,21.2,165.3,63.4,23.2
178.9,72.3,22.6,177.4,71.0,22.5
173.6,58.2,19.3,171.3,57.2,19.5
178.2,70.4,22.2,176.3,73.2,23.5
179.1,60.0,18.7,177.5,56.3,17.9
178.0,107.6,34.0,175.9,108.9,35.2
174.7,75.7,24.8,173.1,72.4,24.2
173.8,54.5,18.0,171.5,53.8,18.3
175.6,68.9,22.3,174.9,63.1,20.6
176.1,57.4,18.5,174.1,56.0,18.5
175.9,82.1,26.5,174.5,84.7,27.8
180.9,76.6,23.4,179.7,70.9,22.0
176.9,57.1,18.2,175.4,60.2,19.6
167.7,70.1,24.9,166.4,66.2,23.9
168.6,59.2,20.8,166.2,57.3,20.7
178.7,91.9,28.8,177.7,93.9,29.7
170.1,91.7,31.7,169.4,95.3,33.2
171.6,59.9,20.3,170.6,63.8,21.9
167.7,65.9,23.4,167.5,61.9,22.1
181.6,63.4,19.2,179.5,67.5,21.0
177.5,114.3,36.3,176.3,114.3,36.7
171.8,77.6,26.3,170.1,76.9,26.6
177.3,92.0,29.3,176.3,86.9,28.0
177.6,95.2,30.2,175.2,95.5,31.1
173.3,51.8,17.2,171.2,56.6,19.3
170.7,70.4,24.2,169.4,69.8,24.3
169.0,67.8,23.7,168.4,68.7,24.2
178.2,73.8,23.2,177.2,66.7,21.3
181.4,78.6,23.9,180.4,74.4,22.9
185.8,67.7,19.6,183.4,69.8,20.7
166.5,65.6,23.7,165.7,63.0,22.9
184.6,72.4,21.2,183.0,72.7,21.7
169.7,49.6,17.2,167.3,52.5,18.8
184.1,86.7,25.6,182.2,90.1,27.1
173.9,76.2,25.2,171.7,75.2,25.5
175.0,66.6,21.7,174.4,68.1,22.4
168.5,57.0,20.1,167.4,61.0,21.8
171.9,52.8,17.9,170.2,53.0,18.3
163.2,76.8,28.8,163.7,76.2,28.4
169.8,77.3,26.8,169.6,77.3,26.9
180.0,66.7,20.6,179.2,66.4,20.7
165.7,75.2,27.4,164.2,71.1,26.4
164.0,70.2,26.1,163.7,73.4,27.4
169.8,59.9,20.8,169.4,60.5,21.1
180.7,66.5,20.4,178.7,66.4,20.8
177.5,59.2,18.8,174.9,54.5,17.8
180.0,72.3,22.3,177.6,78.3,24.8
174.0,56.3,18.6,172.0,59.3,20.0
177.5,95.3,30.2,176.1,94.9,30.6
173.3,61.7,20.5,172.0,61.3,20.7
174.4,73.8,24.3,173.5,78.7,26.1
184.9,79.1,23.1,183.2,77.2,23.0
178.6,96.2,30.2,176.9,94.4,30.2
170.6,54.6,18.8,169.5,56.0,19.5
178.8,74.4,23.3,176.9,77.9,24.9
167.1,57.2,20.5,166.3,62.5,22.6
184.4,100.8,29.6,182.9,100.6,30.1
164.1,55.9,20.8,162.6,54.0,20.4
174.3,67.5,22.2,172.7,67.9,22.8
172.3,66.6,22.4,171.6,64.1,21.8
173.8,74.2,24.6,171.8,78.4,26.6
175.1,85.3,27.8,174.2,76.1,25.1
174.2,65.1,21.5,172.8,66.4,22.3
176.9,79.3,25.3,175.9,89.2,28.8
169.3,83.5,29.1,168.8,77.8,27.3
175.7,59.3,19.2,173.9,57.7,19.1
187.9,67.0,19.0,185.6,68.5,19.9
169.3,79.1,27.6,169.6,85.9,29.9
175.7,57.1,18.5,174.0,54.2,17.9
171.1,73.6,25.1,170.7,78.9,27.1
175.6,55.5,18.0,174.4,57.6,19.0
172.1,80.2,27.1,171.8,86.9,29.4
170.3,65.0,22.4,169.0,60.9,21.3
188.9,129.2,36.2,185.8,124.6,36.1
177.7,70.6,22.4,176.8,73.6,23.5
179.2,80.0,24.9,177.7,78.9,25.0
182.2,84.9,25.6,180.4,82.8,25.5
174.9,52.2,17.1,173.5,53.4,17.7
182.7,77.3,23.2,180.4,76.9,23.6
186.5,98.6,28.3,184.5,93.6,27.5
173.1,62.0,20.7,172.4,65.1,21.9
173.7,56.4,18.7,173.1,56.9,19.0
188.3,69.9,19.7,185.9,69.2,20.0
174.0,88.6,29.3,171.8,79.6,27.0
179.2,72.5,22.6,178.1,72.2,22.7
184.3,75.3,22.2,182.3,73.3,22.0
174.8,78.6,25.7,172.6,81.3,27.3
175.0,60.1,19.6,174.1,65.3,21.6
175.9,62.4,20.2,174.1,65.6,21.6
176.1,106.6,34.4,174.8,106.0,34.7
189.7,74.7,20.8,187.0,74.4,21.3
176.4,69.5,22.3,175.4,71.8,23.3
183.8,108.5,32.1,181.7,108.6,32.9
182.5,85.0,25.5,180.2,88.4,27.2
181.8,96.8,29.3,180.5,90.8,27.9
176.9,60.9,19.5,176.1,60.4,19.5
170.0,68.5,23.7,169.5,67.2,23.4
178.7,90.3,28.3,176.4,88.5,28.4
178.3,72.7,22.9,176.7,69.1,22.1
167.9,65.8,23.3,167.1,67.9,24.3
174.7,70.2,23.0,173.1,68.1,22.7
169.7,52.8,18.3,167.5,52.8,18.8
166.3,68.4,24.7,164.9,67.6,24.9
178.1,84.9,26.8,177.1,79.7,25.4
179.8,81.1,25.1,177.9,82.6,26.1
180.8,106.9,32.7,178.6,97.8,30.7
169.8,71.7,24.9,169.1,68.4,23.9
168.3,73.8,26.1,167.6,74.0,26.3
170.6,60.4,20.8,168.5,59.4,20.9
171.8,50.0,16.9,170.6,50.9,17.5
167.6,64.3,22.9,166.4,57.1,20.6
184.2,66.1,19.5,182.4,59.6,17.9
178.6,68.8,21.6,177.0,68.6,21.9
174.9,66.1,21.6,172.9,67.2,22.5
173.9,55.3,18.3,172.2,56.9,19.2
170.7,67.2,23.1,170.4,60.0,20.7
178.4,70.9,22.3,177.5,67.9,21.6
171.6,87.8,29.8,170.1,92.3,31.9
170.3,61.1,21.1,170.3,63.2,21.8
171.7,49.4,16.8,170.5,52.8,18.2
190.3,87.5,24.2,187.7,92.0,26.1
184.2,76.6,22.6,183.0,79.1,23.6
172.6,66.9,22.5,171.6,63.5,21.6
162.7,65.5,24.7,161.7,65.3,25.0
167.2,73.0,26.1,167.3,72.6,25.9
176.5,57.6,18.5,174.3,54.9,18.1
180.2,61.3,18.9,179.2,63.4,19.7
178.9,75.1,23.5,176.8,69.9,22.4
181.1,69.6,21.2,179.6,68.8,21.3
172.5,86.8,29.2,171.4,84.8,28.9
167.7,75.0,26.7,166.6,72.1,26.0
169.1,72.7,25.4,168.4,74.7,26.3
174.5,78.4,25.7,173.3,73.3,24.4
173.7,52.6,17.4,171.6,54.4,18.5
163.9,49.3,18.4,161.5,48.4,18.5
175.7,61.3,19.9,174.6,63.7,20.9
168.7,67.7,23.8,167.8,68.2,24.2
170.3,79.4,27.4,169.8,78.8,27.3
172.9,72.4,24.2,170.9,75.6,25.9
164.9,75.0,27.6,164.5,72.0,26.6
173.8,71.8,23.8,172.3,64.5,21.7
173.4,63.9,21.3,172.1,60.7,20.5
178.8,101.4,31.7,177.2,100.2,31.9
167.0,71.7,25.7,166.9,70.9,25.4
169.3,57.2,20.0,166.9,51.8,18.6
182.8,65.3,19.5,181.5,65.6,19.9
182.0,68.4,20.6,180.5,69.9,21.4
173.3,64.2,21.4,172.2,62.0,20.9
178.5,62.0,19.5,176.6,61.6,19.8
176.2,59.4,19.1,175.2,65.7,21.4
175.7,73.1,23.7,175.0,72.1,23.5
170.1,64.3,22.2,168.8,64.1,22.5
168.1,57.9,20.5,167.4,57.8,20.6
174.4,65.4,21.5,173.1,55.3,18.5
187.4,131.1,37.3,184.2,123.2,36.3
166.1,70.8,25.7,164.8,69.6,25.6
181.1,98.1,29.9,178.7,84.6,26.5
184.0,88.7,26.2,182.6,90.3,27.1
173.7,78.8,26.1,171.7,75.9,25.8
172.2,63.0,21.2,170.4,68.1,23.5
180.5,82.5,25.3,178.3,72.9,22.9
181.3,69.8,21.2,179.6,68.3,21.2
168.2,59.8,21.1,166.5,59.0,21.3
162.3,57.5,21.8,161.6,57.9,22.2
167.7,69.4,24.7,167.1,68.8,24.6
177.4,66.0,21.0,175.4,57.4,18.6
178.7,75.9,23.8,176.9,77.2,24.7
177.8,71.5,22.6,176.0,75.5,24.4
177.2,75.8,24.1,175.1,72.0,23.5
173.4,76.6,25.5,171.6,82.4,28.0
170.1,91.2,31.5,169.3,91.6,32.0
171.1,67.6,23.1,170.4,70.6,24.3
168.7,67.8,23.8,167.4,66.9,23.9
171.7,89.4,30.3,170.3,89.0,30.7
181.6,56.0,17.0,179.4,58.1,18.1
177.3,57.2,18.2,175.7,55.4,18.0
177.0,62.6,20.0,176.2,63.3,20.4
175.3,65.6,21.3,174.2,70.1,23.1
169.0,52.2,18.3,167.5,55.7,19.9
171.3,71.5,24.4,169.9,76.3,26.4
179.0,114.0,35.6,177.1,109.8,35.0
174.7,63.9,20.9,173.0,61.8,20.6
171.8,54.3,18.4,169.4,55.3,19.3
168.1,74.9,26.5,166.8,78.3,28.1
176.6,62.8,20.1,174.2,60.5,19.9
181.2,76.5,23.3,178.9,79.2,24.7
174.9,78.5,25.7,174.0,74.9,24.7
171.0,61.1,20.9,168.8,61.6,21.6
183.0,64.1,19.1,181.2,62.2,19.0
173.3,69.8,23.2,171.2,82.3,28.1
171.1,71.5,24.4,170.2,67.0,23.1
177.6,110.6,35.1,175.4,99.4,32.3
179.8,76.2,23.6,178.9,71.3,22.3
176.9,61.1,19.5,174.5,62.5,20.5
169.3,71.4,24.9,167.8,68.5,24.3
172.7,85.1,28.5,171.7,71.3,24.2
173.2,61.3,20.4,170.8,63.9,21.9
181.3,70.5,21.4,179.3,71.2,22.1
173.5,65.5,21.8,173.1,63.6,21.2
167.3,79.9,28.5,166.4,78.5,28.4
176.5,70.0,22.5,174.7,69.1,22.6
179.7,67.1,20.8,178.3,66.2,20.8
175.0,68.4,22.3,173.0,76.4,25.6
172.4,81.0,27.3,170.5,90.5,31.1
167.3,79.4,28.4,166.3,75.3,27.2
172.0,73.0,24.7,171.4,76.2,25.9
167.7,65.9,23.4,166.7,57.9,20.8
172.1,53.6,18.1,170.5,55.6,19.1
184.3,77.0,22.7,182.0,75.4,22.8
177.0,95.9,30.6,176.5,85.1,27.3
178.2,95.8,30.2,176.6,91.0,29.1
173.1,57.8,19.3,170.9,54.9,18.8
174.4,58.9,19.4,173.3,57.4,19.1
173.6,65.5,21.7,172.9,69.5,23.2
178.4,56.1,17.6,176.7,57.1,18.3
175.5,75.2,24.4,173.4,74.3,24.7
182.3,77.1,23.2,181.4,69.6,21.2
174.4,67.7,22.3,174.1,69.2,22.8
175.7,77.1,25.0,175.1,81.2,26.5
187.4,69.6,19.8,184.7,68.4,20.0
179.9,110.8,34.2,177.9,109.8,34.7
174.7,73.7,24.1,173.2,77.2,25.7
180.1,74.8,23.1,179.3,71.9,22.4
180.6,77.4,23.7,179.7,82.6,25.6
168.4,54.3,19.1,166.0,54.5,19.8
166.9,59.6,21.4,166.8,62.0,22.3
179.9,69.3,21.4,178.1,73.3,23.1
169.8,57.5,19.9,168.5,58.3,20.5
186.7,78.1,22.4,184.3,84.2,24.8
163.6,56.3,21.0,162.8,59.6,22.5
169.8,62.1,21.5,168.0,59.0,20.9
171.2,96.0,32.8,170.2,95.4,32.9
177.7,61.0,19.3,175.8,64.9,21.0
177.5,82.9,26.3,176.1,83.1,26.8
175.7,96.8,31.4,174.2,90.2,29.7
171.9,64.1,21.7,170.3,69.8,24.0
173.3,73.7,24.5,172.8,75.2,25.2
171.9,55.8,18.9,170.6,57.4,19.7
185.9,91.2,26.4,182.9,84.9,25.4
176.3,79.6,25.6,175.0,78.5,25.6
174.3,63.2,20.8,172.1,62.1,21.0
168.2,45.3,16.0,165.5,48.4,17.7
168.7,65.7,23.1,167.1,62.4,22.3
179.3,77.6,24.1,178.2,76.1,23.9
165.4,57.8,21.1,164.4,54.9,20.3
174.0,91.8,30.3,172.4,89.1,30.0
181.2,89.0,27.1,180.2,91.9,28.3
182.9,120.1,35.9,181.0,107.4,32.8
173.6,74.5,24.7,172.5,75.3,25.3
170.9,55.4,19.0,169.9,55.9,19.3
177.4,81.5,25.9,175.5,84.4,27.4
175.4,57.4,18.7,173.0,50.2,16.8
168.0,45.1,16.0,166.4,49.5,17.9
181.6,57.6,17.5,178.8,59.5,18.6
181.5,77.8,23.6,180.3,71.6,22.0
170.6,53.4,18.3,168.7,54.4,19.1
172.6,82.7,27.8,170.8,84.5,28.9
171.1,55.3,18.9,168.9,58.5,20.5
178.5,76.0,23.9,176.7,77.8,24.9
170.6,65.0,22.3,169.1,59.2,20.7
176.0,74.3,24.0,175.0,81.7,26.7
179.0,70.0,21.8,176.5,71.5,22.9
177.1,87.0,27.7,176.3,91.3,29.4
172.3,71.7,24.2,171.5,74.1,25.2
187.5,83.9,23.9,186.3,72.4,20.9
180.8,68.6,21.0,179.9,66.8,20.6
166.7,62.5,22.5,164.8,61.6,22.7
171.8,87.1,29.5,170.9,89.8,30.8
167.5,75.3,26.8,167.4,78.7,28.1
175.6,92.7,30.1,173.5,75.8,25.2
172.3,55.7,18.8,170.1,57.4,19.8
172.9,88.5,29.6,171.3,88.4,30.1
170.8,54.5,18.7,170.3,57.6,19.9
181.4,63.6,19.3,180.5,62.1,19.1
171.2,72.0,24.6,169.4,75.6,26.3
176.8,98.8,31.6,174.8,103.8,34.0
162.0,53.2,20.3,160.9,57.2,22.1
174.4,66.2,21.8,173.1,65.4,21.9
163.8,58.3,21.7,163.1,59.3,22.3
184.4,75.7,22.3,182.1,74.9,22.6
171.2,68.8,23.5,170.1,64.3,22.2
176.4,84.8,27.3,174.9,84.9,27.7
178.1,71.3,22.5,176.4,73.7,23.7
170.9,72.8,24.9,169.3,73.7,25.7
171.0,71.4,24.4,169.4,69.1,24.1
182.3,82.2,24.7,180.8,87.3,26.7
181.7,88.9,26.9,180.1,80.1,24.7
175.2,82.3,26.8,173.5,83.9,27.9
172.5,66.0,22.2,171.1,68.6,23.4
168.9,64.6,22.6,167.9,62.7,22.2
170.4,48.8,16.8,169.0,50.9,17.8
171.5,60.9,20.7,170.3,57.7,19.9
175.5,75.3,24.4,174.2,80.9,26.7
171.5,57.0,19.4,170.2,56.3,19.4
176.3,83.4,26.8,174.1,83.4,27.5
176.0,73.2,23.6,175.1,72.5,23.7
169.2,53.8,18.8,167.0,51.8,18.6
164.1,81.5,30.3,163.2,82.3,30.9
170.6,73.9,25.4,169.3,73.3,25.6
173.4,83.4,27.7,172.8,71.3,23.9
173.7,48.0,15.9,171.7,52.6,17.8
172.4,54.4,18.3,170.9,58.7,20.1
179.2,108.2,33.7,178.4,102.0,32.0
179.8,107.8,33.3,177.2,104.3,33.2
177.7,61.0,19.3,177.3,62.3,19.8
170.6,75.8,26.0,169.4,76.3,26.6
177.0,76.7,24.5,174.8,69.1,22.6
174.1,64.2,21.2,172.9,62.9,21.1
181.6,81.1,24.6,179.9,84.9,26.2
173.4,82.7,27.5,172.5,79.3,26.6
172.0,52.0,17.6,170.8,53.1,18.2
158.6,56.0,22.3,158.4,51.4,20.5
176.0,62.6,20.2,175.2,61.9,20.2
184.5,72.4,21.3,182.7,74.5,22.3
175.9,69.5,22.5,176.0,57.4,18.6
176.4,67.0,21.5,173.9,65.7,21.7
172.4,56.4,19.0,169.8,54.4,18.9
173.4,69.9,23.2,172.7,63.3,21.2
163.9,64.1,23.9,162.2,62.8,23.9
183.9,89.7,26.5,181.1,96.2,29.3
175.1,110.7,36.1,174.6,110.6,36.3
168.4,54.9,19.4,166.8,55.0,19.8
163.4,55.4,20.7,161.3,53.0,20.4
179.1,69.4,21.6,179.1,67.7,21.1
178.4,70.9,22.3,176.3,71.3,22.9
172.3,65.8,22.2,171.2,71.0,24.2
171.2,66.0,22.5,169.5,65.6,22.9
175.1,58.1,18.9,174.3,63.6,21.0
174.1,94.7,31.2,172.3,92.3,31.1
166.3,79.3,28.7,164.5,70.7,26.1
172.2,90.6,30.6,171.6,90.2,30.6
174.1,71.4,23.6,171.8,59.2,20.1
178.0,72.8,23.0,177.7,70.4,22.3
176.6,71.6,23.0,175.5,71.8,23.3
179.4,78.5,24.4,177.5,75.7,24.0
178.5,68.1,21.4,177.5,73.5,23.3
178.5,71.0,22.3,177.8,69.8,22.1
168.6,54.7,19.2,167.0,57.9,20.8
180.4,76.4,23.5,179.3,77.8,24.2
165.9,57.0,20.7,164.5,53.7,19.8
173.4,75.2,25.0,171.8,73.8,25.0
168.7,70.7,24.8,167.3,78.6,28.1
180.6,60.5,18.5,178.2,59.7,18.8
172.4,91.1,30.7,170.9,94.8,32.4
174.6,70.3,23.1,173.6,69.0,22.9
169.2,90.1,31.5,167.3,90.9,32.5
179.6,71.8,22.3,179.0,68.6,21.4
169.7,84.2,29.2,169.7,83.1,28.8
184.3,81.9,24.1,181.6,77.9,23.6
182.3,115.6,34.8,180.2,114.9,35.4
166.3,60.9,22.0,166.0,65.4,23.7
168.0,54.7,19.4,166.0,48.8,17.7
176.5,75.0,24.1,175.7,68.1,22.1
184.3,62.5,18.4,181.8,66.0,20.0
170.0,63.1,21.8,168.8,57.8,20.3
170.0,57.1,19.8,168.1,55.5,19.6
173.2,77.5,25.8,170.6,79.5,27.3
186.1,106.3,30.7,184.6,99.2,29.1
177.2,69.9,22.3,176.2,63.4,20.4
178.1,69.0,21.8,175.4,68.5,22.3
178.3,59.2,18.6,176.3,63.1,20.3
175.4,88.4,28.7,172.8,91.2,30.5
177.8,74.1,23.4,176.3,72.1,23.2
173.1,75.9,25.3,171.1,78.0,26.6
176.9,68.0,21.7,176.0,73.3,23.7
176.2,76.4,24.6,175.4,73.0,23.7
167.6,65.3,23.2,166.5,68.0,24.5
171.9,57.6,19.5,170.1,55.8,19.3
173.4,62.9,20.9,172.6,66.0,22.2
184.9,78.4,22.9,183.7,67.6,20.0
179.4,71.7,22.3,178.3,66.7,21.0
168.0,59.1,20.9,167.6,62.4,22.2
176.8,55.5,17.8,174.3,54.0,17.8
178.6,88.0,27.6,177.6,84.3,26.7
173.9,71.9,23.8,171.6,64.9,22.0
176.2,84.7,27.3,174.8,77.9,25.5
182.9,77.9,23.3,180.6,83.4,25.6
189.1,74.7,20.9,186.0,75.3,21.8
174.1,67.5,22.3,173.7,67.3,22.3
175.1,68.3,22.3,172.8,62.5,20.9
170.9,56.5,19.3,169.5,55.5,19.3
179.8,62.7,19.4,178.1,66.3,20.9
173.5,73.3,24.4,173.5,74.5,24.8
181.6,62.9,19.1,180.4,66.9,20.6
178.0,81.7,25.8,177.1,80.3,25.6
166.8,54.5,19.6,164.8,53.3,19.6
179.3,62.5,19.4,177.8,60.5,19.1
170.2,67.6,23.3,168.4,64.0,22.5
168.1,52.1,18.4,167.1,51.7,18.5
179.8,68.9,21.3,178.4,73.6,23.1
178.8,80.8,25.3,177.2,75.3,24.0
168.7,50.7,17.8,168.3,54.3,19.2
167.0,64.7,23.2,165.4,60.5,22.1
178.6,73.9,23.2,177.2,72.3,23.0
176.3,74.7,24.0,175.5,66.1,21.5
173.3,74.6,24.8,171.8,76.1,25.8
162.5,48.8,18.5,160.3,47.6,18.5
178.6,97.5,30.6,176.9,92.2,29.5
184.0,66.1,19.5,181.5,64.0,19.4
166.8,60.6,21.8,166.2,60.6,21.9
173.0,78.6,26.3,173.0,70.4,23.5
175.1,60.2,19.6,174.7,61.5,20.2
170.3,49.1,16.9,168.1,52.1,18.4
175.1,87.5,28.5,174.8,85.9,28.1
175.9,78.8,25.5,174.6,82.2,26.9
170.3,84.5,29.1,169.9,81.5,28.2
175.1,84.5,27.6,173.4,76.9,25.6
176.4,76.5,24.6,174.8,76.1,24.9
171.5,56.3,19.1,170.3,57.0,19.7
173.8,72.0,23.8,172.1,63.4,21.4
175.9,63.8,20.6,175.3,68.1,22.2
168.7,60.1,21.1,166.6,57.7,20.8
173.1,73.9,24.7,172.5,69.5,23.4
171.1,51.5,17.6,168.5,53.6,18.9
171.6,60.1,20.4,170.0,59.1,20.4
171.3,56.6,19.3,169.3,60.2,21.0
172.3,94.4,31.8,170.7,92.6,31.8
163.6,62.7,23.4,163.6,60.2,22.5
178.3,62.5,19.7,176.7,58.3,18.7
173.1,73.1,24.4,171.9,74.3,25.1
169.1,62.5,21.9,167.6,64.8,23.1
166.8,61.6,22.1,165.3,57.9,21.2
164.1,54.6,20.3,162.4,51.5,19.5
167.1,79.9,28.6,167.0,85.2,30.5
168.3,65.1,23.0,166.7,66.5,23.9
173.1,89.2,29.8,172.1,89.7,30.3
171.6,64.9,22.0,169.7,62.2,21.6
181.1,85.2,26.0,179.5,89.5,27.8
170.5,54.0,18.6,168.5,58.0,20.5
168.1,57.4,20.3,167.3,58.5,20.9
179.5,107.4,33.3,178.8,112.1,35.1
177.2,69.7,22.2,175.4,69.0,22.4
167.3,52.3,18.7,165.6,51.2,18.7
170.9,68.2,23.4,169.9,64.5,22.3
175.7,66.2,21.4,174.2,66.6,21.9
167.9,58.2,20.6,166.8,62.1,22.3
169.0,78.3,27.4,167.9,77.5,27.5
180.0,85.3,26.3,177.4,95.3,30.3
168.5,59.1,20.8,166.4,55.7,20.1
176.3,69.4,22.3,175.6,64.5,20.9
172.1,66.2,22.4,171.4,71.4,24.3
170.4,85.7,29.5,169.9,88.1,30.5
171.7,58.0,19.7,170.5,58.6,20.2
161.6,61.3,23.5,161.4,60.0,23.0
184.0,111.2,32.8,182.3,97.0,29.2
168.7,79.0,27.8,168.2,77.8,27.5
168.5,64.3,22.6,167.5,62.1,22.1
167.4,59.9,21.4,166.4,64.1,23.1
171.5,93.1,31.7,170.4,84.4,29.1
174.4,78.8,25.9,172.7,77.7,26.0
180.0,66.1,20.4,178.0,68.4,21.6
182.1,84.0,25.3,180.6,83.4,25.6
166.0,59.3,21.5,164.4,57.8,21.4
172.6,76.0,25.5,171.8,72.8,24.7
178.0,73.6,23.2,176.3,76.6,24.6
177.3,103.8,33.0,174.9,105.7,34.6
173.3,55.3,18.4,171.8,56.7,19.2
176.5,73.4,23.6,174.3,73.5,24.2
170.7,95.9,32.9,168.8,85.1,29.9
171.8,80.7,27.3,170.2,77.3,26.7
176.2,97.9,31.5,174.1,101.9,33.6
178.5,76.2,23.9,177.0,74.7,23.9
176.2,57.2,18.4,174.2,56.6,18.7
171.3,86.9,29.6,171.1,87.3,29.8
170.7,78.4,26.9,169.8,75.5,26.2
172.9,55.5,18.6,172.3,57.3,19.3
181.1,97.0,29.6,178.4,94.5,29.7
173.6,67.7,22.5,172.1,68.3,23.1
173.6,52.7,17.5,172.2,49.6,16.7
177.2,59.7,19.0,175.7,63.2,20.5
173.4,58.0,19.3,171.7,53.8,18.2
168.0,47.7,16.9,165.8,49.8,18.1
167.3,55.0,19.7,167.2,61.4,21.9
174.0,62.7,20.7,172.0,62.6,21.2
177.1,66.9,21.3,175.3,65.5,21.3
176.6,67.0,21.5,175.6,65.5,21.3
172.5,69.9,23.5,170.9,67.1,23.0
180.4,62.8,19.3,179.7,65.2,20.2
175.2,74.8,24.4,173.6,79.3,26.3
173.9,58.6,19.4,172.7,59.0,19.8
176.9,69.6,22.2,175.9,76.4,24.7
176.5,63.2,20.3,175.5,59.6,19.4
181.0,98.6,30.1,179.7,96.0,29.7
171.4,69.8,23.8,170.2,66.1,22.8
176.3,56.6,18.2,174.2,62.2,20.5
169.8,60.0,20.8,168.7,61.7,21.7
168.6,56.3,19.8,168.0,60.2,21.3
183.9,92.6,27.4,182.2,87.7,26.4
173.6,60.5,20.1,172.6,60.2,20.2
162.9,54.5,20.5,160.8,56.9,22.0
177.8,69.2,21.9,176.1,71.0,22.9
179.8,68.2,21.1,179.2,68.6,21.4
177.5,69.7,22.1,175.0,70.2,22.9
184.4,76.8,22.6,183.3,76.2,22.7
169.1,72.7,25.4,168.4,74.7,26.3
168.3,53.5,18.9,165.9,53.4,19.4
179.7,77.7,24.1,179.1,75.3,23.5
184.0,67.1,19.8,181.2,72.1,22.0
168.4,76.4,26.9,168.4,86.7,30.6
175.9,68.7,22.2,174.6,65.7,21.5
163.6,64.9,24.2,163.4,64.1,24.0
172.9,58.2,19.5,171.5,60.2,20.5
176.9,64.3,20.5,176.4,65.2,20.9
173.7,92.7,30.7,171.9,89.1,30.2
183.1,67.1,20.0,180.6,62.6,19.2
180.7,80.4,24.6,178.6,89.6,28.1
170.5,63.5,21.8,168.9,63.0,22.1
173.8,65.0,21.5,172.3,59.1,19.9
175.3,61.3,19.9,174.0,60.2,19.9
179.4,83.4,25.9,178.3,76.9,24.2
174.0,79.5,26.3,172.1,78.8,26.6
172.4,56.5,19.0,171.8,68.9,23.3
162.5,68.8,26.1,161.7,72.4,27.7
175.7,71.3,23.1,174.3,66.3,21.8
175.7,73.3,23.7,174.9,70.6,23.1
172.2,68.7,23.2,170.8,64.1,22.0
172.3,52.4,17.7,169.9,52.5,18.2
168.9,60.3,21.1,167.7,62.2,22.1
165.9,56.0,20.3,164.6,56.4,20.8
180.3,70.7,21.7,179.4,68.1,21.1
176.2,79.4,25.6,174.4,76.7,25.2
180.0,78.6,24.3,178.8,80.2,25.1
169.9,73.3,25.4,169.6,78.4,27.3
172.0,72.3,24.4,169.6,65.8,22.9
172.2,69.0,23.3,171.3,68.3,23.3
173.8,68.0,22.5,172.5,66.6,22.4
183.8,93.2,27.6,182.1,89.4,27.0
167.8,44.4,15.8,165.7,49.5,18.0
167.3,65.0,23.2,165.8,61.8,22.5
175.6,61.4,19.9,175.1,67.0,21.8
173.6,66.1,21.9,172.4,68.8,23.2
166.3,74.3,26.9,166.4,76.9,27.8
168.5,88.2,31.1,167.9,89.2,31.6
175.0,60.5,19.8,173.3,58.6,19.5
171.8,70.6,23.9,170.0,71.1,24.6
169.5,55.0,19.1,167.9,52.5,18.6
173.0,76.7,25.6,171.5,63.5,21.6
168.7,65.8,23.1,167.9,68.2,24.2
176.8,73.4,23.5,175.8,68.0,22.0
178.7,78.8,24.7,176.6,81.7,26.2
166.0,69.5,25.2,164.7,66.1,24.4
175.7,92.5,30.0,174.6,94.9,31.1
170.7,70.9,24.3,169.4,69.1,24.1
177.0,58.6,18.7,176.4,62.4,20.1
173.5,60.9,20.2,171.7,63.4,21.5
167.0,49.7,17.8,165.8,55.2,20.1
188.8,88.6,24.9,186.1,90.0,26.0
172.6,65.4,22.0,171.9,68.0,23.0
181.4,82.9,25.2,180.4,85.3,26.2
181.1,83.2,25.4,179.0,82.4,25.7
175.1,61.0,19.9,172.9,60.4,20.2
175.1,89.6,29.2,174.5,86.3,28.3
181.2,88.6,27.0,180.4,77.2,23.7
171.5,76.4,26.0,170.0,70.1,24.2
172.1,63.5,21.4,170.0,62.0,21.5
175.0,94.4,30.8,173.7,94.2,31.3
184.6,90.9,26.7,183.3,90.3,26.9
180.9,62.4,19.1,178.7,65.2,20.4
171.7,69.3,23.5,170.3,74.8,25.8
182.0,81.4,24.6,179.6,88.2,27.3
169.3,63.0,22.0,168.9,61.6,21.6
179.2,78.0,24.3,177.3,75.0,23.8
168.0,68.4,24.2,166.9,66.2,23.8
180.4,79.8,24.5,179.5,74.6,23.1
176.3,70.5,22.7,174.7,63.6,20.9
175.6,80.7,26.2,173.5,77.9,25.9
173.9,66.6,22.0,172.7,60.6,20.3
183.4,80.8,24.0,181.6,77.4,23.5
163.7,63.1,23.5,161.7,62.8,24.0
181.8,73.5,22.2,180.1,69.1,21.3
171.7,66.9,22.7,171.1,67.7,23.1
178.3,63.9,20.1,177.3,64.5,20.5
169.4,56.5,19.7,168.0,53.7,19.0
184.5,79.7,23.4,182.3,76.2,22.9
179.8,79.2,24.5,178.7,80.4,25.2
177.9,68.0,21.5,176.1,69.4,22.4
175.6,58.6,19.0,173.4,60.9,20.3
169.4,59.0,20.6,167.9,68.6,24.3
174.4,90.7,29.8,172.2,97.8,33.0
182.5,71.8,21.6,180.4,69.7,21.4
168.8,92.0,32.3,167.6,56.3,20.0
177.8,64.5,20.4,175.8,67.9,22.0
168.0,90.9,32.2,167.5,93.7,33.4
170.8,64.4,22.1,169.7,57.9,20.1
170.8,64.8,22.2,169.8,66.7,23.1
175.7,75.5,24.5,173.9,75.4,24.9
173.5,73.8,24.5,172.2,74.5,25.1
173.0,68.8,23.0,172.0,67.0,22.7
178.2,73.3,23.1,176.8,74.5,23.8
188.2,84.2,23.8,186.9,74.1,21.2
183.0,88.7,26.5,181.2,84.3,25.7
179.2,58.7,18.3,177.9,62.0,19.6
169.2,65.4,22.8,168.3,63.3,22.3
181.1,100.5,30.6,180.0,100.5,31.0
177.0,92.2,29.4,174.8,94.6,31.0
168.6,59.2,20.8,167.6,60.1,21.4
169.9,46.2,16.0,168.3,52.1,18.4
171.1,66.0,22.5,170.1,65.9,22.8
166.3,56.8,20.5,164.2,49.0,18.2
174.2,46.7,15.4,172.0,49.0,16.6
172.2,67.6,22.8,170.4,63.6,21.9
182.5,71.0,21.3,180.8,68.8,21.0
165.9,60.0,21.8,165.1,62.9,23.1
175.3,73.0,23.8,173.8,70.5,23.3
182.6,56.9,17.1,181.3,62.6,19.1
175.6,89.4,29.0,174.4,91.4,30.1
176.5,69.2,22.2,174.6,66.4,21.8
179.0,86.2,26.9,177.1,81.0,25.8
174.9,61.5,20.1,173.7,62.8,20.8
175.9,65.0,21.0,174.6,66.4,21.8
166.0,54.8,19.9,164.5,55.2,20.4
175.0,59.0,19.3,173.2,56.7,18.9
174.5,61.0,20.0,173.1,63.4,21.2
168.8,46.2,16.2,166.9,49.6,17.8
172.9,71.0,23.8,172.0,71.3,24.1
179.2,83.5,26.0,177.8,85.2,27.0
174.1,64.6,21.3,173.3,64.7,21.5
175.9,68.8,22.2,174.6,66.1,21.7
178.4,83.6,26.3,177.0,85.3,27.2
181.9,64.7,19.6,181.4,69.6,21.1
166.2,53.1,19.2,164.6,56.7,20.9
163.3,71.1,26.7,163.4,78.9,29.6
165.8,55.7,20.3,165.3,53.9,19.7
172.2,65.2,22.0,169.8,58.4,20.2
177.4,69.3,22.0,175.8,69.3,22.4
167.7,71.9,25.6,167.7,68.1,24.2
178.9,66.2,20.7,177.5,69.8,22.2
171.7,61.0,20.7,171.3,65.0,22.1
180.8,97.8,29.9,179.5,87.5,27.2
168.1,46.3,16.4,167.0,50.3,18.0
179.9,69.3,21.4,179.5,61.8,19.2
165.3,60.0,22.0,164.7,56.1,20.7
175.4,67.8,22.0,173.7,68.9,22.8
172.6,66.4,22.3,170.3,64.0,22.1
180.8,71.7,21.9,180.1,70.6,21.8
177.7,82.4,26.1,176.0,80.7,26.0
173.7,63.8,21.1,173.0,65.7,21.9
173.8,73.6,24.4,173.1,72.2,24.1
175.5,84.5,27.4,174.6,80.3,26.4
182.5,62.2,18.7,180.2,66.8,20.6
169.9,83.6,29.0,169.6,87.0,30.2
183.7,62.7,18.6,181.6,63.9,19.4
176.5,63.7,20.4,174.4,65.2,21.4
179.7,67.1,20.8,177.6,64.1,20.3
176.1,58.6,18.9,174.0,55.7,18.4
169.0,63.3,22.2,168.7,66.7,23.4
172.0,63.6,21.5,170.6,66.4,22.8
171.7,73.5,24.9,171.1,68.1,23.3
178.1,55.4,17.5,175.9,54.6,17.6
177.7,59.9,19.0,176.8,62.8,20.1
166.1,56.4,20.4,165.0,56.5,20.8
176.8,73.9,23.6,175.1,72.5,23.7
170.0,66.8,23.1,168.8,63.9,22.4
175.5,64.8,21.0,173.6,67.9,22.5
169.7,65.5,22.7,167.8,70.6,25.1
182.5,76.9,23.1,180.7,73.5,22.5
178.9,65.9,20.6,176.8,77.4,24.8
177.6,55.7,17.7,175.2,56.4,18.4
182.7,92.2,27.6,181.5,91.0,27.6
174.9,66.5,21.7,174.1,68.6,22.6
170.6,57.1,19.6,168.3,53.0,18.7
174.7,53.3,17.5,173.4,55.1,18.3
180.8,72.1,22.1,178.8,62.3,19.5
182.9,60.8,18.2,180.8,66.0,20.2
179.9,69.8,21.6,178.2,69.4,21.9
